INVENTORY_ID,CURRENT_PATH,PROPOSED_ACTION,CONSUMERS_FOUND,CONSUMERS,DEPENDENCIES_FOUND,DEPENDENCIES,REFERENCES_IN_COUNT,REFERENCES_IN,REFERENCES_OUT_COUNT,REFERENCES_OUT,PATH_REFERENCES,IDENTIFIER_REFERENCES,REFERENCE_RISK,CONFIDENCE,REQUIRES_HUMAN_REVIEW,NOTES
INV-0001,.gitignore,KEEP,YES,CHANGELOG.md [PATH_REFERENCE; HIGH; line 18] | CKO_CORE_BASELINE_CONSOLIDATION_REPORT.md [PATH_REFERENCE; HIGH; line 106] | CKO_CORE_BASELINE_CONSOLIDATION_REPORT.md [PATH_REFERENCE; HIGH; line 112] | CKO_CORE_BASELINE_CONSOLIDATION_REPORT.md [PATH_REFERENCE; HIGH; line 169] | CKO_CORE_BASELINE_CONSOLIDATION_REPORT.md [PATH_REFERENCE; HIGH; line 189] | CKO_CORE_BASELINE_CONSOLIDATION_REPORT.md [PATH_REFERENCE; HIGH; line 21] | CKO_CORE_BASELINE_CONSOLIDATION_REPORT.md [PATH_REFERENCE; HIGH; line 91] | CKO_CORE_BASELINE_EXECUTION_REPORT.md [PATH_REFERENCE; HIGH; line 20] | CKO_CORE_BASELINE_EXECUTION_REPORT.md [PATH_REFERENCE; HIGH; line 30] | CKO_CORE_BASELINE_EXECUTION_REPORT.md [PATH_REFERENCE; HIGH; line 71] | docs/governance/BASELINE_PREPARATION_REPORT.md [PATH_REFERENCE; HIGH; line 12] | docs/governance/BASELINE_PREPARATION_REPORT.md [PATH_REFERENCE; HIGH; line 19] | docs/governance/BASELINE_PREPARATION_REPORT.md [PATH_REFERENCE; HIGH; line 92] | docs/governance/BASELINE_PREPARATION_REPORT.md [PATH_REFERENCE; HIGH; line 94] | SPR016_IMPLEMENTATION_REPORT.md [PATH_REFERENCE; HIGH; line 63] | SPR017_HOMOLOGATION_REPORT.md [PATH_REFERENCE; HIGH; line 15] | SPR017_IMPLEMENTATION_REPORT.md [PATH_REFERENCE; HIGH; line 11] | SPR017_TECHNICAL_SPECIFICATION_AUDIT.md [PATH_REFERENCE; HIGH; line 19] | SPR017E_NOVA_AUDITORIA_FORMAL.md [PATH_REFERENCE; HIGH; line 76] | SPR017G_VERIFICACAO_FINAL.md [PATH_REFERENCE; HIGH; line 65],YES,DOCUMENTARY_DEPENDENCY,20,CHANGELOG.md [PATH_REFERENCE; HIGH; line 18] | CKO_CORE_BASELINE_CONSOLIDATION_REPORT.md [PATH_REFERENCE; HIGH; line 106] | CKO_CORE_BASELINE_CONSOLIDATION_REPORT.md [PATH_REFERENCE; HIGH; line 112] | CKO_CORE_BASELINE_CONSOLIDATION_REPORT.md [PATH_REFERENCE; HIGH; line 169] | CKO_CORE_BASELINE_CONSOLIDATION_REPORT.md [PATH_REFERENCE; HIGH; line 189] | CKO_CORE_BASELINE_CONSOLIDATION_REPORT.md [PATH_REFERENCE; HIGH; line 21] | CKO_CORE_BASELINE_CONSOLIDATION_REPORT.md [PATH_REFERENCE; HIGH; line 91] | CKO_CORE_BASELINE_EXECUTION_REPORT.md [PATH_REFERENCE; HIGH; line 20] | CKO_CORE_BASELINE_EXECUTION_REPORT.md [PATH_REFERENCE; HIGH; line 30] | CKO_CORE_BASELINE_EXECUTION_REPORT.md [PATH_REFERENCE; HIGH; line 71] | docs/governance/BASELINE_PREPARATION_REPORT.md [PATH_REFERENCE; HIGH; line 12] | docs/governance/BASELINE_PREPARATION_REPORT.md [PATH_REFERENCE; HIGH; line 19] | docs/governance/BASELINE_PREPARATION_REPORT.md [PATH_REFERENCE; HIGH; line 92] | docs/governance/BASELINE_PREPARATION_REPORT.md [PATH_REFERENCE; HIGH; line 94] | SPR016_IMPLEMENTATION_REPORT.md [PATH_REFERENCE; HIGH; line 63] | SPR017_HOMOLOGATION_REPORT.md [PATH_REFERENCE; HIGH; line 15] | SPR017_IMPLEMENTATION_REPORT.md [PATH_REFERENCE; HIGH; line 11] | SPR017_TECHNICAL_SPECIFICATION_AUDIT.md [PATH_REFERENCE; HIGH; line 19] | SPR017E_NOVA_AUDITORIA_FORMAL.md [PATH_REFERENCE; HIGH; line 76] | SPR017G_VERIFICACAO_FINAL.md [PATH_REFERENCE; HIGH; line 65],1,.vscode/settings.json [PATH_REFERENCE; HIGH; line 17],21,0,MEDIUM_REFERENCE_RISK,HIGH,NO,Confirmed HIGH/MEDIUM references recorded in AUD-004 reference matrix.
INV-0002,.vscode/extensions.json,HOLD,YES,CKO_CORE_BASELINE_CONSOLIDATION_REPORT.md [PATH_REFERENCE; HIGH; line 106] | CKO_CORE_BASELINE_CONSOLIDATION_REPORT.md [PATH_REFERENCE; HIGH; line 191] | CKO_CORE_BASELINE_EXECUTION_REPORT.md [PATH_REFERENCE; HIGH; line 635] | docs/audits/documentation/AUD-001_WORKING_TREE_CONSOLIDATION_AUDIT.md [PATH_REFERENCE; HIGH; line 77] | docs/governance/BASELINE_PREPARATION_REPORT.md [FILENAME_REFERENCE; MEDIUM; line 103] | docs/governance/BASELINE_PREPARATION_REPORT.md [PATH_REFERENCE; HIGH; line 26] | docs/governance/GOV-008_CYCLE_II_INSTITUTIONAL_RECONCILIATION.md [PATH_REFERENCE; HIGH; line 248],YES,DOCUMENTARY_DEPENDENCY,7,CKO_CORE_BASELINE_CONSOLIDATION_REPORT.md [PATH_REFERENCE; HIGH; line 106] | CKO_CORE_BASELINE_CONSOLIDATION_REPORT.md [PATH_REFERENCE; HIGH; line 191] | CKO_CORE_BASELINE_EXECUTION_REPORT.md [PATH_REFERENCE; HIGH; line 635] | docs/audits/documentation/AUD-001_WORKING_TREE_CONSOLIDATION_AUDIT.md [PATH_REFERENCE; HIGH; line 77] | docs/governance/BASELINE_PREPARATION_REPORT.md [FILENAME_REFERENCE; MEDIUM; line 103] | docs/governance/BASELINE_PREPARATION_REPORT.md [PATH_REFERENCE; HIGH; line 26] | docs/governance/GOV-008_CYCLE_II_INSTITUTIONAL_RECONCILIATION.md [PATH_REFERENCE; HIGH; line 248],0,NO_VERIFIED_REFERENCE,7,0,MEDIUM_REFERENCE_RISK,HIGH,YES,"Confirmed HIGH/MEDIUM references recorded in AUD-004 reference matrix. HOLD preserved; retention, authority, and disposition remain for human review."
INV-0003,.vscode/settings.json,HOLD,YES,.gitignore [PATH_REFERENCE; HIGH; line 17] | CKO_CORE_BASELINE_CONSOLIDATION_REPORT.md [PATH_REFERENCE; HIGH; line 106] | CKO_CORE_BASELINE_CONSOLIDATION_REPORT.md [PATH_REFERENCE; HIGH; line 86] | CKO_CORE_BASELINE_EXECUTION_REPORT.md [PATH_REFERENCE; HIGH; line 644] | docs/governance/BASELINE_PREPARATION_REPORT.md [FILENAME_REFERENCE; MEDIUM; line 103] | docs/governance/BASELINE_PREPARATION_REPORT.md [PATH_REFERENCE; HIGH; line 98],YES,DOCUMENTARY_DEPENDENCY,6,.gitignore [PATH_REFERENCE; HIGH; line 17] | CKO_CORE_BASELINE_CONSOLIDATION_REPORT.md [PATH_REFERENCE; HIGH; line 106] | CKO_CORE_BASELINE_CONSOLIDATION_REPORT.md [PATH_REFERENCE; HIGH; line 86] | CKO_CORE_BASELINE_EXECUTION_REPORT.md [PATH_REFERENCE; HIGH; line 644] | docs/governance/BASELINE_PREPARATION_REPORT.md [FILENAME_REFERENCE; MEDIUM; line 103] | docs/governance/BASELINE_PREPARATION_REPORT.md [PATH_REFERENCE; HIGH; line 98],0,NO_VERIFIED_REFERENCE,6,0,MEDIUM_REFERENCE_RISK,HIGH,YES,"Confirmed HIGH/MEDIUM references recorded in AUD-004 reference matrix. HOLD preserved; retention, authority, and disposition remain for human review."
INV-0004,.vscode/tasks.json,HOLD,YES,CKO_CORE_BASELINE_CONSOLIDATION_REPORT.md [PATH_REFERENCE; HIGH; line 106] | CKO_CORE_BASELINE_CONSOLIDATION_REPORT.md [PATH_REFERENCE; HIGH; line 192] | CKO_CORE_BASELINE_EXECUTION_REPORT.md [PATH_REFERENCE; HIGH; line 636] | docs/audits/documentation/AUD-001_WORKING_TREE_CONSOLIDATION_AUDIT.md [PATH_REFERENCE; HIGH; line 78] | docs/governance/BASELINE_PREPARATION_REPORT.md [FILENAME_REFERENCE; MEDIUM; line 103] | docs/governance/BASELINE_PREPARATION_REPORT.md [PATH_REFERENCE; HIGH; line 27] | docs/governance/GOV-008_CYCLE_II_INSTITUTIONAL_RECONCILIATION.md [PATH_REFERENCE; HIGH; line 249],YES,DOCUMENTARY_DEPENDENCY,7,CKO_CORE_BASELINE_CONSOLIDATION_REPORT.md [PATH_REFERENCE; HIGH; line 106] | CKO_CORE_BASELINE_CONSOLIDATION_REPORT.md [PATH_REFERENCE; HIGH; line 192] | CKO_CORE_BASELINE_EXECUTION_REPORT.md [PATH_REFERENCE; HIGH; line 636] | docs/audits/documentation/AUD-001_WORKING_TREE_CONSOLIDATION_AUDIT.md [PATH_REFERENCE; HIGH; line 78] | docs/governance/BASELINE_PREPARATION_REPORT.md [FILENAME_REFERENCE; MEDIUM; line 103] | docs/governance/BASELINE_PREPARATION_REPORT.md [PATH_REFERENCE; HIGH; line 27] | docs/governance/GOV-008_CYCLE_II_INSTITUTIONAL_RECONCILIATION.md [PATH_REFERENCE; HIGH; line 249],0,NO_VERIFIED_REFERENCE,7,0,MEDIUM_REFERENCE_RISK,HIGH,YES,"Confirmed HIGH/MEDIUM references recorded in AUD-004 reference matrix. HOLD preserved; retention, authority, and disposition remain for human review."
INV-0005,advanced_engine.py,KEEP,YES,CKO_CORE_BASELINE_CONSOLIDATION_REPORT.md [PATH_REFERENCE; HIGH; line 299] | CKO_CORE_BASELINE_EXECUTION_REPORT.md [PATH_REFERENCE; HIGH; line 109] | docs/governance/BASELINE_PREPARATION_REPORT.md [PATH_REFERENCE; HIGH; line 35] | SPR007B_ADVANCED_ENGINE.ps1 [PATH_REFERENCE; HIGH; line 132] | SPR007B_ADVANCED_ENGINE.ps1 [PATH_REFERENCE; HIGH; line 134] | SPR007B_ADVANCED_ENGINE.ps1 [PATH_REFERENCE; HIGH; line 172] | SPR017E_NOVA_AUDITORIA_FORMAL.md [PATH_REFERENCE; HIGH; line 79],YES,DOCUMENTARY_DEPENDENCY | OPERATIONAL_DEPENDENCY,7,CKO_CORE_BASELINE_CONSOLIDATION_REPORT.md [PATH_REFERENCE; HIGH; line 299] | CKO_CORE_BASELINE_EXECUTION_REPORT.md [PATH_REFERENCE; HIGH; line 109] | docs/governance/BASELINE_PREPARATION_REPORT.md [PATH_REFERENCE; HIGH; line 35] | SPR007B_ADVANCED_ENGINE.ps1 [PATH_REFERENCE; HIGH; line 132] | SPR007B_ADVANCED_ENGINE.ps1 [PATH_REFERENCE; HIGH; line 134] | SPR007B_ADVANCED_ENGINE.ps1 [PATH_REFERENCE; HIGH; line 172] | SPR017E_NOVA_AUDITORIA_FORMAL.md [PATH_REFERENCE; HIGH; line 79],9,logs/SPR007B_BOOTSTRAP.log [FILENAME_REFERENCE; MEDIUM; line 306] | logs/SPR007B_ENGINE.log [FILENAME_REFERENCE; MEDIUM; line 307] | logs/SPR007B_ENGINE.log [FILENAME_REFERENCE; MEDIUM; line 578] | reports/SPR007B_ADVANCED_REPORT.json [FILENAME_REFERENCE; MEDIUM; line 309] | reports/SPR007B_ADVANCED_REPORT.json [FILENAME_REFERENCE; MEDIUM; line 609] | reports/SPR007B_ADVANCED_REPORT.json [FILENAME_REFERENCE; MEDIUM; line 636] | reports/SPR007B_ADVANCED_REPORT.md [FILENAME_REFERENCE; MEDIUM; line 308] | reports/SPR007B_ADVANCED_REPORT.md [FILENAME_REFERENCE; MEDIUM; line 608] | reports/SPR007B_ADVANCED_REPORT.md [FILENAME_REFERENCE; MEDIUM; line 635],16,0,MEDIUM_REFERENCE_RISK,HIGH,NO,Confirmed HIGH/MEDIUM references recorded in AUD-004 reference matrix.
INV-0006,ARCH-001_CKO_CORE_MASTER_ARCHITECTURE.md,MOVE,YES,CKO_CORE_BASELINE_CONSOLIDATION_REPORT.md [PATH_REFERENCE; HIGH; line 125] | CKO_CORE_BASELINE_CONSOLIDATION_REPORT.md [PATH_REFERENCE; HIGH; line 193] | CKO_CORE_BASELINE_EXECUTION_REPORT.md [PATH_REFERENCE; HIGH; line 561] | docs/adr/ADR-006_FEDERATED_CATALOG_AUTHORITY.md [PATH_REFERENCE; HIGH; line 576] | docs/arquitetura/CKO-ARCH-002_ECOSYSTEM_EVOLUTION_ARCHITECTURE.md [PATH_REFERENCE; HIGH; line 648] | docs/governance/GOV-006_PROJECT_DOSSIER.md [PATH_REFERENCE; HIGH; line 701] | docs/governance/GOV-007_REPOSITORY_CANONICAL_ORGANIZATION.md [PATH_REFERENCE; HIGH; line 412] | docs/governance/GOV-007_REPOSITORY_CANONICAL_ORGANIZATION.md [PATH_REFERENCE; HIGH; line 849] | docs/governance/OPS-004_REPOSITORY_CANONICAL_MIGRATION_PLAN.md [PATH_REFERENCE; HIGH; line 66] | docs/rfc/RFC-002_FEDERATED_CATALOG_PROTOCOL.md [PATH_REFERENCE; HIGH; line 764],YES,DOCUMENTARY_DEPENDENCY,11,CKO_CORE_BASELINE_CONSOLIDATION_REPORT.md [PATH_REFERENCE; HIGH; line 125] | CKO_CORE_BASELINE_CONSOLIDATION_REPORT.md [PATH_REFERENCE; HIGH; line 193] | CKO_CORE_BASELINE_EXECUTION_REPORT.md [PATH_REFERENCE; HIGH; line 561] | docs/adr/ADR-006_FEDERATED_CATALOG_AUTHORITY.md [PATH_REFERENCE; HIGH; line 576] | docs/arquitetura/CKO-ARCH-002_ECOSYSTEM_EVOLUTION_ARCHITECTURE.md [PATH_REFERENCE; HIGH; line 648] | docs/governance/GOV-006_PROJECT_DOSSIER.md [PATH_REFERENCE; HIGH; line 701] | docs/governance/GOV-007_REPOSITORY_CANONICAL_ORGANIZATION.md [PATH_REFERENCE; HIGH; line 412] | docs/governance/GOV-007_REPOSITORY_CANONICAL_ORGANIZATION.md [PATH_REFERENCE; HIGH; line 849] | docs/governance/OPS-004_REPOSITORY_CANONICAL_MIGRATION_PLAN.md [PATH_REFERENCE; HIGH; line 66] | docs/rfc/RFC-002_FEDERATED_CATALOG_PROTOCOL.md [PATH_REFERENCE; HIGH; line 764],44,CKO_BUILD.cmd [PATH_REFERENCE; HIGH; line 288] | CKO_BUILD.cmd [PATH_REFERENCE; HIGH; line 582] | CKO_CLEAN.cmd [PATH_REFERENCE; HIGH; line 286] | CKO_CLEAN.cmd [PATH_REFERENCE; HIGH; line 582] | CKO_RUNTIME.cmd [PATH_REFERENCE; HIGH; line 289] | CKO_RUNTIME.cmd [PATH_REFERENCE; HIGH; line 583] | CKO_TESTS.cmd [PATH_REFERENCE; HIGH; line 287] | CKO_TESTS.cmd [PATH_REFERENCE; HIGH; line 582] | docs/adr/ADR-001_MONOLITO_MODULAR_INCREMENTAL.md [IDENTIFIER_REFERENCE; MEDIUM; line 1258] | docs/adr/ADR-002_IDENTIDADE_DOCUMENTAL.md [IDENTIFIER_REFERENCE; MEDIUM; line 1259] | docs/adr/ADR-003_PRESERVACAO_DO_LEGADO.md [IDENTIFIER_REFERENCE; MEDIUM; line 1260] | docs/adr/ADR-004_BANCO_CANONICO_SEPARADO.md [IDENTIFIER_REFERENCE; MEDIUM; line 1261] | docs/decisoes/ADR-005A-001_PERSISTENCIA_ADITIVA.md [IDENTIFIER_REFERENCE; MEDIUM; line 1262] | pyproject.toml [PATH_REFERENCE; HIGH; line 574] | pyproject.toml [PATH_REFERENCE; HIGH; line 584] | SPR008A_IMPLEMENTATION_REPORT.md [IDENTIFIER_REFERENCE; MEDIUM; line 1159] | SPR008A_IMPLEMENTATION_REPORT.md [IDENTIFIER_REFERENCE; MEDIUM; line 141] | SPR008A_IMPLEMENTATION_REPORT.md [IDENTIFIER_REFERENCE; MEDIUM; line 8] | SPR008B_IMPLEMENTATION_REPORT.md [IDENTIFIER_REFERENCE; MEDIUM; line 1160] | SPR008C_IMPLEMENTATION_REPORT.md [IDENTIFIER_REFERENCE; MEDIUM; line 1161] | SPR008D_IMPLEMENTATION_REPORT.md [IDENTIFIER_REFERENCE; MEDIUM; line 1162] | SPR008E_IMPLEMENTATION_REPORT.md [IDENTIFIER_REFERENCE; MEDIUM; line 1163] | SPR008F_IMPLEMENTATION_REPORT.md [IDENTIFIER_REFERENCE; MEDIUM; line 1164] | SPR008G_IMPLEMENTATION_REPORT.md [IDENTIFIER_REFERENCE; MEDIUM; line 1165] | SPR008H_IMPLEMENTATION_REPORT.md [IDENTIFIER_REFERENCE; MEDIUM; line 1166] | SPR008I_IMPLEMENTATION_REPORT.md [IDENTIFIER_REFERENCE; MEDIUM; line 1167] | SPR008J_IMPLEMENTATION_REPORT.md [IDENTIFIER_REFERENCE; MEDIUM; line 1168] | SPR008K_IMPLEMENTATION_REPORT.md [IDENTIFIER_REFERENCE; MEDIUM; line 1169] | SPR008L_IMPLEMENTATION_REPORT.md [IDENTIFIER_REFERENCE; MEDIUM; line 1170] | SPR008M_IMPLEMENTATION_REPORT.md [IDENTIFIER_REFERENCE; MEDIUM; line 1171] | SPR008M_IMPLEMENTATION_REPORT.md [IDENTIFIER_REFERENCE; MEDIUM; line 461] | SPR008N_IMPLEMENTATION_REPORT.md [IDENTIFIER_REFERENCE; MEDIUM; line 1172] | SPR008O_IMPLEMENTATION_REPORT.md [IDENTIFIER_REFERENCE; MEDIUM; line 1173] | SPR008O_IMPLEMENTATION_REPORT.md [IDENTIFIER_REFERENCE; MEDIUM; line 463] | SPR008P_IMPLEMENTATION_REPORT.md [IDENTIFIER_REFERENCE; MEDIUM; line 1175] | SPR008Q_IMPLEMENTATION_REPORT.md [IDENTIFIER_REFERENCE; MEDIUM; line 10] | SPR008Q_IMPLEMENTATION_REPORT.md [IDENTIFIER_REFERENCE; MEDIUM; line 1176] | SPR008Q_IMPLEMENTATION_REPORT.md [IDENTIFIER_REFERENCE; MEDIUM; line 1459] | SPR008Q_IMPLEMENTATION_REPORT.md [IDENTIFIER_REFERENCE; MEDIUM; line 1475] | SPR008Q_IMPLEMENTATION_REPORT.md [IDENTIFIER_REFERENCE; MEDIUM; line 158] | SPR008Q_IMPLEMENTATION_REPORT.md [IDENTIFIER_REFERENCE; MEDIUM; line 20] | SPR008Q_IMPLEMENTATION_REPORT.md [IDENTIFIER_REFERENCE; MEDIUM; line 26] | SPR008Q_IMPLEMENTATION_REPORT.md [IDENTIFIER_REFERENCE; MEDIUM; line 8] | SPR008R_IMPLEMENTATION_REPORT.md [IDENTIFIER_REFERENCE; MEDIUM; line 1189],21,34,HIGH_REFERENCE_RISK,HIGH,YES,Confirmed HIGH/MEDIUM references recorded in AUD-004 reference matrix.
INV-0007,ARCH-001_CKO_CORE_MASTER_ARCHITECTURE_v1.1.md,MOVE,YES,CKO_CORE_BASELINE_CONSOLIDATION_REPORT.md [PATH_REFERENCE; HIGH; line 194] | CKO_CORE_BASELINE_EXECUTION_REPORT.md [PATH_REFERENCE; HIGH; line 562] | docs/governance/GOV-006_PROJECT_DOSSIER.md [PATH_REFERENCE; HIGH; line 702] | docs/governance/OPS-004_REPOSITORY_CANONICAL_MIGRATION_PLAN.md [PATH_REFERENCE; HIGH; line 67] | SPR009_ARCHITECTURE_CERTIFICATION_REPORT.md [PATH_REFERENCE; HIGH; line 5],YES,DOCUMENTARY_DEPENDENCY,6,CKO_CORE_BASELINE_CONSOLIDATION_REPORT.md [PATH_REFERENCE; HIGH; line 194] | CKO_CORE_BASELINE_EXECUTION_REPORT.md [PATH_REFERENCE; HIGH; line 562] | docs/governance/GOV-006_PROJECT_DOSSIER.md [PATH_REFERENCE; HIGH; line 702] | docs/governance/OPS-004_REPOSITORY_CANONICAL_MIGRATION_PLAN.md [PATH_REFERENCE; HIGH; line 67] | SPR009_ARCHITECTURE_CERTIFICATION_REPORT.md [PATH_REFERENCE; HIGH; line 5],49,CKO_BUILD.cmd [PATH_REFERENCE; HIGH; line 310] | CKO_CLEAN.cmd [PATH_REFERENCE; HIGH; line 308] | CKO_RUNTIME.cmd [PATH_REFERENCE; HIGH; line 311] | CKO_TESTS.cmd [PATH_REFERENCE; HIGH; line 309] | docs/adr/ADR-001_MONOLITO_MODULAR_INCREMENTAL.md [IDENTIFIER_REFERENCE; MEDIUM; line 864] | docs/adr/ADR-002_IDENTIDADE_DOCUMENTAL.md [IDENTIFIER_REFERENCE; MEDIUM; line 865] | docs/adr/ADR-003_PRESERVACAO_DO_LEGADO.md [IDENTIFIER_REFERENCE; MEDIUM; line 866] | docs/adr/ADR-004_BANCO_CANONICO_SEPARADO.md [IDENTIFIER_REFERENCE; MEDIUM; line 867] | docs/decisoes/ADR-005A-001_PERSISTENCIA_ADITIVA.md [IDENTIFIER_REFERENCE; MEDIUM; line 868] | SPR008A_IMPLEMENTATION_REPORT.md [IDENTIFIER_REFERENCE; MEDIUM; line 115] | SPR008A_IMPLEMENTATION_REPORT.md [IDENTIFIER_REFERENCE; MEDIUM; line 304] | SPR008A_IMPLEMENTATION_REPORT.md [IDENTIFIER_REFERENCE; MEDIUM; line 682] | SPR008A_IMPLEMENTATION_REPORT.md [IDENTIFIER_REFERENCE; MEDIUM; line 790] | SPR008A_IMPLEMENTATION_REPORT.md [IDENTIFIER_REFERENCE; MEDIUM; line 8] | SPR008A_IMPLEMENTATION_REPORT.md [IDENTIFIER_REFERENCE; MEDIUM; line 977] | SPR008A_IMPLEMENTATION_REPORT.md [IDENTIFIER_REFERENCE; MEDIUM; line 996] | SPR008B_IMPLEMENTATION_REPORT.md [IDENTIFIER_REFERENCE; MEDIUM; line 791] | SPR008C_IMPLEMENTATION_REPORT.md [IDENTIFIER_REFERENCE; MEDIUM; line 792] | SPR008D_IMPLEMENTATION_REPORT.md [IDENTIFIER_REFERENCE; MEDIUM; line 793] | SPR008E_IMPLEMENTATION_REPORT.md [IDENTIFIER_REFERENCE; MEDIUM; line 794] | SPR008F_IMPLEMENTATION_REPORT.md [IDENTIFIER_REFERENCE; MEDIUM; line 795] | SPR008G_IMPLEMENTATION_REPORT.md [IDENTIFIER_REFERENCE; MEDIUM; line 796] | SPR008H_IMPLEMENTATION_REPORT.md [IDENTIFIER_REFERENCE; MEDIUM; line 797] | SPR008I_IMPLEMENTATION_REPORT.md [IDENTIFIER_REFERENCE; MEDIUM; line 798] | SPR008J_IMPLEMENTATION_REPORT.md [IDENTIFIER_REFERENCE; MEDIUM; line 799] | SPR008K_IMPLEMENTATION_REPORT.md [IDENTIFIER_REFERENCE; MEDIUM; line 800] | SPR008L_IMPLEMENTATION_REPORT.md [IDENTIFIER_REFERENCE; MEDIUM; line 801] | SPR008M_IMPLEMENTATION_REPORT.md [IDENTIFIER_REFERENCE; MEDIUM; line 802] | SPR008N_IMPLEMENTATION_REPORT.md [IDENTIFIER_REFERENCE; MEDIUM; line 803] | SPR008O_IMPLEMENTATION_REPORT.md [IDENTIFIER_REFERENCE; MEDIUM; line 804] | SPR008P_IMPLEMENTATION_REPORT.md [IDENTIFIER_REFERENCE; MEDIUM; line 806] | SPR008Q_IMPLEMENTATION_REPORT.md [IDENTIFIER_REFERENCE; MEDIUM; line 807] | SPR008Q_IMPLEMENTATION_REPORT.md [IDENTIFIER_REFERENCE; MEDIUM; line 976] | SPR008R_IMPLEMENTATION_REPORT.md [IDENTIFIER_REFERENCE; MEDIUM; line 438] | SPR008R_IMPLEMENTATION_REPORT.md [IDENTIFIER_REFERENCE; MEDIUM; line 773] | SPR008R_IMPLEMENTATION_REPORT.md [IDENTIFIER_REFERENCE; MEDIUM; line 808] | SPR008S_IMPLEMENTATION_REPORT.md [IDENTIFIER_REFERENCE; MEDIUM; line 464] | SPR008S_IMPLEMENTATION_REPORT.md [IDENTIFIER_REFERENCE; MEDIUM; line 774] | SPR008S_IMPLEMENTATION_REPORT.md [IDENTIFIER_REFERENCE; MEDIUM; line 809] | SPR008T_IMPLEMENTATION_REPORT.md [IDENTIFIER_REFERENCE; MEDIUM; line 10] | SPR008T_IMPLEMENTATION_REPORT.md [IDENTIFIER_REFERENCE; MEDIUM; line 125] | SPR008T_IMPLEMENTATION_REPORT.md [IDENTIFIER_REFERENCE; MEDIUM; line 19] | SPR008T_IMPLEMENTATION_REPORT.md [IDENTIFIER_REFERENCE; MEDIUM; line 26] | SPR008T_IMPLEMENTATION_REPORT.md [IDENTIFIER_REFERENCE; MEDIUM; line 40] | SPR008T_IMPLEMENTATION_REPORT.md [IDENTIFIER_REFERENCE; MEDIUM; line 493] | SPR008T_IMPLEMENTATION_REPORT.md [IDENTIFIER_REFERENCE; MEDIUM; line 775] | SPR008T_IMPLEMENTATION_REPORT.md [IDENTIFIER_REFERENCE; MEDIUM; line 810] | SPR008T_IMPLEMENTATION_REPORT.md [IDENTIFIER_REFERENCE; MEDIUM; line 8] | SPR008T_IMPLEMENTATION_REPORT.md [IDENTIFIER_REFERENCE; MEDIUM; line 996],10,45,HIGH_REFERENCE_RISK,HIGH,YES,Confirmed HIGH/MEDIUM references recorded in AUD-004 reference matrix.
INV-0008,ARCH-001_CKO_CORE_MASTER_ARCHITECTURE_v1.2.md,MOVE,YES,CKO_CORE_BASELINE_CONSOLIDATION_REPORT.md [PATH_REFERENCE; HIGH; line 123] | CKO_CORE_BASELINE_CONSOLIDATION_REPORT.md [PATH_REFERENCE; HIGH; line 195] | CKO_CORE_BASELINE_EXECUTION_REPORT.md [PATH_REFERENCE; HIGH; line 563] | docs/governance/GOV-006_PROJECT_DOSSIER.md [PATH_REFERENCE; HIGH; line 703] | docs/governance/OPS-004_REPOSITORY_CANONICAL_MIGRATION_PLAN.md [PATH_REFERENCE; HIGH; line 68] | docs/sprints/SPR-018_TERMO_DE_ABERTURA.md [PATH_REFERENCE; HIGH; line 188] | README.md [PATH_REFERENCE; HIGH; line 15] | SPR009A_IMPLEMENTATION_REPORT.md [PATH_REFERENCE; HIGH; line 115] | SPR017_TECHNICAL_SPECIFICATION.md [PATH_REFERENCE; HIGH; line 47] | SPR017E_NOVA_AUDITORIA_FORMAL.md [PATH_REFERENCE; HIGH; line 54] | SPR018_DISCOVERY_AND_SCOPE.md [PATH_REFERENCE; HIGH; line 23],YES,DOCUMENTARY_DEPENDENCY,12,CKO_CORE_BASELINE_CONSOLIDATION_REPORT.md [PATH_REFERENCE; HIGH; line 123] | CKO_CORE_BASELINE_CONSOLIDATION_REPORT.md [PATH_REFERENCE; HIGH; line 195] | CKO_CORE_BASELINE_EXECUTION_REPORT.md [PATH_REFERENCE; HIGH; line 563] | docs/governance/GOV-006_PROJECT_DOSSIER.md [PATH_REFERENCE; HIGH; line 703] | docs/governance/OPS-004_REPOSITORY_CANONICAL_MIGRATION_PLAN.md [PATH_REFERENCE; HIGH; line 68] | docs/sprints/SPR-018_TERMO_DE_ABERTURA.md [PATH_REFERENCE; HIGH; line 188] | README.md [PATH_REFERENCE; HIGH; line 15] | SPR009A_IMPLEMENTATION_REPORT.md [PATH_REFERENCE; HIGH; line 115] | SPR017_TECHNICAL_SPECIFICATION.md [PATH_REFERENCE; HIGH; line 47] | SPR017E_NOVA_AUDITORIA_FORMAL.md [PATH_REFERENCE; HIGH; line 54] | SPR018_DISCOVERY_AND_SCOPE.md [PATH_REFERENCE; HIGH; line 23],23,CKO_BUILD.cmd [PATH_REFERENCE; HIGH; line 482] | CKO_CORE_V1_EXCEPTION_HIERARCHY.md [PATH_REFERENCE; HIGH; line 495] | docs/sprint/CKO-SPR-005A_TERMO_OFICIAL.md [IDENTIFIER_REFERENCE; MEDIUM; line 540] | pyproject.toml [PATH_REFERENCE; HIGH; line 380] | requirements.txt [PATH_REFERENCE; HIGH; line 416] | SPR008A_IMPLEMENTATION_REPORT.md [IDENTIFIER_REFERENCE; MEDIUM; line 16] | SPR008A_IMPLEMENTATION_REPORT.md [IDENTIFIER_REFERENCE; MEDIUM; line 548] | SPR008C_IMPLEMENTATION_REPORT.md [IDENTIFIER_REFERENCE; MEDIUM; line 549] | SPR008D_IMPLEMENTATION_REPORT.md [IDENTIFIER_REFERENCE; MEDIUM; line 550] | SPR008O_IMPLEMENTATION_REPORT.md [IDENTIFIER_REFERENCE; MEDIUM; line 551] | SPR008R_IMPLEMENTATION_REPORT.md [IDENTIFIER_REFERENCE; MEDIUM; line 552] | SPR008T_IMPLEMENTATION_REPORT.md [IDENTIFIER_REFERENCE; MEDIUM; line 573] | SPR008V_IMPLEMENTATION_REPORT.md [IDENTIFIER_REFERENCE; MEDIUM; line 553] | SPR009A_IMPLEMENTATION_REPORT.md [IDENTIFIER_REFERENCE; MEDIUM; line 17] | SPR009A_IMPLEMENTATION_REPORT.md [IDENTIFIER_REFERENCE; MEDIUM; line 528] | SPR009A_IMPLEMENTATION_REPORT.md [IDENTIFIER_REFERENCE; MEDIUM; line 542] | SPR009A_IMPLEMENTATION_REPORT.md [IDENTIFIER_REFERENCE; MEDIUM; line 556] | SPR009A_IMPLEMENTATION_REPORT.md [IDENTIFIER_REFERENCE; MEDIUM; line 601] | SPR009A_IMPLEMENTATION_REPORT.md [IDENTIFIER_REFERENCE; MEDIUM; line 606] | SPR009A_IMPLEMENTATION_REPORT.md [IDENTIFIER_REFERENCE; MEDIUM; line 8] | SPR010_IMPLEMENTATION_REPORT.md [IDENTIFIER_REFERENCE; MEDIUM; line 557] | SPR010_IMPLEMENTATION_REPORT.md [IDENTIFIER_REFERENCE; MEDIUM; line 606] | src/cko.egg-info/PKG-INFO [FILENAME_REFERENCE; MEDIUM; line 380],17,18,HIGH_REFERENCE_RISK,HIGH,YES,Confirmed HIGH/MEDIUM references recorded in AUD-004 reference matrix.
INV-0009,ARQUITETURA_ATUAL.txt,MOVE,YES,CKO_CORE_BASELINE_CONSOLIDATION_REPORT.md [PATH_REFERENCE; HIGH; line 196] | CKO_CORE_BASELINE_EXECUTION_REPORT.md [PATH_REFERENCE; HIGH; line 564] | docs/governance/BASELINE_PREPARATION_REPORT.md [PATH_REFERENCE; HIGH; line 28] | docs/governance/OPS-004_REPOSITORY_CANONICAL_MIGRATION_PLAN.md [PATH_REFERENCE; HIGH; line 22] | docs/governance/OPS-004_REPOSITORY_CANONICAL_MIGRATION_PLAN.md [PATH_REFERENCE; HIGH; line 69] | SPR005_MANIFEST.json [PATH_REFERENCE; HIGH; line 5],YES,DOCUMENTARY_DEPENDENCY | OPERATIONAL_DEPENDENCY,7,CKO_CORE_BASELINE_CONSOLIDATION_REPORT.md [PATH_REFERENCE; HIGH; line 196] | CKO_CORE_BASELINE_EXECUTION_REPORT.md [PATH_REFERENCE; HIGH; line 564] | docs/governance/BASELINE_PREPARATION_REPORT.md [PATH_REFERENCE; HIGH; line 28] | docs/governance/OPS-004_REPOSITORY_CANONICAL_MIGRATION_PLAN.md [PATH_REFERENCE; HIGH; line 22] | docs/governance/OPS-004_REPOSITORY_CANONICAL_MIGRATION_PLAN.md [PATH_REFERENCE; HIGH; line 69] | SPR005_MANIFEST.json [PATH_REFERENCE; HIGH; line 5],0,NO_VERIFIED_REFERENCE,7,0,HIGH_REFERENCE_RISK,HIGH,YES,Confirmed HIGH/MEDIUM references recorded in AUD-004 reference matrix.
INV-0010,CHANGELOG.md,KEEP,YES,CKO_CORE_BASELINE_CONSOLIDATION_REPORT.md [PATH_REFERENCE; HIGH; line 126] | CKO_CORE_BASELINE_EXECUTION_REPORT.md [PATH_REFERENCE; HIGH; line 47] | CKO_CORE_BASELINE_EXECUTION_REPORT.md [PATH_REFERENCE; HIGH; line 565] | docs/governance/GOV-006_PROJECT_DOSSIER.md [PATH_REFERENCE; HIGH; line 735] | docs/governance/GOV-007_REPOSITORY_CANONICAL_ORGANIZATION.md [PATH_REFERENCE; HIGH; line 269] | docs/governance/OPS-004_REPOSITORY_CANONICAL_MIGRATION_PLAN.md [PATH_REFERENCE; HIGH; line 46] | docs/governance/OPS-004_REPOSITORY_CANONICAL_MIGRATION_PLAN.md [PATH_REFERENCE; HIGH; line 55] | docs/governance/OPS-004_REPOSITORY_CANONICAL_MIGRATION_PLAN.md [PATH_REFERENCE; HIGH; line 70] | docs/governance/OPS-004_REPOSITORY_CANONICAL_MIGRATION_PLAN.md [PATH_REFERENCE; HIGH; line 95] | SPR018_DISCOVERY_AND_SCOPE.md [PATH_REFERENCE; HIGH; line 22],YES,DOCUMENTARY_DEPENDENCY,16,CKO_CORE_BASELINE_CONSOLIDATION_REPORT.md [PATH_REFERENCE; HIGH; line 126] | CKO_CORE_BASELINE_EXECUTION_REPORT.md [PATH_REFERENCE; HIGH; line 47] | CKO_CORE_BASELINE_EXECUTION_REPORT.md [PATH_REFERENCE; HIGH; line 565] | docs/governance/GOV-006_PROJECT_DOSSIER.md [PATH_REFERENCE; HIGH; line 735] | docs/governance/GOV-007_REPOSITORY_CANONICAL_ORGANIZATION.md [PATH_REFERENCE; HIGH; line 269] | docs/governance/OPS-004_REPOSITORY_CANONICAL_MIGRATION_PLAN.md [PATH_REFERENCE; HIGH; line 46] | docs/governance/OPS-004_REPOSITORY_CANONICAL_MIGRATION_PLAN.md [PATH_REFERENCE; HIGH; line 55] | docs/governance/OPS-004_REPOSITORY_CANONICAL_MIGRATION_PLAN.md [PATH_REFERENCE; HIGH; line 70] | docs/governance/OPS-004_REPOSITORY_CANONICAL_MIGRATION_PLAN.md [PATH_REFERENCE; HIGH; line 95] | SPR018_DISCOVERY_AND_SCOPE.md [PATH_REFERENCE; HIGH; line 22],3,.gitignore [PATH_REFERENCE; HIGH; line 18] | SPR009A_IMPLEMENTATION_REPORT.md [IDENTIFIER_REFERENCE; MEDIUM; line 5] | SPR010_IMPLEMENTATION_REPORT.md [IDENTIFIER_REFERENCE; MEDIUM; line 6],17,2,MEDIUM_REFERENCE_RISK,HIGH,NO,Confirmed HIGH/MEDIUM references recorded in AUD-004 reference matrix.
INV-0011,CKO_BUILD.cmd,KEEP,YES,ARCH-001_CKO_CORE_MASTER_ARCHITECTURE.md [PATH_REFERENCE; HIGH; line 288] | ARCH-001_CKO_CORE_MASTER_ARCHITECTURE.md [PATH_REFERENCE; HIGH; line 582] | ARCH-001_CKO_CORE_MASTER_ARCHITECTURE_v1.1.md [PATH_REFERENCE; HIGH; line 310] | ARCH-001_CKO_CORE_MASTER_ARCHITECTURE_v1.2.md [PATH_REFERENCE; HIGH; line 482] | CKO_CORE_BASELINE_CONSOLIDATION_REPORT.md [PATH_REFERENCE; HIGH; line 197] | CKO_CORE_BASELINE_EXECUTION_REPORT.md [PATH_REFERENCE; HIGH; line 72] | CKO_CORE_V1_TEST_AND_COVERAGE_REPORT.md [PATH_REFERENCE; HIGH; line 73] | SPR008OA_IMPLEMENTATION_REPORT.md [PATH_REFERENCE; HIGH; line 222] | SPR008OA_IMPLEMENTATION_REPORT.md [PATH_REFERENCE; HIGH; line 91] | SPR009_IMPLEMENTATION_REPORT.md [PATH_REFERENCE; HIGH; line 48] | SPR009A_IMPLEMENTATION_REPORT.md [PATH_REFERENCE; HIGH; line 198] | SPR010_IMPLEMENTATION_REPORT.md [PATH_REFERENCE; HIGH; line 57] | SPR011_IMPLEMENTATION_REPORT.md [PATH_REFERENCE; HIGH; line 68] | SPR012_IMPLEMENTATION_REPORT.md [PATH_REFERENCE; HIGH; line 130] | SPR013_IMPLEMENTATION_REPORT.md [PATH_REFERENCE; HIGH; line 29] | SPR014_IMPLEMENTATION_REPORT.md [PATH_REFERENCE; HIGH; line 78] | SPR015_IMPLEMENTATION_REPORT.md [PATH_REFERENCE; HIGH; line 37] | SPR016_IMPLEMENTATION_REPORT.md [PATH_REFERENCE; HIGH; line 55] | SPR017_TECHNICAL_SPECIFICATION.md [PATH_REFERENCE; HIGH; line 665] | tests/test_workspace_manager.py [PATH_REFERENCE; HIGH; line 228],YES,DOCUMENTARY_DEPENDENCY | OPERATIONAL_DEPENDENCY,20,ARCH-001_CKO_CORE_MASTER_ARCHITECTURE.md [PATH_REFERENCE; HIGH; line 288] | ARCH-001_CKO_CORE_MASTER_ARCHITECTURE.md [PATH_REFERENCE; HIGH; line 582] | ARCH-001_CKO_CORE_MASTER_ARCHITECTURE_v1.1.md [PATH_REFERENCE; HIGH; line 310] | ARCH-001_CKO_CORE_MASTER_ARCHITECTURE_v1.2.md [PATH_REFERENCE; HIGH; line 482] | CKO_CORE_BASELINE_CONSOLIDATION_REPORT.md [PATH_REFERENCE; HIGH; line 197] | CKO_CORE_BASELINE_EXECUTION_REPORT.md [PATH_REFERENCE; HIGH; line 72] | CKO_CORE_V1_TEST_AND_COVERAGE_REPORT.md [PATH_REFERENCE; HIGH; line 73] | SPR008OA_IMPLEMENTATION_REPORT.md [PATH_REFERENCE; HIGH; line 222] | SPR008OA_IMPLEMENTATION_REPORT.md [PATH_REFERENCE; HIGH; line 91] | SPR009_IMPLEMENTATION_REPORT.md [PATH_REFERENCE; HIGH; line 48] | SPR009A_IMPLEMENTATION_REPORT.md [PATH_REFERENCE; HIGH; line 198] | SPR010_IMPLEMENTATION_REPORT.md [PATH_REFERENCE; HIGH; line 57] | SPR011_IMPLEMENTATION_REPORT.md [PATH_REFERENCE; HIGH; line 68] | SPR012_IMPLEMENTATION_REPORT.md [PATH_REFERENCE; HIGH; line 130] | SPR013_IMPLEMENTATION_REPORT.md [PATH_REFERENCE; HIGH; line 29] | SPR014_IMPLEMENTATION_REPORT.md [PATH_REFERENCE; HIGH; line 78] | SPR015_IMPLEMENTATION_REPORT.md [PATH_REFERENCE; HIGH; line 37] | SPR016_IMPLEMENTATION_REPORT.md [PATH_REFERENCE; HIGH; line 55] | SPR017_TECHNICAL_SPECIFICATION.md [PATH_REFERENCE; HIGH; line 665] | tests/test_workspace_manager.py [PATH_REFERENCE; HIGH; line 228],0,NO_VERIFIED_REFERENCE,20,0,MEDIUM_REFERENCE_RISK,HIGH,NO,Confirmed HIGH/MEDIUM references recorded in AUD-004 reference matrix.
INV-0012,CKO_CLEAN.cmd,KEEP,YES,ARCH-001_CKO_CORE_MASTER_ARCHITECTURE.md [PATH_REFERENCE; HIGH; line 286] | ARCH-001_CKO_CORE_MASTER_ARCHITECTURE.md [PATH_REFERENCE; HIGH; line 582] | ARCH-001_CKO_CORE_MASTER_ARCHITECTURE_v1.1.md [PATH_REFERENCE; HIGH; line 308] | CKO_CORE_BASELINE_CONSOLIDATION_REPORT.md [PATH_REFERENCE; HIGH; line 198] | CKO_CORE_BASELINE_EXECUTION_REPORT.md [PATH_REFERENCE; HIGH; line 73] | CKO_CORE_V1_TEST_AND_COVERAGE_REPORT.md [PATH_REFERENCE; HIGH; line 17] | SPR008OA_IMPLEMENTATION_REPORT.md [PATH_REFERENCE; HIGH; line 220] | SPR008OA_IMPLEMENTATION_REPORT.md [PATH_REFERENCE; HIGH; line 88] | SPR009_IMPLEMENTATION_REPORT.md [PATH_REFERENCE; HIGH; line 47] | tests/test_workspace_manager.py [PATH_REFERENCE; HIGH; line 228],YES,DOCUMENTARY_DEPENDENCY | OPERATIONAL_DEPENDENCY,10,ARCH-001_CKO_CORE_MASTER_ARCHITECTURE.md [PATH_REFERENCE; HIGH; line 286] | ARCH-001_CKO_CORE_MASTER_ARCHITECTURE.md [PATH_REFERENCE; HIGH; line 582] | ARCH-001_CKO_CORE_MASTER_ARCHITECTURE_v1.1.md [PATH_REFERENCE; HIGH; line 308] | CKO_CORE_BASELINE_CONSOLIDATION_REPORT.md [PATH_REFERENCE; HIGH; line 198] | CKO_CORE_BASELINE_EXECUTION_REPORT.md [PATH_REFERENCE; HIGH; line 73] | CKO_CORE_V1_TEST_AND_COVERAGE_REPORT.md [PATH_REFERENCE; HIGH; line 17] | SPR008OA_IMPLEMENTATION_REPORT.md [PATH_REFERENCE; HIGH; line 220] | SPR008OA_IMPLEMENTATION_REPORT.md [PATH_REFERENCE; HIGH; line 88] | SPR009_IMPLEMENTATION_REPORT.md [PATH_REFERENCE; HIGH; line 47] | tests/test_workspace_manager.py [PATH_REFERENCE; HIGH; line 228],0,NO_VERIFIED_REFERENCE,10,0,MEDIUM_REFERENCE_RISK,HIGH,NO,Confirmed HIGH/MEDIUM references recorded in AUD-004 reference matrix.
INV-0013,CKO_CORE_BASELINE_CONSOLIDATION_REPORT.md,MOVE,YES,CKO_CORE_BASELINE_EXECUTION_REPORT.md [PATH_REFERENCE; HIGH; line 14] | CKO_CORE_BASELINE_EXECUTION_REPORT.md [PATH_REFERENCE; HIGH; line 566] | docs/governance/GOV-006_PROJECT_DOSSIER.md [PATH_REFERENCE; HIGH; line 723] | docs/governance/OPS-004_REPOSITORY_CANONICAL_MIGRATION_PLAN.md [PATH_REFERENCE; HIGH; line 71],YES,DOCUMENTARY_DEPENDENCY,5,CKO_CORE_BASELINE_EXECUTION_REPORT.md [PATH_REFERENCE; HIGH; line 14] | CKO_CORE_BASELINE_EXECUTION_REPORT.md [PATH_REFERENCE; HIGH; line 566] | docs/governance/GOV-006_PROJECT_DOSSIER.md [PATH_REFERENCE; HIGH; line 723] | docs/governance/OPS-004_REPOSITORY_CANONICAL_MIGRATION_PLAN.md [PATH_REFERENCE; HIGH; line 71],710,.gitignore [PATH_REFERENCE; HIGH; line 106] | .gitignore [PATH_REFERENCE; HIGH; line 112] | .gitignore [PATH_REFERENCE; HIGH; line 169] | .gitignore [PATH_REFERENCE; HIGH; line 189] | .gitignore [PATH_REFERENCE; HIGH; line 21] | .gitignore [PATH_REFERENCE; HIGH; line 91] | .vscode/extensions.json [PATH_REFERENCE; HIGH; line 106] | .vscode/extensions.json [PATH_REFERENCE; HIGH; line 191] | .vscode/settings.json [PATH_REFERENCE; HIGH; line 106] | .vscode/settings.json [PATH_REFERENCE; HIGH; line 86] | .vscode/tasks.json [PATH_REFERENCE; HIGH; line 106] | .vscode/tasks.json [PATH_REFERENCE; HIGH; line 192] | advanced_engine.py [PATH_REFERENCE; HIGH; line 299] | ARCH-001_CKO_CORE_MASTER_ARCHITECTURE.md [PATH_REFERENCE; HIGH; line 125] | ARCH-001_CKO_CORE_MASTER_ARCHITECTURE.md [PATH_REFERENCE; HIGH; line 193] | ARCH-001_CKO_CORE_MASTER_ARCHITECTURE_v1.1.md [PATH_REFERENCE; HIGH; line 194] | ARCH-001_CKO_CORE_MASTER_ARCHITECTURE_v1.2.md [PATH_REFERENCE; HIGH; line 123] | ARCH-001_CKO_CORE_MASTER_ARCHITECTURE_v1.2.md [PATH_REFERENCE; HIGH; line 195] | ARQUITETURA_ATUAL.txt [PATH_REFERENCE; HIGH; line 196] | CHANGELOG.md [PATH_REFERENCE; HIGH; line 126] | CKO_BUILD.cmd [PATH_REFERENCE; HIGH; line 197] | CKO_CLEAN.cmd [PATH_REFERENCE; HIGH; line 198] | CKO_CORE_V1_ARCHITECTURE_DECISION.md [PATH_REFERENCE; HIGH; line 199] | CKO_CORE_V1_ARCHITECTURE_MAP.md [PATH_REFERENCE; HIGH; line 122] | CKO_CORE_V1_ARCHITECTURE_MAP.md [PATH_REFERENCE; HIGH; line 200] | CKO_CORE_V1_COMPOSITION_ROOT.md [PATH_REFERENCE; HIGH; line 201] | CKO_CORE_V1_DEPENDENCY_MATRIX.md [PATH_REFERENCE; HIGH; line 124] | CKO_CORE_V1_DEPENDENCY_MATRIX.md [PATH_REFERENCE; HIGH; line 202] | CKO_CORE_V1_EXCEPTION_CATALOG.md [PATH_REFERENCE; HIGH; line 203] | CKO_CORE_V1_EXCEPTION_HIERARCHY.md [PATH_REFERENCE; HIGH; line 204] | CKO_CORE_V1_GAP_ANALYSIS.md [PATH_REFERENCE; HIGH; line 205] | CKO_CORE_V1_LOGGING_EVENT_CATALOG.md [PATH_REFERENCE; HIGH; line 206] | CKO_CORE_V1_PUBLIC_API_CATALOG.md [PATH_REFERENCE; HIGH; line 121] | CKO_CORE_V1_PUBLIC_API_CATALOG.md [PATH_REFERENCE; HIGH; line 207] | CKO_CORE_V1_RELEASE_CERTIFICATION.md [PATH_REFERENCE; HIGH; line 208] | CKO_CORE_V1_SEMANTIC_READINESS_REPORT.md [PATH_REFERENCE; HIGH; line 209] | CKO_CORE_V1_TEST_AND_COVERAGE_REPORT.md [PATH_REFERENCE; HIGH; line 210] | CKO_CORPUS_API.md [PATH_REFERENCE; HIGH; line 211] | CKO_CORPUS_ARCHITECTURE.md [PATH_REFERENCE; HIGH; line 212] | CKO_CORPUS_MODEL_GUIDE.md [PATH_REFERENCE; HIGH; line 213] | CKO_CORPUS_OPERATIONS.md [PATH_REFERENCE; HIGH; line 214] | CKO_CORPUS_SERIALIZATION.md [PATH_REFERENCE; HIGH; line 215] | CKO_DOCUMENT_API.md [PATH_REFERENCE; HIGH; line 216] | CKO_DOCUMENT_MODEL_ARCHITECTURE.md [PATH_REFERENCE; HIGH; line 217] | CKO_DOCUMENT_MODEL_GUIDE.md [PATH_REFERENCE; HIGH; line 218] | CKO_DOCUMENT_SERIALIZATION.md [PATH_REFERENCE; HIGH; line 219] | CKO_GRAPH_API.md [PATH_REFERENCE; HIGH; line 220] | CKO_GRAPH_ARCHITECTURE.md [PATH_REFERENCE; HIGH; line 221] | CKO_GRAPH_MODEL_GUIDE.md [PATH_REFERENCE; HIGH; line 222] | CKO_GRAPH_NAVIGATION.md [PATH_REFERENCE; HIGH; line 223] | CKO_GRAPH_SERIALIZATION.md [PATH_REFERENCE; HIGH; line 224] | CKO_INDEX_API.md [PATH_REFERENCE; HIGH; line 225] | CKO_INDEX_ARCHITECTURE.md [PATH_REFERENCE; HIGH; line 226] | CKO_INDEX_MODEL_GUIDE.md [PATH_REFERENCE; HIGH; line 227] | CKO_INDEX_OPERATIONS.md [PATH_REFERENCE; HIGH; line 228] | CKO_INDEX_SERIALIZATION.md [PATH_REFERENCE; HIGH; line 229] | CKO_KNOWLEDGE_OBJECT_API.md [PATH_REFERENCE; HIGH; line 230] | CKO_KNOWLEDGE_OBJECT_ARCHITECTURE.md [PATH_REFERENCE; HIGH; line 231] | CKO_KNOWLEDGE_OBJECT_SERIALIZATION.md [PATH_REFERENCE; HIGH; line 232] | CKO_KNOWLEDGE_OBJECT_VERSIONING.md [PATH_REFERENCE; HIGH; line 233] | CKO_PROVENANCE_STATEMENT_API.md [PATH_REFERENCE; HIGH; line 234] | CKO_PROVENANCE_STATEMENT_ARCHITECTURE.md [PATH_REFERENCE; HIGH; line 235] | CKO_PROVENANCE_STATEMENT_INTEGRATION.md [PATH_REFERENCE; HIGH; line 236] | CKO_PROVENANCE_STATEMENT_MODEL_GUIDE.md [PATH_REFERENCE; HIGH; line 237] | CKO_PROVENANCE_STATEMENT_OPERATIONS.md [PATH_REFERENCE; HIGH; line 238] | CKO_PROVENANCE_STATEMENT_SERIALIZATION.md [PATH_REFERENCE; HIGH; line 239] | CKO_QUERY_API.md [PATH_REFERENCE; HIGH; line 240] | CKO_QUERY_ARCHITECTURE.md [PATH_REFERENCE; HIGH; line 241] | CKO_QUERY_MODEL_GUIDE.md [PATH_REFERENCE; HIGH; line 242] | CKO_QUERY_SERIALIZATION.md [PATH_REFERENCE; HIGH; line 243] | CKO_RELATIONSHIP_API.md [PATH_REFERENCE; HIGH; line 244] | CKO_RELATIONSHIP_ARCHITECTURE.md [PATH_REFERENCE; HIGH; line 245] | CKO_RELATIONSHIP_MODEL_GUIDE.md [PATH_REFERENCE; HIGH; line 246] | CKO_RELATIONSHIP_SERIALIZATION.md [PATH_REFERENCE; HIGH; line 247] | CKO_RUNTIME.cmd [PATH_REFERENCE; HIGH; line 248] | CKO_SPR_003_INVENTARIO_SEGURO.zip [PATH_REFERENCE; HIGH; line 85] | CKO_SPR_004_INVENTARIO_CANONICO.zip [PATH_REFERENCE; HIGH; line 85] | CKO_TESTS.cmd [PATH_REFERENCE; HIGH; line 249] | docs/adr/ADR-001_MONOLITO_MODULAR_INCREMENTAL.md [IDENTIFIER_REFERENCE; MEDIUM; line 302] | docs/adr/ADR-001_MONOLITO_MODULAR_INCREMENTAL.md [PATH_REFERENCE; HIGH; line 302] | docs/adr/ADR-002_IDENTIDADE_DOCUMENTAL.md [IDENTIFIER_REFERENCE; MEDIUM; line 303] | docs/adr/ADR-002_IDENTIDADE_DOCUMENTAL.md [PATH_REFERENCE; HIGH; line 303] | docs/adr/ADR-003_PRESERVACAO_DO_LEGADO.md [IDENTIFIER_REFERENCE; MEDIUM; line 304] | docs/adr/ADR-003_PRESERVACAO_DO_LEGADO.md [PATH_REFERENCE; HIGH; line 304] | docs/adr/ADR-004_BANCO_CANONICO_SEPARADO.md [IDENTIFIER_REFERENCE; MEDIUM; line 305] | docs/adr/ADR-004_BANCO_CANONICO_SEPARADO.md [PATH_REFERENCE; HIGH; line 305] | docs/adr/INDEX.md [FILENAME_REFERENCE; MEDIUM; line 70] | docs/adr/INDEX.md [PATH_REFERENCE; HIGH; line 306] | docs/architecture/CKO_CORE_ARQUITETURA_SPR005.md [PATH_REFERENCE; HIGH; line 307] | docs/architecture/CKO_CORE_BASELINE_2026-07-11.md [PATH_REFERENCE; HIGH; line 308] | docs/decisoes/ADR-005A-001_PERSISTENCIA_ADITIVA.md [IDENTIFIER_REFERENCE; MEDIUM; line 309] | docs/decisoes/ADR-005A-001_PERSISTENCIA_ADITIVA.md [PATH_REFERENCE; HIGH; line 309] | docs/governance/BASELINE_PREPARATION_REPORT.md [FILENAME_REFERENCE; MEDIUM; line 189] | docs/governance/BASELINE_PREPARATION_REPORT.md [FILENAME_REFERENCE; MEDIUM; line 191] | docs/governance/BASELINE_PREPARATION_REPORT.md [FILENAME_REFERENCE; MEDIUM; line 192] | docs/governance/BASELINE_PREPARATION_REPORT.md [FILENAME_REFERENCE; MEDIUM; line 319] | docs/governance/BASELINE_PREPARATION_REPORT.md [PATH_REFERENCE; HIGH; line 310] | docs/sprint/CKO-CORE-SPR-005_TERMO_DE_ABERTURA.md [PATH_REFERENCE; HIGH; line 311] | docs/sprint/CKO-CORE-SPR-006A_TERMO_DE_ABERTURA.md [PATH_REFERENCE; HIGH; line 312] | docs/sprint/CKO-SPR-003_TERMO_DE_ABERTURA.md [PATH_REFERENCE; HIGH; line 313] | docs/sprint/CKO-SPR-004_TERMO_DE_ABERTURA.md [PATH_REFERENCE; HIGH; line 314] | docs/sprint/CKO-SPR-005A_TERMO_OFICIAL.md [IDENTIFIER_REFERENCE; MEDIUM; line 315] | docs/sprint/CKO-SPR-005A_TERMO_OFICIAL.md [IDENTIFIER_REFERENCE; MEDIUM; line 320] | docs/sprint/CKO-SPR-005A_TERMO_OFICIAL.md [IDENTIFIER_REFERENCE; MEDIUM; line 331] | docs/sprint/CKO-SPR-005A_TERMO_OFICIAL.md [IDENTIFIER_REFERENCE; MEDIUM; line 332] | docs/sprint/CKO-SPR-005A_TERMO_OFICIAL.md [IDENTIFIER_REFERENCE; MEDIUM; line 643] | docs/sprint/CKO-SPR-005A_TERMO_OFICIAL.md [PATH_REFERENCE; HIGH; line 315] | docs/sprint/SPR004_REPORT.md [PATH_REFERENCE; HIGH; line 316] | docs/sprint/SPR005_REPORT.md [PATH_REFERENCE; HIGH; line 317] | docs/sprint/SPR006A_REPORT.md [PATH_REFERENCE; HIGH; line 318] | inventory.txt [PATH_REFERENCE; HIGH; line 106] | inventory.txt [PATH_REFERENCE; HIGH; line 319] | logs/.gitkeep [FILENAME_REFERENCE; MEDIUM; line 322] | logs/.gitkeep [FILENAME_REFERENCE; MEDIUM; line 323] | logs/.gitkeep [FILENAME_REFERENCE; MEDIUM; line 82] | pyproject.toml [PATH_REFERENCE; HIGH; line 190] | pyproject.toml [PATH_REFERENCE; HIGH; line 21] | README.md [PATH_REFERENCE; HIGH; line 126] | README.md [PATH_REFERENCE; HIGH; line 70] | README_SPR_003.md [PATH_REFERENCE; HIGH; line 250] | README_SPR_004.md [PATH_REFERENCE; HIGH; line 251] | reports/SPR007B_ADVANCED_REPORT.json [PATH_REFERENCE; HIGH; line 87] | reports/SPR007B_ADVANCED_REPORT.md [PATH_REFERENCE; HIGH; line 321] | reports/spr008j_trace/.gitkeep [FILENAME_REFERENCE; MEDIUM; line 323] | reports/spr008j_trace/.gitkeep [FILENAME_REFERENCE; MEDIUM; line 82] | reports/spr008j_trace/.gitkeep [PATH_REFERENCE; HIGH; line 322] | reports/spr008m_trace/.gitkeep [FILENAME_REFERENCE; MEDIUM; line 322] | reports/spr008m_trace/.gitkeep [FILENAME_REFERENCE; MEDIUM; line 82] | reports/spr008m_trace/.gitkeep [PATH_REFERENCE; HIGH; line 323] | ROADMAP.md [PATH_REFERENCE; HIGH; line 126] | SPR005_MANIFEST.json [PATH_REFERENCE; HIGH; line 252] | SPR006A_MANIFEST.json [PATH_REFERENCE; HIGH; line 253] | SPR007B_ADVANCED_ENGINE.cmd [PATH_REFERENCE; HIGH; line 254] | SPR007B_ADVANCED_ENGINE.ps1 [PATH_REFERENCE; HIGH; line 255] | SPR008A_IMPLEMENTATION_REPORT.md [IDENTIFIER_REFERENCE; MEDIUM; line 190] | SPR008A_IMPLEMENTATION_REPORT.md [IDENTIFIER_REFERENCE; MEDIUM; line 256] | SPR008A_IMPLEMENTATION_REPORT.md [IDENTIFIER_REFERENCE; MEDIUM; line 354] | SPR008A_IMPLEMENTATION_REPORT.md [IDENTIFIER_REFERENCE; MEDIUM; line 355] | SPR008A_IMPLEMENTATION_REPORT.md [IDENTIFIER_REFERENCE; MEDIUM; line 356] | SPR008A_IMPLEMENTATION_REPORT.md [IDENTIFIER_REFERENCE; MEDIUM; line 357] | SPR008A_IMPLEMENTATION_REPORT.md [IDENTIFIER_REFERENCE; MEDIUM; line 358] | SPR008A_IMPLEMENTATION_REPORT.md [IDENTIFIER_REFERENCE; MEDIUM; line 366] | SPR008A_IMPLEMENTATION_REPORT.md [IDENTIFIER_REFERENCE; MEDIUM; line 367] | SPR008A_IMPLEMENTATION_REPORT.md [IDENTIFIER_REFERENCE; MEDIUM; line 442] | SPR008A_IMPLEMENTATION_REPORT.md [IDENTIFIER_REFERENCE; MEDIUM; line 443] | SPR008A_IMPLEMENTATION_REPORT.md [IDENTIFIER_REFERENCE; MEDIUM; line 463] | SPR008A_IMPLEMENTATION_REPORT.md [IDENTIFIER_REFERENCE; MEDIUM; line 464] | SPR008A_IMPLEMENTATION_REPORT.md [IDENTIFIER_REFERENCE; MEDIUM; line 465] | SPR008A_IMPLEMENTATION_REPORT.md [IDENTIFIER_REFERENCE; MEDIUM; line 466] | SPR008A_IMPLEMENTATION_REPORT.md [IDENTIFIER_REFERENCE; MEDIUM; line 499] | SPR008A_IMPLEMENTATION_REPORT.md [IDENTIFIER_REFERENCE; MEDIUM; line 500] | SPR008A_IMPLEMENTATION_REPORT.md [IDENTIFIER_REFERENCE; MEDIUM; line 501] | SPR008A_IMPLEMENTATION_REPORT.md [IDENTIFIER_REFERENCE; MEDIUM; line 502] | SPR008A_IMPLEMENTATION_REPORT.md [IDENTIFIER_REFERENCE; MEDIUM; line 503] | SPR008A_IMPLEMENTATION_REPORT.md [IDENTIFIER_REFERENCE; MEDIUM; line 504] | SPR008A_IMPLEMENTATION_REPORT.md [IDENTIFIER_REFERENCE; MEDIUM; line 505] | SPR008A_IMPLEMENTATION_REPORT.md [IDENTIFIER_REFERENCE; MEDIUM; line 506] | SPR008A_IMPLEMENTATION_REPORT.md [IDENTIFIER_REFERENCE; MEDIUM; line 573] | SPR008A_IMPLEMENTATION_REPORT.md [IDENTIFIER_REFERENCE; MEDIUM; line 574] | SPR008A_IMPLEMENTATION_REPORT.md [IDENTIFIER_REFERENCE; MEDIUM; line 575] | SPR008A_IMPLEMENTATION_REPORT.md [IDENTIFIER_REFERENCE; MEDIUM; line 610] | SPR008A_IMPLEMENTATION_REPORT.md [IDENTIFIER_REFERENCE; MEDIUM; line 611] | SPR008A_IMPLEMENTATION_REPORT.md [IDENTIFIER_REFERENCE; MEDIUM; line 617] | SPR008A_IMPLEMENTATION_REPORT.md [PATH_REFERENCE; HIGH; line 256] | SPR008B_IMPLEMENTATION_REPORT.md [IDENTIFIER_REFERENCE; MEDIUM; line 257] | SPR008B_IMPLEMENTATION_REPORT.md [IDENTIFIER_REFERENCE; MEDIUM; line 613] | SPR008B_IMPLEMENTATION_REPORT.md [PATH_REFERENCE; HIGH; line 257] | SPR008C_IMPLEMENTATION_REPORT.md [IDENTIFIER_REFERENCE; MEDIUM; line 258] | SPR008C_IMPLEMENTATION_REPORT.md [IDENTIFIER_REFERENCE; MEDIUM; line 480] | SPR008C_IMPLEMENTATION_REPORT.md [IDENTIFIER_REFERENCE; MEDIUM; line 481] | SPR008C_IMPLEMENTATION_REPORT.md [IDENTIFIER_REFERENCE; MEDIUM; line 482] | SPR008C_IMPLEMENTATION_REPORT.md [IDENTIFIER_REFERENCE; MEDIUM; line 483] | SPR008C_IMPLEMENTATION_REPORT.md [IDENTIFIER_REFERENCE; MEDIUM; line 484] | SPR008C_IMPLEMENTATION_REPORT.md [IDENTIFIER_REFERENCE; MEDIUM; line 485] | SPR008C_IMPLEMENTATION_REPORT.md [IDENTIFIER_REFERENCE; MEDIUM; line 486] | SPR008C_IMPLEMENTATION_REPORT.md [IDENTIFIER_REFERENCE; MEDIUM; line 633] | SPR008C_IMPLEMENTATION_REPORT.md [PATH_REFERENCE; HIGH; line 258] | SPR008D_IMPLEMENTATION_REPORT.md [IDENTIFIER_REFERENCE; MEDIUM; line 259] | SPR008D_IMPLEMENTATION_REPORT.md [IDENTIFIER_REFERENCE; MEDIUM; line 379] | SPR008D_IMPLEMENTATION_REPORT.md [IDENTIFIER_REFERENCE; MEDIUM; line 380] | SPR008D_IMPLEMENTATION_REPORT.md [IDENTIFIER_REFERENCE; MEDIUM; line 381] | SPR008D_IMPLEMENTATION_REPORT.md [IDENTIFIER_REFERENCE; MEDIUM; line 382] | SPR008D_IMPLEMENTATION_REPORT.md [IDENTIFIER_REFERENCE; MEDIUM; line 383] | SPR008D_IMPLEMENTATION_REPORT.md [IDENTIFIER_REFERENCE; MEDIUM; line 384] | SPR008D_IMPLEMENTATION_REPORT.md [IDENTIFIER_REFERENCE; MEDIUM; line 385] | SPR008D_IMPLEMENTATION_REPORT.md [IDENTIFIER_REFERENCE; MEDIUM; line 386] | SPR008D_IMPLEMENTATION_REPORT.md [IDENTIFIER_REFERENCE; MEDIUM; line 387] | SPR008D_IMPLEMENTATION_REPORT.md [IDENTIFIER_REFERENCE; MEDIUM; line 388] | SPR008D_IMPLEMENTATION_REPORT.md [IDENTIFIER_REFERENCE; MEDIUM; line 389] | SPR008D_IMPLEMENTATION_REPORT.md [IDENTIFIER_REFERENCE; MEDIUM; line 390] | SPR008D_IMPLEMENTATION_REPORT.md [IDENTIFIER_REFERENCE; MEDIUM; line 391] | SPR008D_IMPLEMENTATION_REPORT.md [IDENTIFIER_REFERENCE; MEDIUM; line 392] | SPR008D_IMPLEMENTATION_REPORT.md [IDENTIFIER_REFERENCE; MEDIUM; line 393] | SPR008D_IMPLEMENTATION_REPORT.md [IDENTIFIER_REFERENCE; MEDIUM; line 394] | SPR008D_IMPLEMENTATION_REPORT.md [IDENTIFIER_REFERENCE; MEDIUM; line 395] | SPR008D_IMPLEMENTATION_REPORT.md [IDENTIFIER_REFERENCE; MEDIUM; line 396] | SPR008D_IMPLEMENTATION_REPORT.md [IDENTIFIER_REFERENCE; MEDIUM; line 397] | SPR008D_IMPLEMENTATION_REPORT.md [IDENTIFIER_REFERENCE; MEDIUM; line 398] | SPR008D_IMPLEMENTATION_REPORT.md [IDENTIFIER_REFERENCE; MEDIUM; line 399] | SPR008D_IMPLEMENTATION_REPORT.md [IDENTIFIER_REFERENCE; MEDIUM; line 400] | SPR008D_IMPLEMENTATION_REPORT.md [IDENTIFIER_REFERENCE; MEDIUM; line 401] | SPR008D_IMPLEMENTATION_REPORT.md [IDENTIFIER_REFERENCE; MEDIUM; line 402] | SPR008D_IMPLEMENTATION_REPORT.md [IDENTIFIER_REFERENCE; MEDIUM; line 403] | SPR008D_IMPLEMENTATION_REPORT.md [IDENTIFIER_REFERENCE; MEDIUM; line 404] | SPR008D_IMPLEMENTATION_REPORT.md [IDENTIFIER_REFERENCE; MEDIUM; line 405] | SPR008D_IMPLEMENTATION_REPORT.md [IDENTIFIER_REFERENCE; MEDIUM; line 406] | SPR008D_IMPLEMENTATION_REPORT.md [IDENTIFIER_REFERENCE; MEDIUM; line 407] | SPR008D_IMPLEMENTATION_REPORT.md [IDENTIFIER_REFERENCE; MEDIUM; line 408] | SPR008D_IMPLEMENTATION_REPORT.md [IDENTIFIER_REFERENCE; MEDIUM; line 409] | SPR008D_IMPLEMENTATION_REPORT.md [IDENTIFIER_REFERENCE; MEDIUM; line 421] | SPR008D_IMPLEMENTATION_REPORT.md [IDENTIFIER_REFERENCE; MEDIUM; line 422] | SPR008D_IMPLEMENTATION_REPORT.md [IDENTIFIER_REFERENCE; MEDIUM; line 423] | SPR008D_IMPLEMENTATION_REPORT.md [IDENTIFIER_REFERENCE; MEDIUM; line 424] | SPR008D_IMPLEMENTATION_REPORT.md [IDENTIFIER_REFERENCE; MEDIUM; line 425] | SPR008D_IMPLEMENTATION_REPORT.md [IDENTIFIER_REFERENCE; MEDIUM; line 426] | SPR008D_IMPLEMENTATION_REPORT.md [IDENTIFIER_REFERENCE; MEDIUM; line 427] | SPR008D_IMPLEMENTATION_REPORT.md [IDENTIFIER_REFERENCE; MEDIUM; line 428] | SPR008D_IMPLEMENTATION_REPORT.md [IDENTIFIER_REFERENCE; MEDIUM; line 429] | SPR008D_IMPLEMENTATION_REPORT.md [IDENTIFIER_REFERENCE; MEDIUM; line 430] | SPR008D_IMPLEMENTATION_REPORT.md [IDENTIFIER_REFERENCE; MEDIUM; line 431] | SPR008D_IMPLEMENTATION_REPORT.md [IDENTIFIER_REFERENCE; MEDIUM; line 620] | SPR008D_IMPLEMENTATION_REPORT.md [PATH_REFERENCE; HIGH; line 259] | SPR008E_IMPLEMENTATION_REPORT.md [IDENTIFIER_REFERENCE; MEDIUM; line 260] | SPR008E_IMPLEMENTATION_REPORT.md [IDENTIFIER_REFERENCE; MEDIUM; line 622] | SPR008E_IMPLEMENTATION_REPORT.md [PATH_REFERENCE; HIGH; line 260] | SPR008F_IMPLEMENTATION_REPORT.md [IDENTIFIER_REFERENCE; MEDIUM; line 261] | SPR008F_IMPLEMENTATION_REPORT.md [IDENTIFIER_REFERENCE; MEDIUM; line 627] | SPR008F_IMPLEMENTATION_REPORT.md [PATH_REFERENCE; HIGH; line 261] | SPR008G_IMPLEMENTATION_REPORT.md [IDENTIFIER_REFERENCE; MEDIUM; line 262] | SPR008G_IMPLEMENTATION_REPORT.md [IDENTIFIER_REFERENCE; MEDIUM; line 621] | SPR008G_IMPLEMENTATION_REPORT.md [PATH_REFERENCE; HIGH; line 262] | SPR008H_IMPLEMENTATION_REPORT.md [IDENTIFIER_REFERENCE; MEDIUM; line 263] | SPR008H_IMPLEMENTATION_REPORT.md [IDENTIFIER_REFERENCE; MEDIUM; line 619] | SPR008H_IMPLEMENTATION_REPORT.md [PATH_REFERENCE; HIGH; line 263] | SPR008I_IMPLEMENTATION_REPORT.md [IDENTIFIER_REFERENCE; MEDIUM; line 264] | SPR008I_IMPLEMENTATION_REPORT.md [IDENTIFIER_REFERENCE; MEDIUM; line 410] | SPR008I_IMPLEMENTATION_REPORT.md [IDENTIFIER_REFERENCE; MEDIUM; line 418] | SPR008I_IMPLEMENTATION_REPORT.md [IDENTIFIER_REFERENCE; MEDIUM; line 419] | SPR008I_IMPLEMENTATION_REPORT.md [IDENTIFIER_REFERENCE; MEDIUM; line 420] | SPR008I_IMPLEMENTATION_REPORT.md [IDENTIFIER_REFERENCE; MEDIUM; line 624] | SPR008I_IMPLEMENTATION_REPORT.md [PATH_REFERENCE; HIGH; line 264] | SPR008J_IMPLEMENTATION_REPORT.md [IDENTIFIER_REFERENCE; MEDIUM; line 265] | SPR008J_IMPLEMENTATION_REPORT.md [IDENTIFIER_REFERENCE; MEDIUM; line 322] | SPR008J_IMPLEMENTATION_REPORT.md [IDENTIFIER_REFERENCE; MEDIUM; line 411] | SPR008J_IMPLEMENTATION_REPORT.md [IDENTIFIER_REFERENCE; MEDIUM; line 412] | SPR008J_IMPLEMENTATION_REPORT.md [IDENTIFIER_REFERENCE; MEDIUM; line 413] | SPR008J_IMPLEMENTATION_REPORT.md [IDENTIFIER_REFERENCE; MEDIUM; line 414] | SPR008J_IMPLEMENTATION_REPORT.md [IDENTIFIER_REFERENCE; MEDIUM; line 623] | SPR008J_IMPLEMENTATION_REPORT.md [PATH_REFERENCE; HIGH; line 265] | SPR008K_IMPLEMENTATION_REPORT.md [IDENTIFIER_REFERENCE; MEDIUM; line 266] | SPR008K_IMPLEMENTATION_REPORT.md [IDENTIFIER_REFERENCE; MEDIUM; line 415] | SPR008K_IMPLEMENTATION_REPORT.md [IDENTIFIER_REFERENCE; MEDIUM; line 416] | SPR008K_IMPLEMENTATION_REPORT.md [IDENTIFIER_REFERENCE; MEDIUM; line 417] | SPR008K_IMPLEMENTATION_REPORT.md [IDENTIFIER_REFERENCE; MEDIUM; line 625] | SPR008K_IMPLEMENTATION_REPORT.md [PATH_REFERENCE; HIGH; line 266] | SPR008L_IMPLEMENTATION_REPORT.md [IDENTIFIER_REFERENCE; MEDIUM; line 267] | SPR008L_IMPLEMENTATION_REPORT.md [IDENTIFIER_REFERENCE; MEDIUM; line 626] | SPR008L_IMPLEMENTATION_REPORT.md [PATH_REFERENCE; HIGH; line 267] | SPR008M_IMPLEMENTATION_REPORT.md [IDENTIFIER_REFERENCE; MEDIUM; line 268] | SPR008M_IMPLEMENTATION_REPORT.md [IDENTIFIER_REFERENCE; MEDIUM; line 323] | SPR008M_IMPLEMENTATION_REPORT.md [IDENTIFIER_REFERENCE; MEDIUM; line 618] | SPR008M_IMPLEMENTATION_REPORT.md [PATH_REFERENCE; HIGH; line 268] | SPR008N_IMPLEMENTATION_REPORT.md [IDENTIFIER_REFERENCE; MEDIUM; line 269] | SPR008N_IMPLEMENTATION_REPORT.md [IDENTIFIER_REFERENCE; MEDIUM; line 644] | SPR008N_IMPLEMENTATION_REPORT.md [PATH_REFERENCE; HIGH; line 269] | SPR008O_IMPLEMENTATION_REPORT.md [IDENTIFIER_REFERENCE; MEDIUM; line 271] | SPR008O_IMPLEMENTATION_REPORT.md [IDENTIFIER_REFERENCE; MEDIUM; line 630] | SPR008O_IMPLEMENTATION_REPORT.md [PATH_REFERENCE; HIGH; line 271] | SPR008OA_IMPLEMENTATION_REPORT.md [PATH_REFERENCE; HIGH; line 270] | SPR008P_IMPLEMENTATION_REPORT.md [IDENTIFIER_REFERENCE; MEDIUM; line 272] | SPR008P_IMPLEMENTATION_REPORT.md [IDENTIFIER_REFERENCE; MEDIUM; line 444] | SPR008P_IMPLEMENTATION_REPORT.md [IDENTIFIER_REFERENCE; MEDIUM; line 445] | SPR008P_IMPLEMENTATION_REPORT.md [IDENTIFIER_REFERENCE; MEDIUM; line 446] | SPR008P_IMPLEMENTATION_REPORT.md [IDENTIFIER_REFERENCE; MEDIUM; line 447] | SPR008P_IMPLEMENTATION_REPORT.md [IDENTIFIER_REFERENCE; MEDIUM; line 448] | SPR008P_IMPLEMENTATION_REPORT.md [IDENTIFIER_REFERENCE; MEDIUM; line 449] | SPR008P_IMPLEMENTATION_REPORT.md [IDENTIFIER_REFERENCE; MEDIUM; line 450] | SPR008P_IMPLEMENTATION_REPORT.md [IDENTIFIER_REFERENCE; MEDIUM; line 629] | SPR008P_IMPLEMENTATION_REPORT.md [PATH_REFERENCE; HIGH; line 272] | SPR008Q_IMPLEMENTATION_REPORT.md [IDENTIFIER_REFERENCE; MEDIUM; line 139] | SPR008Q_IMPLEMENTATION_REPORT.md [IDENTIFIER_REFERENCE; MEDIUM; line 168] | SPR008Q_IMPLEMENTATION_REPORT.md [IDENTIFIER_REFERENCE; MEDIUM; line 273] | SPR008Q_IMPLEMENTATION_REPORT.md [IDENTIFIER_REFERENCE; MEDIUM; line 645] | SPR008Q_IMPLEMENTATION_REPORT.md [IDENTIFIER_REFERENCE; MEDIUM; line 91] | SPR008Q_IMPLEMENTATION_REPORT.md [PATH_REFERENCE; HIGH; line 273] | SPR008R_IMPLEMENTATION_REPORT.md [IDENTIFIER_REFERENCE; MEDIUM; line 274] | SPR008R_IMPLEMENTATION_REPORT.md [IDENTIFIER_REFERENCE; MEDIUM; line 359] | SPR008R_IMPLEMENTATION_REPORT.md [IDENTIFIER_REFERENCE; MEDIUM; line 360] | SPR008R_IMPLEMENTATION_REPORT.md [IDENTIFIER_REFERENCE; MEDIUM; line 361] | SPR008R_IMPLEMENTATION_REPORT.md [IDENTIFIER_REFERENCE; MEDIUM; line 362] | SPR008R_IMPLEMENTATION_REPORT.md [IDENTIFIER_REFERENCE; MEDIUM; line 363] | SPR008R_IMPLEMENTATION_REPORT.md [IDENTIFIER_REFERENCE; MEDIUM; line 364] | SPR008R_IMPLEMENTATION_REPORT.md [IDENTIFIER_REFERENCE; MEDIUM; line 365] | SPR008R_IMPLEMENTATION_REPORT.md [IDENTIFIER_REFERENCE; MEDIUM; line 615] | SPR008R_IMPLEMENTATION_REPORT.md [PATH_REFERENCE; HIGH; line 274] | SPR008S_IMPLEMENTATION_REPORT.md [IDENTIFIER_REFERENCE; MEDIUM; line 275] | SPR008S_IMPLEMENTATION_REPORT.md [IDENTIFIER_REFERENCE; MEDIUM; line 542] | SPR008S_IMPLEMENTATION_REPORT.md [IDENTIFIER_REFERENCE; MEDIUM; line 543] | SPR008S_IMPLEMENTATION_REPORT.md [IDENTIFIER_REFERENCE; MEDIUM; line 544] | SPR008S_IMPLEMENTATION_REPORT.md [IDENTIFIER_REFERENCE; MEDIUM; line 545] | SPR008S_IMPLEMENTATION_REPORT.md [IDENTIFIER_REFERENCE; MEDIUM; line 555] | SPR008S_IMPLEMENTATION_REPORT.md [IDENTIFIER_REFERENCE; MEDIUM; line 556] | SPR008S_IMPLEMENTATION_REPORT.md [IDENTIFIER_REFERENCE; MEDIUM; line 566] | SPR008S_IMPLEMENTATION_REPORT.md [IDENTIFIER_REFERENCE; MEDIUM; line 647] | SPR008S_IMPLEMENTATION_REPORT.md [PATH_REFERENCE; HIGH; line 275] | SPR008T_IMPLEMENTATION_REPORT.md [IDENTIFIER_REFERENCE; MEDIUM; line 276] | SPR008T_IMPLEMENTATION_REPORT.md [IDENTIFIER_REFERENCE; MEDIUM; line 546] | SPR008T_IMPLEMENTATION_REPORT.md [IDENTIFIER_REFERENCE; MEDIUM; line 547] | SPR008T_IMPLEMENTATION_REPORT.md [IDENTIFIER_REFERENCE; MEDIUM; line 548] | SPR008T_IMPLEMENTATION_REPORT.md [IDENTIFIER_REFERENCE; MEDIUM; line 549] | SPR008T_IMPLEMENTATION_REPORT.md [IDENTIFIER_REFERENCE; MEDIUM; line 550] | SPR008T_IMPLEMENTATION_REPORT.md [IDENTIFIER_REFERENCE; MEDIUM; line 551] | SPR008T_IMPLEMENTATION_REPORT.md [IDENTIFIER_REFERENCE; MEDIUM; line 552] | SPR008T_IMPLEMENTATION_REPORT.md [IDENTIFIER_REFERENCE; MEDIUM; line 553] | SPR008T_IMPLEMENTATION_REPORT.md [IDENTIFIER_REFERENCE; MEDIUM; line 554] | SPR008T_IMPLEMENTATION_REPORT.md [IDENTIFIER_REFERENCE; MEDIUM; line 632] | SPR008T_IMPLEMENTATION_REPORT.md [PATH_REFERENCE; HIGH; line 276] | SPR008U_IMPLEMENTATION_REPORT.md [IDENTIFIER_REFERENCE; MEDIUM; line 277] | SPR008U_IMPLEMENTATION_REPORT.md [IDENTIFIER_REFERENCE; MEDIUM; line 557] | SPR008U_IMPLEMENTATION_REPORT.md [IDENTIFIER_REFERENCE; MEDIUM; line 558] | SPR008U_IMPLEMENTATION_REPORT.md [IDENTIFIER_REFERENCE; MEDIUM; line 559] | SPR008U_IMPLEMENTATION_REPORT.md [IDENTIFIER_REFERENCE; MEDIUM; line 560] | SPR008U_IMPLEMENTATION_REPORT.md [IDENTIFIER_REFERENCE; MEDIUM; line 561] | SPR008U_IMPLEMENTATION_REPORT.md [IDENTIFIER_REFERENCE; MEDIUM; line 562] | SPR008U_IMPLEMENTATION_REPORT.md [IDENTIFIER_REFERENCE; MEDIUM; line 563] | SPR008U_IMPLEMENTATION_REPORT.md [IDENTIFIER_REFERENCE; MEDIUM; line 564] | SPR008U_IMPLEMENTATION_REPORT.md [IDENTIFIER_REFERENCE; MEDIUM; line 565] | SPR008U_IMPLEMENTATION_REPORT.md [IDENTIFIER_REFERENCE; MEDIUM; line 646] | SPR008U_IMPLEMENTATION_REPORT.md [PATH_REFERENCE; HIGH; line 277] | SPR008V_IMPLEMENTATION_REPORT.md [IDENTIFIER_REFERENCE; MEDIUM; line 278] | SPR008V_IMPLEMENTATION_REPORT.md [IDENTIFIER_REFERENCE; MEDIUM; line 346] | SPR008V_IMPLEMENTATION_REPORT.md [IDENTIFIER_REFERENCE; MEDIUM; line 347] | SPR008V_IMPLEMENTATION_REPORT.md [IDENTIFIER_REFERENCE; MEDIUM; line 348] | SPR008V_IMPLEMENTATION_REPORT.md [IDENTIFIER_REFERENCE; MEDIUM; line 349] | SPR008V_IMPLEMENTATION_REPORT.md [IDENTIFIER_REFERENCE; MEDIUM; line 350] | SPR008V_IMPLEMENTATION_REPORT.md [IDENTIFIER_REFERENCE; MEDIUM; line 351] | SPR008V_IMPLEMENTATION_REPORT.md [IDENTIFIER_REFERENCE; MEDIUM; line 352] | SPR008V_IMPLEMENTATION_REPORT.md [IDENTIFIER_REFERENCE; MEDIUM; line 353] | SPR008V_IMPLEMENTATION_REPORT.md [IDENTIFIER_REFERENCE; MEDIUM; line 614] | SPR008V_IMPLEMENTATION_REPORT.md [PATH_REFERENCE; HIGH; line 278] | SPR008W_IMPLEMENTATION_REPORT.md [IDENTIFIER_REFERENCE; MEDIUM; line 279] | SPR008W_IMPLEMENTATION_REPORT.md [IDENTIFIER_REFERENCE; MEDIUM; line 567] | SPR008W_IMPLEMENTATION_REPORT.md [IDENTIFIER_REFERENCE; MEDIUM; line 568] | SPR008W_IMPLEMENTATION_REPORT.md [IDENTIFIER_REFERENCE; MEDIUM; line 569] | SPR008W_IMPLEMENTATION_REPORT.md [IDENTIFIER_REFERENCE; MEDIUM; line 570] | SPR008W_IMPLEMENTATION_REPORT.md [IDENTIFIER_REFERENCE; MEDIUM; line 571] | SPR008W_IMPLEMENTATION_REPORT.md [IDENTIFIER_REFERENCE; MEDIUM; line 572] | SPR008W_IMPLEMENTATION_REPORT.md [IDENTIFIER_REFERENCE; MEDIUM; line 648] | SPR008W_IMPLEMENTATION_REPORT.md [PATH_REFERENCE; HIGH; line 279] | SPR009_ARCHITECTURE_CERTIFICATION_REPORT.md [PATH_REFERENCE; HIGH; line 281] | SPR009_IMPLEMENTATION_REPORT.md [PATH_REFERENCE; HIGH; line 282] | SPR009A_IMPLEMENTATION_REPORT.md [IDENTIFIER_REFERENCE; MEDIUM; line 139] | SPR009A_IMPLEMENTATION_REPORT.md [IDENTIFIER_REFERENCE; MEDIUM; line 280] | SPR009A_IMPLEMENTATION_REPORT.md [IDENTIFIER_REFERENCE; MEDIUM; line 616] | SPR009A_IMPLEMENTATION_REPORT.md [PATH_REFERENCE; HIGH; line 280] | SPR010_IMPLEMENTATION_REPORT.md [IDENTIFIER_REFERENCE; MEDIUM; line 123] | SPR010_IMPLEMENTATION_REPORT.md [IDENTIFIER_REFERENCE; MEDIUM; line 140] | SPR010_IMPLEMENTATION_REPORT.md [IDENTIFIER_REFERENCE; MEDIUM; line 211] | SPR010_IMPLEMENTATION_REPORT.md [IDENTIFIER_REFERENCE; MEDIUM; line 212] | SPR010_IMPLEMENTATION_REPORT.md [IDENTIFIER_REFERENCE; MEDIUM; line 213] | SPR010_IMPLEMENTATION_REPORT.md [IDENTIFIER_REFERENCE; MEDIUM; line 214] | SPR010_IMPLEMENTATION_REPORT.md [IDENTIFIER_REFERENCE; MEDIUM; line 215] | SPR010_IMPLEMENTATION_REPORT.md [IDENTIFIER_REFERENCE; MEDIUM; line 216] | SPR010_IMPLEMENTATION_REPORT.md [IDENTIFIER_REFERENCE; MEDIUM; line 217] | SPR010_IMPLEMENTATION_REPORT.md [IDENTIFIER_REFERENCE; MEDIUM; line 218] | SPR010_IMPLEMENTATION_REPORT.md [IDENTIFIER_REFERENCE; MEDIUM; line 219] | SPR010_IMPLEMENTATION_REPORT.md [IDENTIFIER_REFERENCE; MEDIUM; line 220] | SPR010_IMPLEMENTATION_REPORT.md [IDENTIFIER_REFERENCE; MEDIUM; line 221] | SPR010_IMPLEMENTATION_REPORT.md [IDENTIFIER_REFERENCE; MEDIUM; line 222] | SPR010_IMPLEMENTATION_REPORT.md [IDENTIFIER_REFERENCE; MEDIUM; line 223] | SPR010_IMPLEMENTATION_REPORT.md [IDENTIFIER_REFERENCE; MEDIUM; line 224] | SPR010_IMPLEMENTATION_REPORT.md [IDENTIFIER_REFERENCE; MEDIUM; line 225] | SPR010_IMPLEMENTATION_REPORT.md [IDENTIFIER_REFERENCE; MEDIUM; line 226] | SPR010_IMPLEMENTATION_REPORT.md [IDENTIFIER_REFERENCE; MEDIUM; line 227] | SPR010_IMPLEMENTATION_REPORT.md [IDENTIFIER_REFERENCE; MEDIUM; line 228] | SPR010_IMPLEMENTATION_REPORT.md [IDENTIFIER_REFERENCE; MEDIUM; line 229] | SPR010_IMPLEMENTATION_REPORT.md [IDENTIFIER_REFERENCE; MEDIUM; line 230] | SPR010_IMPLEMENTATION_REPORT.md [IDENTIFIER_REFERENCE; MEDIUM; line 231] | SPR010_IMPLEMENTATION_REPORT.md [IDENTIFIER_REFERENCE; MEDIUM; line 232] | SPR010_IMPLEMENTATION_REPORT.md [IDENTIFIER_REFERENCE; MEDIUM; line 233] | SPR010_IMPLEMENTATION_REPORT.md [IDENTIFIER_REFERENCE; MEDIUM; line 240] | SPR010_IMPLEMENTATION_REPORT.md [IDENTIFIER_REFERENCE; MEDIUM; line 241] | SPR010_IMPLEMENTATION_REPORT.md [IDENTIFIER_REFERENCE; MEDIUM; line 242] | SPR010_IMPLEMENTATION_REPORT.md [IDENTIFIER_REFERENCE; MEDIUM; line 243] | SPR010_IMPLEMENTATION_REPORT.md [IDENTIFIER_REFERENCE; MEDIUM; line 244] | SPR010_IMPLEMENTATION_REPORT.md [IDENTIFIER_REFERENCE; MEDIUM; line 245] | SPR010_IMPLEMENTATION_REPORT.md [IDENTIFIER_REFERENCE; MEDIUM; line 246] | SPR010_IMPLEMENTATION_REPORT.md [IDENTIFIER_REFERENCE; MEDIUM; line 247] | SPR010_IMPLEMENTATION_REPORT.md [IDENTIFIER_REFERENCE; MEDIUM; line 283] | SPR010_IMPLEMENTATION_REPORT.md [IDENTIFIER_REFERENCE; MEDIUM; line 284] | SPR010_IMPLEMENTATION_REPORT.md [IDENTIFIER_REFERENCE; MEDIUM; line 285] | SPR010_IMPLEMENTATION_REPORT.md [IDENTIFIER_REFERENCE; MEDIUM; line 286] | SPR010_IMPLEMENTATION_REPORT.md [IDENTIFIER_REFERENCE; MEDIUM; line 287] | SPR010_IMPLEMENTATION_REPORT.md [IDENTIFIER_REFERENCE; MEDIUM; line 288] | SPR010_IMPLEMENTATION_REPORT.md [IDENTIFIER_REFERENCE; MEDIUM; line 289] | SPR010_IMPLEMENTATION_REPORT.md [IDENTIFIER_REFERENCE; MEDIUM; line 290] | SPR010_IMPLEMENTATION_REPORT.md [IDENTIFIER_REFERENCE; MEDIUM; line 368] | SPR010_IMPLEMENTATION_REPORT.md [IDENTIFIER_REFERENCE; MEDIUM; line 369] | SPR010_IMPLEMENTATION_REPORT.md [IDENTIFIER_REFERENCE; MEDIUM; line 370] | SPR010_IMPLEMENTATION_REPORT.md [IDENTIFIER_REFERENCE; MEDIUM; line 371] | SPR010_IMPLEMENTATION_REPORT.md [IDENTIFIER_REFERENCE; MEDIUM; line 372] | SPR010_IMPLEMENTATION_REPORT.md [IDENTIFIER_REFERENCE; MEDIUM; line 373] | SPR010_IMPLEMENTATION_REPORT.md [IDENTIFIER_REFERENCE; MEDIUM; line 374] | SPR010_IMPLEMENTATION_REPORT.md [IDENTIFIER_REFERENCE; MEDIUM; line 375] | SPR010_IMPLEMENTATION_REPORT.md [IDENTIFIER_REFERENCE; MEDIUM; line 376] | SPR010_IMPLEMENTATION_REPORT.md [IDENTIFIER_REFERENCE; MEDIUM; line 377] | SPR010_IMPLEMENTATION_REPORT.md [IDENTIFIER_REFERENCE; MEDIUM; line 378] | SPR010_IMPLEMENTATION_REPORT.md [IDENTIFIER_REFERENCE; MEDIUM; line 432] | SPR010_IMPLEMENTATION_REPORT.md [IDENTIFIER_REFERENCE; MEDIUM; line 433] | SPR010_IMPLEMENTATION_REPORT.md [IDENTIFIER_REFERENCE; MEDIUM; line 434] | SPR010_IMPLEMENTATION_REPORT.md [IDENTIFIER_REFERENCE; MEDIUM; line 435] | SPR010_IMPLEMENTATION_REPORT.md [IDENTIFIER_REFERENCE; MEDIUM; line 436] | SPR010_IMPLEMENTATION_REPORT.md [IDENTIFIER_REFERENCE; MEDIUM; line 437] | SPR010_IMPLEMENTATION_REPORT.md [IDENTIFIER_REFERENCE; MEDIUM; line 438] | SPR010_IMPLEMENTATION_REPORT.md [IDENTIFIER_REFERENCE; MEDIUM; line 439] | SPR010_IMPLEMENTATION_REPORT.md [IDENTIFIER_REFERENCE; MEDIUM; line 440] | SPR010_IMPLEMENTATION_REPORT.md [IDENTIFIER_REFERENCE; MEDIUM; line 441] | SPR010_IMPLEMENTATION_REPORT.md [IDENTIFIER_REFERENCE; MEDIUM; line 451] | SPR010_IMPLEMENTATION_REPORT.md [IDENTIFIER_REFERENCE; MEDIUM; line 452] | SPR010_IMPLEMENTATION_REPORT.md [IDENTIFIER_REFERENCE; MEDIUM; line 453] | SPR010_IMPLEMENTATION_REPORT.md [IDENTIFIER_REFERENCE; MEDIUM; line 454] | SPR010_IMPLEMENTATION_REPORT.md [IDENTIFIER_REFERENCE; MEDIUM; line 455] | SPR010_IMPLEMENTATION_REPORT.md [IDENTIFIER_REFERENCE; MEDIUM; line 456] | SPR010_IMPLEMENTATION_REPORT.md [IDENTIFIER_REFERENCE; MEDIUM; line 457] | SPR010_IMPLEMENTATION_REPORT.md [IDENTIFIER_REFERENCE; MEDIUM; line 458] | SPR010_IMPLEMENTATION_REPORT.md [IDENTIFIER_REFERENCE; MEDIUM; line 459] | SPR010_IMPLEMENTATION_REPORT.md [IDENTIFIER_REFERENCE; MEDIUM; line 460] | SPR010_IMPLEMENTATION_REPORT.md [IDENTIFIER_REFERENCE; MEDIUM; line 461] | SPR010_IMPLEMENTATION_REPORT.md [IDENTIFIER_REFERENCE; MEDIUM; line 462] | SPR010_IMPLEMENTATION_REPORT.md [IDENTIFIER_REFERENCE; MEDIUM; line 467] | SPR010_IMPLEMENTATION_REPORT.md [IDENTIFIER_REFERENCE; MEDIUM; line 468] | SPR010_IMPLEMENTATION_REPORT.md [IDENTIFIER_REFERENCE; MEDIUM; line 469] | SPR010_IMPLEMENTATION_REPORT.md [IDENTIFIER_REFERENCE; MEDIUM; line 46] | SPR010_IMPLEMENTATION_REPORT.md [IDENTIFIER_REFERENCE; MEDIUM; line 470] | SPR010_IMPLEMENTATION_REPORT.md [IDENTIFIER_REFERENCE; MEDIUM; line 471] | SPR010_IMPLEMENTATION_REPORT.md [IDENTIFIER_REFERENCE; MEDIUM; line 472] | SPR010_IMPLEMENTATION_REPORT.md [IDENTIFIER_REFERENCE; MEDIUM; line 473] | SPR010_IMPLEMENTATION_REPORT.md [IDENTIFIER_REFERENCE; MEDIUM; line 474] | SPR010_IMPLEMENTATION_REPORT.md [IDENTIFIER_REFERENCE; MEDIUM; line 475] | SPR010_IMPLEMENTATION_REPORT.md [IDENTIFIER_REFERENCE; MEDIUM; line 476] | SPR010_IMPLEMENTATION_REPORT.md [IDENTIFIER_REFERENCE; MEDIUM; line 477] | SPR010_IMPLEMENTATION_REPORT.md [IDENTIFIER_REFERENCE; MEDIUM; line 478] | SPR010_IMPLEMENTATION_REPORT.md [IDENTIFIER_REFERENCE; MEDIUM; line 479] | SPR010_IMPLEMENTATION_REPORT.md [IDENTIFIER_REFERENCE; MEDIUM; line 487] | SPR010_IMPLEMENTATION_REPORT.md [IDENTIFIER_REFERENCE; MEDIUM; line 488] | SPR010_IMPLEMENTATION_REPORT.md [IDENTIFIER_REFERENCE; MEDIUM; line 489] | SPR010_IMPLEMENTATION_REPORT.md [IDENTIFIER_REFERENCE; MEDIUM; line 490] | SPR010_IMPLEMENTATION_REPORT.md [IDENTIFIER_REFERENCE; MEDIUM; line 491] | SPR010_IMPLEMENTATION_REPORT.md [IDENTIFIER_REFERENCE; MEDIUM; line 492] | SPR010_IMPLEMENTATION_REPORT.md [IDENTIFIER_REFERENCE; MEDIUM; line 493] | SPR010_IMPLEMENTATION_REPORT.md [IDENTIFIER_REFERENCE; MEDIUM; line 494] | SPR010_IMPLEMENTATION_REPORT.md [IDENTIFIER_REFERENCE; MEDIUM; line 495] | SPR010_IMPLEMENTATION_REPORT.md [IDENTIFIER_REFERENCE; MEDIUM; line 496] | SPR010_IMPLEMENTATION_REPORT.md [IDENTIFIER_REFERENCE; MEDIUM; line 497] | SPR010_IMPLEMENTATION_REPORT.md [IDENTIFIER_REFERENCE; MEDIUM; line 498] | SPR010_IMPLEMENTATION_REPORT.md [IDENTIFIER_REFERENCE; MEDIUM; line 522] | SPR010_IMPLEMENTATION_REPORT.md [IDENTIFIER_REFERENCE; MEDIUM; line 523] | SPR010_IMPLEMENTATION_REPORT.md [IDENTIFIER_REFERENCE; MEDIUM; line 524] | SPR010_IMPLEMENTATION_REPORT.md [IDENTIFIER_REFERENCE; MEDIUM; line 525] | SPR010_IMPLEMENTATION_REPORT.md [IDENTIFIER_REFERENCE; MEDIUM; line 526] | SPR010_IMPLEMENTATION_REPORT.md [IDENTIFIER_REFERENCE; MEDIUM; line 527] | SPR010_IMPLEMENTATION_REPORT.md [IDENTIFIER_REFERENCE; MEDIUM; line 528] | SPR010_IMPLEMENTATION_REPORT.md [IDENTIFIER_REFERENCE; MEDIUM; line 529] | SPR010_IMPLEMENTATION_REPORT.md [IDENTIFIER_REFERENCE; MEDIUM; line 530] | SPR010_IMPLEMENTATION_REPORT.md [IDENTIFIER_REFERENCE; MEDIUM; line 531] | SPR010_IMPLEMENTATION_REPORT.md [IDENTIFIER_REFERENCE; MEDIUM; line 532] | SPR010_IMPLEMENTATION_REPORT.md [IDENTIFIER_REFERENCE; MEDIUM; line 533] | SPR010_IMPLEMENTATION_REPORT.md [IDENTIFIER_REFERENCE; MEDIUM; line 534] | SPR010_IMPLEMENTATION_REPORT.md [IDENTIFIER_REFERENCE; MEDIUM; line 535] | SPR010_IMPLEMENTATION_REPORT.md [IDENTIFIER_REFERENCE; MEDIUM; line 536] | SPR010_IMPLEMENTATION_REPORT.md [IDENTIFIER_REFERENCE; MEDIUM; line 537] | SPR010_IMPLEMENTATION_REPORT.md [IDENTIFIER_REFERENCE; MEDIUM; line 538] | SPR010_IMPLEMENTATION_REPORT.md [IDENTIFIER_REFERENCE; MEDIUM; line 539] | SPR010_IMPLEMENTATION_REPORT.md [IDENTIFIER_REFERENCE; MEDIUM; line 540] | SPR010_IMPLEMENTATION_REPORT.md [IDENTIFIER_REFERENCE; MEDIUM; line 541] | SPR010_IMPLEMENTATION_REPORT.md [IDENTIFIER_REFERENCE; MEDIUM; line 628] | SPR010_IMPLEMENTATION_REPORT.md [IDENTIFIER_REFERENCE; MEDIUM; line 634] | SPR010_IMPLEMENTATION_REPORT.md [IDENTIFIER_REFERENCE; MEDIUM; line 635] | SPR010_IMPLEMENTATION_REPORT.md [IDENTIFIER_REFERENCE; MEDIUM; line 636] | SPR010_IMPLEMENTATION_REPORT.md [IDENTIFIER_REFERENCE; MEDIUM; line 637] | SPR010_IMPLEMENTATION_REPORT.md [IDENTIFIER_REFERENCE; MEDIUM; line 639] | SPR010_IMPLEMENTATION_REPORT.md [IDENTIFIER_REFERENCE; MEDIUM; line 640] | SPR010_IMPLEMENTATION_REPORT.md [IDENTIFIER_REFERENCE; MEDIUM; line 67] | SPR010_IMPLEMENTATION_REPORT.md [PATH_REFERENCE; HIGH; line 283] | SPR011_IMPLEMENTATION_REPORT.md [IDENTIFIER_REFERENCE; MEDIUM; line 141] | SPR011_IMPLEMENTATION_REPORT.md [IDENTIFIER_REFERENCE; MEDIUM; line 216] | SPR011_IMPLEMENTATION_REPORT.md [IDENTIFIER_REFERENCE; MEDIUM; line 217] | SPR011_IMPLEMENTATION_REPORT.md [IDENTIFIER_REFERENCE; MEDIUM; line 218] | SPR011_IMPLEMENTATION_REPORT.md [IDENTIFIER_REFERENCE; MEDIUM; line 219] | SPR011_IMPLEMENTATION_REPORT.md [IDENTIFIER_REFERENCE; MEDIUM; line 284] | SPR011_IMPLEMENTATION_REPORT.md [IDENTIFIER_REFERENCE; MEDIUM; line 432] | SPR011_IMPLEMENTATION_REPORT.md [IDENTIFIER_REFERENCE; MEDIUM; line 433] | SPR011_IMPLEMENTATION_REPORT.md [IDENTIFIER_REFERENCE; MEDIUM; line 434] | SPR011_IMPLEMENTATION_REPORT.md [IDENTIFIER_REFERENCE; MEDIUM; line 435] | SPR011_IMPLEMENTATION_REPORT.md [IDENTIFIER_REFERENCE; MEDIUM; line 436] | SPR011_IMPLEMENTATION_REPORT.md [IDENTIFIER_REFERENCE; MEDIUM; line 437] | SPR011_IMPLEMENTATION_REPORT.md [IDENTIFIER_REFERENCE; MEDIUM; line 438] | SPR011_IMPLEMENTATION_REPORT.md [IDENTIFIER_REFERENCE; MEDIUM; line 439] | SPR011_IMPLEMENTATION_REPORT.md [IDENTIFIER_REFERENCE; MEDIUM; line 440] | SPR011_IMPLEMENTATION_REPORT.md [IDENTIFIER_REFERENCE; MEDIUM; line 441] | SPR011_IMPLEMENTATION_REPORT.md [IDENTIFIER_REFERENCE; MEDIUM; line 628] | SPR011_IMPLEMENTATION_REPORT.md [PATH_REFERENCE; HIGH; line 284] | SPR012_IMPLEMENTATION_REPORT.md [IDENTIFIER_REFERENCE; MEDIUM; line 142] | SPR012_IMPLEMENTATION_REPORT.md [IDENTIFIER_REFERENCE; MEDIUM; line 244] | SPR012_IMPLEMENTATION_REPORT.md [IDENTIFIER_REFERENCE; MEDIUM; line 245] | SPR012_IMPLEMENTATION_REPORT.md [IDENTIFIER_REFERENCE; MEDIUM; line 246] | SPR012_IMPLEMENTATION_REPORT.md [IDENTIFIER_REFERENCE; MEDIUM; line 247] | SPR012_IMPLEMENTATION_REPORT.md [IDENTIFIER_REFERENCE; MEDIUM; line 285] | SPR012_IMPLEMENTATION_REPORT.md [IDENTIFIER_REFERENCE; MEDIUM; line 495] | SPR012_IMPLEMENTATION_REPORT.md [IDENTIFIER_REFERENCE; MEDIUM; line 532] | SPR012_IMPLEMENTATION_REPORT.md [IDENTIFIER_REFERENCE; MEDIUM; line 533] | SPR012_IMPLEMENTATION_REPORT.md [IDENTIFIER_REFERENCE; MEDIUM; line 534] | SPR012_IMPLEMENTATION_REPORT.md [IDENTIFIER_REFERENCE; MEDIUM; line 535] | SPR012_IMPLEMENTATION_REPORT.md [IDENTIFIER_REFERENCE; MEDIUM; line 536] | SPR012_IMPLEMENTATION_REPORT.md [IDENTIFIER_REFERENCE; MEDIUM; line 537] | SPR012_IMPLEMENTATION_REPORT.md [IDENTIFIER_REFERENCE; MEDIUM; line 538] | SPR012_IMPLEMENTATION_REPORT.md [IDENTIFIER_REFERENCE; MEDIUM; line 539] | SPR012_IMPLEMENTATION_REPORT.md [IDENTIFIER_REFERENCE; MEDIUM; line 540] | SPR012_IMPLEMENTATION_REPORT.md [IDENTIFIER_REFERENCE; MEDIUM; line 541] | SPR012_IMPLEMENTATION_REPORT.md [IDENTIFIER_REFERENCE; MEDIUM; line 640] | SPR012_IMPLEMENTATION_REPORT.md [PATH_REFERENCE; HIGH; line 285] | SPR013_IMPLEMENTATION_REPORT.md [IDENTIFIER_REFERENCE; MEDIUM; line 143] | SPR013_IMPLEMENTATION_REPORT.md [IDENTIFIER_REFERENCE; MEDIUM; line 220] | SPR013_IMPLEMENTATION_REPORT.md [IDENTIFIER_REFERENCE; MEDIUM; line 221] | SPR013_IMPLEMENTATION_REPORT.md [IDENTIFIER_REFERENCE; MEDIUM; line 222] | SPR013_IMPLEMENTATION_REPORT.md [IDENTIFIER_REFERENCE; MEDIUM; line 223] | SPR013_IMPLEMENTATION_REPORT.md [IDENTIFIER_REFERENCE; MEDIUM; line 224] | SPR013_IMPLEMENTATION_REPORT.md [IDENTIFIER_REFERENCE; MEDIUM; line 286] | SPR013_IMPLEMENTATION_REPORT.md [IDENTIFIER_REFERENCE; MEDIUM; line 451] | SPR013_IMPLEMENTATION_REPORT.md [IDENTIFIER_REFERENCE; MEDIUM; line 452] | SPR013_IMPLEMENTATION_REPORT.md [IDENTIFIER_REFERENCE; MEDIUM; line 453] | SPR013_IMPLEMENTATION_REPORT.md [IDENTIFIER_REFERENCE; MEDIUM; line 454] | SPR013_IMPLEMENTATION_REPORT.md [IDENTIFIER_REFERENCE; MEDIUM; line 455] | SPR013_IMPLEMENTATION_REPORT.md [IDENTIFIER_REFERENCE; MEDIUM; line 456] | SPR013_IMPLEMENTATION_REPORT.md [IDENTIFIER_REFERENCE; MEDIUM; line 458] | SPR013_IMPLEMENTATION_REPORT.md [IDENTIFIER_REFERENCE; MEDIUM; line 459] | SPR013_IMPLEMENTATION_REPORT.md [IDENTIFIER_REFERENCE; MEDIUM; line 460] | SPR013_IMPLEMENTATION_REPORT.md [IDENTIFIER_REFERENCE; MEDIUM; line 461] | SPR013_IMPLEMENTATION_REPORT.md [IDENTIFIER_REFERENCE; MEDIUM; line 462] | SPR013_IMPLEMENTATION_REPORT.md [IDENTIFIER_REFERENCE; MEDIUM; line 635] | SPR013_IMPLEMENTATION_REPORT.md [PATH_REFERENCE; HIGH; line 286] | SPR014_IMPLEMENTATION_REPORT.md [IDENTIFIER_REFERENCE; MEDIUM; line 144] | SPR014_IMPLEMENTATION_REPORT.md [IDENTIFIER_REFERENCE; MEDIUM; line 240] | SPR014_IMPLEMENTATION_REPORT.md [IDENTIFIER_REFERENCE; MEDIUM; line 241] | SPR014_IMPLEMENTATION_REPORT.md [IDENTIFIER_REFERENCE; MEDIUM; line 242] | SPR014_IMPLEMENTATION_REPORT.md [IDENTIFIER_REFERENCE; MEDIUM; line 243] | SPR014_IMPLEMENTATION_REPORT.md [IDENTIFIER_REFERENCE; MEDIUM; line 287] | SPR014_IMPLEMENTATION_REPORT.md [IDENTIFIER_REFERENCE; MEDIUM; line 522] | SPR014_IMPLEMENTATION_REPORT.md [IDENTIFIER_REFERENCE; MEDIUM; line 523] | SPR014_IMPLEMENTATION_REPORT.md [IDENTIFIER_REFERENCE; MEDIUM; line 524] | SPR014_IMPLEMENTATION_REPORT.md [IDENTIFIER_REFERENCE; MEDIUM; line 525] | SPR014_IMPLEMENTATION_REPORT.md [IDENTIFIER_REFERENCE; MEDIUM; line 526] | SPR014_IMPLEMENTATION_REPORT.md [IDENTIFIER_REFERENCE; MEDIUM; line 527] | SPR014_IMPLEMENTATION_REPORT.md [IDENTIFIER_REFERENCE; MEDIUM; line 528] | SPR014_IMPLEMENTATION_REPORT.md [IDENTIFIER_REFERENCE; MEDIUM; line 529] | SPR014_IMPLEMENTATION_REPORT.md [IDENTIFIER_REFERENCE; MEDIUM; line 530] | SPR014_IMPLEMENTATION_REPORT.md [IDENTIFIER_REFERENCE; MEDIUM; line 531] | SPR014_IMPLEMENTATION_REPORT.md [IDENTIFIER_REFERENCE; MEDIUM; line 639] | SPR014_IMPLEMENTATION_REPORT.md [PATH_REFERENCE; HIGH; line 287] | SPR015_IMPLEMENTATION_REPORT.md [IDENTIFIER_REFERENCE; MEDIUM; line 145] | SPR015_IMPLEMENTATION_REPORT.md [IDENTIFIER_REFERENCE; MEDIUM; line 225] | SPR015_IMPLEMENTATION_REPORT.md [IDENTIFIER_REFERENCE; MEDIUM; line 226] | SPR015_IMPLEMENTATION_REPORT.md [IDENTIFIER_REFERENCE; MEDIUM; line 227] | SPR015_IMPLEMENTATION_REPORT.md [IDENTIFIER_REFERENCE; MEDIUM; line 228] | SPR015_IMPLEMENTATION_REPORT.md [IDENTIFIER_REFERENCE; MEDIUM; line 229] | SPR015_IMPLEMENTATION_REPORT.md [IDENTIFIER_REFERENCE; MEDIUM; line 288] | SPR015_IMPLEMENTATION_REPORT.md [IDENTIFIER_REFERENCE; MEDIUM; line 306] | SPR015_IMPLEMENTATION_REPORT.md [IDENTIFIER_REFERENCE; MEDIUM; line 457] | SPR015_IMPLEMENTATION_REPORT.md [IDENTIFIER_REFERENCE; MEDIUM; line 467] | SPR015_IMPLEMENTATION_REPORT.md [IDENTIFIER_REFERENCE; MEDIUM; line 468] | SPR015_IMPLEMENTATION_REPORT.md [IDENTIFIER_REFERENCE; MEDIUM; line 469] | SPR015_IMPLEMENTATION_REPORT.md [IDENTIFIER_REFERENCE; MEDIUM; line 470] | SPR015_IMPLEMENTATION_REPORT.md [IDENTIFIER_REFERENCE; MEDIUM; line 471] | SPR015_IMPLEMENTATION_REPORT.md [IDENTIFIER_REFERENCE; MEDIUM; line 472] | SPR015_IMPLEMENTATION_REPORT.md [IDENTIFIER_REFERENCE; MEDIUM; line 473] | SPR015_IMPLEMENTATION_REPORT.md [IDENTIFIER_REFERENCE; MEDIUM; line 474] | SPR015_IMPLEMENTATION_REPORT.md [IDENTIFIER_REFERENCE; MEDIUM; line 475] | SPR015_IMPLEMENTATION_REPORT.md [IDENTIFIER_REFERENCE; MEDIUM; line 476] | SPR015_IMPLEMENTATION_REPORT.md [IDENTIFIER_REFERENCE; MEDIUM; line 477] | SPR015_IMPLEMENTATION_REPORT.md [IDENTIFIER_REFERENCE; MEDIUM; line 478] | SPR015_IMPLEMENTATION_REPORT.md [IDENTIFIER_REFERENCE; MEDIUM; line 479] | SPR015_IMPLEMENTATION_REPORT.md [IDENTIFIER_REFERENCE; MEDIUM; line 636] | SPR015_IMPLEMENTATION_REPORT.md [PATH_REFERENCE; HIGH; line 288] | SPR016_IMPLEMENTATION_REPORT.md [PATH_REFERENCE; HIGH; line 289] | SPR016_PREIMPLEMENTATION_ARCHITECTURE_AUDIT.md [PATH_REFERENCE; HIGH; line 290] | SPR017_HOMOLOGATION_REPORT.md [PATH_REFERENCE; HIGH; line 23] | SPR017_HOMOLOGATION_REPORT.md [PATH_REFERENCE; HIGH; line 293] | SPR017_HOMOLOGATION_REPORT.md [PATH_REFERENCE; HIGH; line 30] | SPR017_IMPLEMENTATION_REPORT.md [PATH_REFERENCE; HIGH; line 294] | SPR017_IMPLEMENTATION_REPORT.md [PATH_REFERENCE; HIGH; line 31] | SPR017_IMPLEMENTATION_REPORT.md [PATH_REFERENCE; HIGH; line 345] | SPR017_IMPLEMENTATION_REPORT.md [PATH_REFERENCE; HIGH; line 507] | SPR017_IMPLEMENTATION_REPORT.md [PATH_REFERENCE; HIGH; line 508] | SPR017_IMPLEMENTATION_REPORT.md [PATH_REFERENCE; HIGH; line 509] | SPR017_IMPLEMENTATION_REPORT.md [PATH_REFERENCE; HIGH; line 510] | SPR017_IMPLEMENTATION_REPORT.md [PATH_REFERENCE; HIGH; line 511] | SPR017_IMPLEMENTATION_REPORT.md [PATH_REFERENCE; HIGH; line 512] | SPR017_IMPLEMENTATION_REPORT.md [PATH_REFERENCE; HIGH; line 513] | SPR017_IMPLEMENTATION_REPORT.md [PATH_REFERENCE; HIGH; line 514] | SPR017_IMPLEMENTATION_REPORT.md [PATH_REFERENCE; HIGH; line 515] | SPR017_IMPLEMENTATION_REPORT.md [PATH_REFERENCE; HIGH; line 516] | SPR017_IMPLEMENTATION_REPORT.md [PATH_REFERENCE; HIGH; line 517] | SPR017_IMPLEMENTATION_REPORT.md [PATH_REFERENCE; HIGH; line 518] | SPR017_IMPLEMENTATION_REPORT.md [PATH_REFERENCE; HIGH; line 519] | SPR017_IMPLEMENTATION_REPORT.md [PATH_REFERENCE; HIGH; line 520] | SPR017_IMPLEMENTATION_REPORT.md [PATH_REFERENCE; HIGH; line 521] | SPR017_IMPLEMENTATION_REPORT.md [PATH_REFERENCE; HIGH; line 638] | SPR017_PREIMPLEMENTATION_ARCHITECTURE_AUDIT.md [PATH_REFERENCE; HIGH; line 295] | SPR017_TECHNICAL_SPECIFICATION.md [PATH_REFERENCE; HIGH; line 296] | SPR017_TECHNICAL_SPECIFICATION.md [PATH_REFERENCE; HIGH; line 32] | SPR017_TECHNICAL_SPECIFICATION_AUDIT.md [PATH_REFERENCE; HIGH; line 297] | SPR017E_NOVA_AUDITORIA_FORMAL.md [IDENTIFIER_REFERENCE; MEDIUM; line 291] | SPR017E_NOVA_AUDITORIA_FORMAL.md [PATH_REFERENCE; HIGH; line 291] | SPR017G_VERIFICACAO_FINAL.md [IDENTIFIER_REFERENCE; MEDIUM; line 292] | SPR017G_VERIFICACAO_FINAL.md [PATH_REFERENCE; HIGH; line 292] | SPR018_DISCOVERY_AND_SCOPE.md [PATH_REFERENCE; HIGH; line 106] | SPR018_DISCOVERY_AND_SCOPE.md [PATH_REFERENCE; HIGH; line 113] | SPR018_DISCOVERY_AND_SCOPE.md [PATH_REFERENCE; HIGH; line 127] | SPR018_DISCOVERY_AND_SCOPE.md [PATH_REFERENCE; HIGH; line 171] | SPR018_DISCOVERY_AND_SCOPE.md [PATH_REFERENCE; HIGH; line 23] | SPR018_DISCOVERY_AND_SCOPE.md [PATH_REFERENCE; HIGH; line 298] | SPR018_DISCOVERY_AND_SCOPE.md [PATH_REFERENCE; HIGH; line 69] | src/cko.egg-info/dependency_links.txt [PATH_REFERENCE; HIGH; line 337] | src/cko.egg-info/PKG-INFO [PATH_REFERENCE; HIGH; line 335] | src/cko.egg-info/SOURCES.txt [PATH_REFERENCE; HIGH; line 336] | src/cko.egg-info/top_level.txt [PATH_REFERENCE; HIGH; line 338] | src/main.py.txt [PATH_REFERENCE; HIGH; line 106] | src/main.py.txt [PATH_REFERENCE; HIGH; line 111] | src/main.py.txt [PATH_REFERENCE; HIGH; line 170] | src/main.py.txt [PATH_REFERENCE; HIGH; line 609],207,508,HIGH_REFERENCE_RISK,HIGH,YES,Confirmed HIGH/MEDIUM references recorded in AUD-004 reference matrix.
INV-0014,CKO_CORE_BASELINE_EXECUTION_REPORT.md,MOVE,YES,docs/governance/GOV-006_PROJECT_DOSSIER.md [PATH_REFERENCE; HIGH; line 724] | docs/governance/GOV-007_REPOSITORY_CANONICAL_ORGANIZATION.md [PATH_REFERENCE; HIGH; line 850] | docs/governance/OPS-004_REPOSITORY_CANONICAL_MIGRATION_PLAN.md [PATH_REFERENCE; HIGH; line 72],YES,DOCUMENTARY_DEPENDENCY,4,docs/governance/GOV-006_PROJECT_DOSSIER.md [PATH_REFERENCE; HIGH; line 724] | docs/governance/GOV-007_REPOSITORY_CANONICAL_ORGANIZATION.md [PATH_REFERENCE; HIGH; line 850] | docs/governance/OPS-004_REPOSITORY_CANONICAL_MIGRATION_PLAN.md [PATH_REFERENCE; HIGH; line 72],253,.gitignore [PATH_REFERENCE; HIGH; line 20] | .gitignore [PATH_REFERENCE; HIGH; line 30] | .gitignore [PATH_REFERENCE; HIGH; line 71] | .vscode/extensions.json [PATH_REFERENCE; HIGH; line 635] | .vscode/settings.json [PATH_REFERENCE; HIGH; line 644] | .vscode/tasks.json [PATH_REFERENCE; HIGH; line 636] | advanced_engine.py [PATH_REFERENCE; HIGH; line 109] | ARCH-001_CKO_CORE_MASTER_ARCHITECTURE.md [PATH_REFERENCE; HIGH; line 561] | ARCH-001_CKO_CORE_MASTER_ARCHITECTURE_v1.1.md [PATH_REFERENCE; HIGH; line 562] | ARCH-001_CKO_CORE_MASTER_ARCHITECTURE_v1.2.md [PATH_REFERENCE; HIGH; line 563] | ARQUITETURA_ATUAL.txt [PATH_REFERENCE; HIGH; line 564] | CHANGELOG.md [PATH_REFERENCE; HIGH; line 47] | CHANGELOG.md [PATH_REFERENCE; HIGH; line 565] | CKO_BUILD.cmd [PATH_REFERENCE; HIGH; line 72] | CKO_CLEAN.cmd [PATH_REFERENCE; HIGH; line 73] | CKO_CORE_BASELINE_CONSOLIDATION_REPORT.md [PATH_REFERENCE; HIGH; line 14] | CKO_CORE_BASELINE_CONSOLIDATION_REPORT.md [PATH_REFERENCE; HIGH; line 566] | CKO_CORE_V1_ARCHITECTURE_DECISION.md [PATH_REFERENCE; HIGH; line 567] | CKO_CORE_V1_ARCHITECTURE_MAP.md [PATH_REFERENCE; HIGH; line 568] | CKO_CORE_V1_COMPOSITION_ROOT.md [PATH_REFERENCE; HIGH; line 569] | CKO_CORE_V1_DEPENDENCY_MATRIX.md [PATH_REFERENCE; HIGH; line 570] | CKO_CORE_V1_EXCEPTION_CATALOG.md [PATH_REFERENCE; HIGH; line 571] | CKO_CORE_V1_EXCEPTION_HIERARCHY.md [PATH_REFERENCE; HIGH; line 572] | CKO_CORE_V1_GAP_ANALYSIS.md [PATH_REFERENCE; HIGH; line 573] | CKO_CORE_V1_LOGGING_EVENT_CATALOG.md [PATH_REFERENCE; HIGH; line 574] | CKO_CORE_V1_PUBLIC_API_CATALOG.md [PATH_REFERENCE; HIGH; line 575] | CKO_CORE_V1_RELEASE_CERTIFICATION.md [PATH_REFERENCE; HIGH; line 576] | CKO_CORE_V1_SEMANTIC_READINESS_REPORT.md [PATH_REFERENCE; HIGH; line 577] | CKO_CORE_V1_TEST_AND_COVERAGE_REPORT.md [PATH_REFERENCE; HIGH; line 578] | CKO_CORPUS_API.md [PATH_REFERENCE; HIGH; line 500] | CKO_CORPUS_ARCHITECTURE.md [PATH_REFERENCE; HIGH; line 501] | CKO_CORPUS_MODEL_GUIDE.md [PATH_REFERENCE; HIGH; line 502] | CKO_CORPUS_OPERATIONS.md [PATH_REFERENCE; HIGH; line 503] | CKO_CORPUS_SERIALIZATION.md [PATH_REFERENCE; HIGH; line 504] | CKO_DOCUMENT_API.md [PATH_REFERENCE; HIGH; line 382] | CKO_DOCUMENT_MODEL_ARCHITECTURE.md [PATH_REFERENCE; HIGH; line 383] | CKO_DOCUMENT_MODEL_GUIDE.md [PATH_REFERENCE; HIGH; line 384] | CKO_DOCUMENT_SERIALIZATION.md [PATH_REFERENCE; HIGH; line 385] | CKO_GRAPH_API.md [PATH_REFERENCE; HIGH; line 427] | CKO_GRAPH_ARCHITECTURE.md [PATH_REFERENCE; HIGH; line 428] | CKO_GRAPH_MODEL_GUIDE.md [PATH_REFERENCE; HIGH; line 429] | CKO_GRAPH_NAVIGATION.md [PATH_REFERENCE; HIGH; line 430] | CKO_GRAPH_SERIALIZATION.md [PATH_REFERENCE; HIGH; line 431] | CKO_INDEX_API.md [PATH_REFERENCE; HIGH; line 473] | CKO_INDEX_ARCHITECTURE.md [PATH_REFERENCE; HIGH; line 474] | CKO_INDEX_MODEL_GUIDE.md [PATH_REFERENCE; HIGH; line 475] | CKO_INDEX_OPERATIONS.md [PATH_REFERENCE; HIGH; line 476] | CKO_INDEX_SERIALIZATION.md [PATH_REFERENCE; HIGH; line 477] | CKO_KNOWLEDGE_OBJECT_API.md [PATH_REFERENCE; HIGH; line 359] | CKO_KNOWLEDGE_OBJECT_ARCHITECTURE.md [PATH_REFERENCE; HIGH; line 360] | CKO_KNOWLEDGE_OBJECT_SERIALIZATION.md [PATH_REFERENCE; HIGH; line 361] | CKO_KNOWLEDGE_OBJECT_VERSIONING.md [PATH_REFERENCE; HIGH; line 362] | CKO_PROVENANCE_STATEMENT_API.md [PATH_REFERENCE; HIGH; line 525] | CKO_PROVENANCE_STATEMENT_ARCHITECTURE.md [PATH_REFERENCE; HIGH; line 526] | CKO_PROVENANCE_STATEMENT_INTEGRATION.md [PATH_REFERENCE; HIGH; line 527] | CKO_PROVENANCE_STATEMENT_MODEL_GUIDE.md [PATH_REFERENCE; HIGH; line 528] | CKO_PROVENANCE_STATEMENT_OPERATIONS.md [PATH_REFERENCE; HIGH; line 529] | CKO_PROVENANCE_STATEMENT_SERIALIZATION.md [PATH_REFERENCE; HIGH; line 530] | CKO_QUERY_API.md [PATH_REFERENCE; HIGH; line 451] | CKO_QUERY_ARCHITECTURE.md [PATH_REFERENCE; HIGH; line 452] | CKO_QUERY_MODEL_GUIDE.md [PATH_REFERENCE; HIGH; line 453] | CKO_QUERY_SERIALIZATION.md [PATH_REFERENCE; HIGH; line 454] | CKO_RELATIONSHIP_API.md [PATH_REFERENCE; HIGH; line 404] | CKO_RELATIONSHIP_ARCHITECTURE.md [PATH_REFERENCE; HIGH; line 405] | CKO_RELATIONSHIP_MODEL_GUIDE.md [PATH_REFERENCE; HIGH; line 406] | CKO_RELATIONSHIP_SERIALIZATION.md [PATH_REFERENCE; HIGH; line 407] | CKO_RUNTIME.cmd [PATH_REFERENCE; HIGH; line 74] | CKO_TESTS.cmd [PATH_REFERENCE; HIGH; line 75] | docs/adr/ADR-001_MONOLITO_MODULAR_INCREMENTAL.md [IDENTIFIER_REFERENCE; MEDIUM; line 582] | docs/adr/ADR-001_MONOLITO_MODULAR_INCREMENTAL.md [PATH_REFERENCE; HIGH; line 582] | docs/adr/ADR-002_IDENTIDADE_DOCUMENTAL.md [IDENTIFIER_REFERENCE; MEDIUM; line 583] | docs/adr/ADR-002_IDENTIDADE_DOCUMENTAL.md [PATH_REFERENCE; HIGH; line 583] | docs/adr/ADR-003_PRESERVACAO_DO_LEGADO.md [IDENTIFIER_REFERENCE; MEDIUM; line 584] | docs/adr/ADR-003_PRESERVACAO_DO_LEGADO.md [PATH_REFERENCE; HIGH; line 584] | docs/adr/ADR-004_BANCO_CANONICO_SEPARADO.md [IDENTIFIER_REFERENCE; MEDIUM; line 585] | docs/adr/ADR-004_BANCO_CANONICO_SEPARADO.md [PATH_REFERENCE; HIGH; line 585] | docs/adr/INDEX.md [PATH_REFERENCE; HIGH; line 586] | docs/architecture/CKO_CORE_ARQUITETURA_SPR005.md [PATH_REFERENCE; HIGH; line 587] | docs/architecture/CKO_CORE_BASELINE_2026-07-11.md [PATH_REFERENCE; HIGH; line 588] | docs/decisoes/ADR-005A-001_PERSISTENCIA_ADITIVA.md [IDENTIFIER_REFERENCE; MEDIUM; line 112] | docs/decisoes/ADR-005A-001_PERSISTENCIA_ADITIVA.md [PATH_REFERENCE; HIGH; line 112] | docs/governance/BASELINE_PREPARATION_REPORT.md [PATH_REFERENCE; HIGH; line 589] | docs/sprint/CKO-CORE-SPR-005_TERMO_DE_ABERTURA.md [PATH_REFERENCE; HIGH; line 113] | docs/sprint/CKO-CORE-SPR-006A_TERMO_DE_ABERTURA.md [PATH_REFERENCE; HIGH; line 114] | docs/sprint/CKO-SPR-003_TERMO_DE_ABERTURA.md [PATH_REFERENCE; HIGH; line 115] | docs/sprint/CKO-SPR-004_TERMO_DE_ABERTURA.md [PATH_REFERENCE; HIGH; line 116] | docs/sprint/CKO-SPR-005A_TERMO_OFICIAL.md [IDENTIFIER_REFERENCE; MEDIUM; line 117] | docs/sprint/CKO-SPR-005A_TERMO_OFICIAL.md [IDENTIFIER_REFERENCE; MEDIUM; line 121] | docs/sprint/CKO-SPR-005A_TERMO_OFICIAL.md [IDENTIFIER_REFERENCE; MEDIUM; line 133] | docs/sprint/CKO-SPR-005A_TERMO_OFICIAL.md [IDENTIFIER_REFERENCE; MEDIUM; line 134] | docs/sprint/CKO-SPR-005A_TERMO_OFICIAL.md [IDENTIFIER_REFERENCE; MEDIUM; line 346] | docs/sprint/CKO-SPR-005A_TERMO_OFICIAL.md [IDENTIFIER_REFERENCE; MEDIUM; line 617] | docs/sprint/CKO-SPR-005A_TERMO_OFICIAL.md [PATH_REFERENCE; HIGH; line 117] | docs/sprint/SPR004_REPORT.md [PATH_REFERENCE; HIGH; line 118] | docs/sprint/SPR005_REPORT.md [PATH_REFERENCE; HIGH; line 119] | docs/sprint/SPR006A_REPORT.md [PATH_REFERENCE; HIGH; line 120] | inventory.txt [PATH_REFERENCE; HIGH; line 637] | logs/.gitkeep [FILENAME_REFERENCE; MEDIUM; line 124] | logs/.gitkeep [FILENAME_REFERENCE; MEDIUM; line 125] | logs/.gitkeep [FILENAME_REFERENCE; MEDIUM; line 43] | pyproject.toml [PATH_REFERENCE; HIGH; line 122] | README.md [PATH_REFERENCE; HIGH; line 47] | README.md [PATH_REFERENCE; HIGH; line 579] | README_SPR_003.md [PATH_REFERENCE; HIGH; line 76] | README_SPR_004.md [PATH_REFERENCE; HIGH; line 77] | reports/SPR007B_ADVANCED_REPORT.md [PATH_REFERENCE; HIGH; line 123] | reports/spr008j_trace/.gitkeep [FILENAME_REFERENCE; MEDIUM; line 125] | reports/spr008j_trace/.gitkeep [FILENAME_REFERENCE; MEDIUM; line 43] | reports/spr008j_trace/.gitkeep [PATH_REFERENCE; HIGH; line 124] | reports/spr008m_trace/.gitkeep [FILENAME_REFERENCE; MEDIUM; line 124] | reports/spr008m_trace/.gitkeep [FILENAME_REFERENCE; MEDIUM; line 43] | reports/spr008m_trace/.gitkeep [PATH_REFERENCE; HIGH; line 125] | ROADMAP.md [PATH_REFERENCE; HIGH; line 47] | ROADMAP.md [PATH_REFERENCE; HIGH; line 580] | SPR005_MANIFEST.json [PATH_REFERENCE; HIGH; line 78] | SPR006A_MANIFEST.json [PATH_REFERENCE; HIGH; line 79] | SPR007B_ADVANCED_ENGINE.cmd [PATH_REFERENCE; HIGH; line 80] | SPR007B_ADVANCED_ENGINE.ps1 [PATH_REFERENCE; HIGH; line 81] | SPR008A_IMPLEMENTATION_REPORT.md [IDENTIFIER_REFERENCE; MEDIUM; line 321] | SPR008A_IMPLEMENTATION_REPORT.md [IDENTIFIER_REFERENCE; MEDIUM; line 322] | SPR008A_IMPLEMENTATION_REPORT.md [IDENTIFIER_REFERENCE; MEDIUM; line 328] | SPR008A_IMPLEMENTATION_REPORT.md [IDENTIFIER_REFERENCE; MEDIUM; line 82] | SPR008A_IMPLEMENTATION_REPORT.md [PATH_REFERENCE; HIGH; line 82] | SPR008B_IMPLEMENTATION_REPORT.md [IDENTIFIER_REFERENCE; MEDIUM; line 324] | SPR008B_IMPLEMENTATION_REPORT.md [IDENTIFIER_REFERENCE; MEDIUM; line 83] | SPR008B_IMPLEMENTATION_REPORT.md [PATH_REFERENCE; HIGH; line 83] | SPR008C_IMPLEMENTATION_REPORT.md [IDENTIFIER_REFERENCE; MEDIUM; line 343] | SPR008C_IMPLEMENTATION_REPORT.md [IDENTIFIER_REFERENCE; MEDIUM; line 84] | SPR008C_IMPLEMENTATION_REPORT.md [PATH_REFERENCE; HIGH; line 84] | SPR008D_IMPLEMENTATION_REPORT.md [IDENTIFIER_REFERENCE; MEDIUM; line 331] | SPR008D_IMPLEMENTATION_REPORT.md [IDENTIFIER_REFERENCE; MEDIUM; line 85] | SPR008D_IMPLEMENTATION_REPORT.md [PATH_REFERENCE; HIGH; line 85] | SPR008E_IMPLEMENTATION_REPORT.md [IDENTIFIER_REFERENCE; MEDIUM; line 333] | SPR008E_IMPLEMENTATION_REPORT.md [IDENTIFIER_REFERENCE; MEDIUM; line 86] | SPR008E_IMPLEMENTATION_REPORT.md [PATH_REFERENCE; HIGH; line 86] | SPR008F_IMPLEMENTATION_REPORT.md [IDENTIFIER_REFERENCE; MEDIUM; line 338] | SPR008F_IMPLEMENTATION_REPORT.md [IDENTIFIER_REFERENCE; MEDIUM; line 87] | SPR008F_IMPLEMENTATION_REPORT.md [PATH_REFERENCE; HIGH; line 87] | SPR008G_IMPLEMENTATION_REPORT.md [IDENTIFIER_REFERENCE; MEDIUM; line 332] | SPR008G_IMPLEMENTATION_REPORT.md [IDENTIFIER_REFERENCE; MEDIUM; line 88] | SPR008G_IMPLEMENTATION_REPORT.md [PATH_REFERENCE; HIGH; line 88] | SPR008H_IMPLEMENTATION_REPORT.md [IDENTIFIER_REFERENCE; MEDIUM; line 330] | SPR008H_IMPLEMENTATION_REPORT.md [IDENTIFIER_REFERENCE; MEDIUM; line 89] | SPR008H_IMPLEMENTATION_REPORT.md [PATH_REFERENCE; HIGH; line 89] | SPR008I_IMPLEMENTATION_REPORT.md [IDENTIFIER_REFERENCE; MEDIUM; line 335] | SPR008I_IMPLEMENTATION_REPORT.md [IDENTIFIER_REFERENCE; MEDIUM; line 90] | SPR008I_IMPLEMENTATION_REPORT.md [PATH_REFERENCE; HIGH; line 90] | SPR008J_IMPLEMENTATION_REPORT.md [IDENTIFIER_REFERENCE; MEDIUM; line 124] | SPR008J_IMPLEMENTATION_REPORT.md [IDENTIFIER_REFERENCE; MEDIUM; line 334] | SPR008J_IMPLEMENTATION_REPORT.md [IDENTIFIER_REFERENCE; MEDIUM; line 91] | SPR008J_IMPLEMENTATION_REPORT.md [PATH_REFERENCE; HIGH; line 91] | SPR008K_IMPLEMENTATION_REPORT.md [IDENTIFIER_REFERENCE; MEDIUM; line 336] | SPR008K_IMPLEMENTATION_REPORT.md [IDENTIFIER_REFERENCE; MEDIUM; line 92] | SPR008K_IMPLEMENTATION_REPORT.md [PATH_REFERENCE; HIGH; line 92] | SPR008L_IMPLEMENTATION_REPORT.md [IDENTIFIER_REFERENCE; MEDIUM; line 337] | SPR008L_IMPLEMENTATION_REPORT.md [IDENTIFIER_REFERENCE; MEDIUM; line 93] | SPR008L_IMPLEMENTATION_REPORT.md [PATH_REFERENCE; HIGH; line 93] | SPR008M_IMPLEMENTATION_REPORT.md [IDENTIFIER_REFERENCE; MEDIUM; line 125] | SPR008M_IMPLEMENTATION_REPORT.md [IDENTIFIER_REFERENCE; MEDIUM; line 329] | SPR008M_IMPLEMENTATION_REPORT.md [IDENTIFIER_REFERENCE; MEDIUM; line 94] | SPR008M_IMPLEMENTATION_REPORT.md [PATH_REFERENCE; HIGH; line 94] | SPR008N_IMPLEMENTATION_REPORT.md [IDENTIFIER_REFERENCE; MEDIUM; line 347] | SPR008N_IMPLEMENTATION_REPORT.md [IDENTIFIER_REFERENCE; MEDIUM; line 95] | SPR008N_IMPLEMENTATION_REPORT.md [PATH_REFERENCE; HIGH; line 95] | SPR008O_IMPLEMENTATION_REPORT.md [IDENTIFIER_REFERENCE; MEDIUM; line 340] | SPR008O_IMPLEMENTATION_REPORT.md [IDENTIFIER_REFERENCE; MEDIUM; line 97] | SPR008O_IMPLEMENTATION_REPORT.md [PATH_REFERENCE; HIGH; line 97] | SPR008OA_IMPLEMENTATION_REPORT.md [PATH_REFERENCE; HIGH; line 96] | SPR008P_IMPLEMENTATION_REPORT.md [IDENTIFIER_REFERENCE; MEDIUM; line 339] | SPR008P_IMPLEMENTATION_REPORT.md [IDENTIFIER_REFERENCE; MEDIUM; line 98] | SPR008P_IMPLEMENTATION_REPORT.md [PATH_REFERENCE; HIGH; line 98] | SPR008Q_IMPLEMENTATION_REPORT.md [IDENTIFIER_REFERENCE; MEDIUM; line 348] | SPR008Q_IMPLEMENTATION_REPORT.md [IDENTIFIER_REFERENCE; MEDIUM; line 665] | SPR008Q_IMPLEMENTATION_REPORT.md [IDENTIFIER_REFERENCE; MEDIUM; line 99] | SPR008Q_IMPLEMENTATION_REPORT.md [PATH_REFERENCE; HIGH; line 99] | SPR008R_IMPLEMENTATION_REPORT.md [IDENTIFIER_REFERENCE; MEDIUM; line 100] | SPR008R_IMPLEMENTATION_REPORT.md [IDENTIFIER_REFERENCE; MEDIUM; line 326] | SPR008R_IMPLEMENTATION_REPORT.md [PATH_REFERENCE; HIGH; line 100] | SPR008S_IMPLEMENTATION_REPORT.md [IDENTIFIER_REFERENCE; MEDIUM; line 101] | SPR008S_IMPLEMENTATION_REPORT.md [IDENTIFIER_REFERENCE; MEDIUM; line 350] | SPR008S_IMPLEMENTATION_REPORT.md [PATH_REFERENCE; HIGH; line 101] | SPR008T_IMPLEMENTATION_REPORT.md [IDENTIFIER_REFERENCE; MEDIUM; line 102] | SPR008T_IMPLEMENTATION_REPORT.md [IDENTIFIER_REFERENCE; MEDIUM; line 342] | SPR008T_IMPLEMENTATION_REPORT.md [PATH_REFERENCE; HIGH; line 102] | SPR008U_IMPLEMENTATION_REPORT.md [IDENTIFIER_REFERENCE; MEDIUM; line 103] | SPR008U_IMPLEMENTATION_REPORT.md [IDENTIFIER_REFERENCE; MEDIUM; line 349] | SPR008U_IMPLEMENTATION_REPORT.md [PATH_REFERENCE; HIGH; line 103] | SPR008V_IMPLEMENTATION_REPORT.md [IDENTIFIER_REFERENCE; MEDIUM; line 104] | SPR008V_IMPLEMENTATION_REPORT.md [IDENTIFIER_REFERENCE; MEDIUM; line 325] | SPR008V_IMPLEMENTATION_REPORT.md [PATH_REFERENCE; HIGH; line 104] | SPR008W_IMPLEMENTATION_REPORT.md [IDENTIFIER_REFERENCE; MEDIUM; line 105] | SPR008W_IMPLEMENTATION_REPORT.md [IDENTIFIER_REFERENCE; MEDIUM; line 351] | SPR008W_IMPLEMENTATION_REPORT.md [PATH_REFERENCE; HIGH; line 105] | SPR009_ARCHITECTURE_CERTIFICATION_REPORT.md [PATH_REFERENCE; HIGH; line 107] | SPR009_IMPLEMENTATION_REPORT.md [PATH_REFERENCE; HIGH; line 108] | SPR009A_IMPLEMENTATION_REPORT.md [IDENTIFIER_REFERENCE; MEDIUM; line 106] | SPR009A_IMPLEMENTATION_REPORT.md [IDENTIFIER_REFERENCE; MEDIUM; line 327] | SPR009A_IMPLEMENTATION_REPORT.md [IDENTIFIER_REFERENCE; MEDIUM; line 55] | SPR009A_IMPLEMENTATION_REPORT.md [IDENTIFIER_REFERENCE; MEDIUM; line 68] | SPR009A_IMPLEMENTATION_REPORT.md [PATH_REFERENCE; HIGH; line 106] | SPR010_IMPLEMENTATION_REPORT.md [IDENTIFIER_REFERENCE; MEDIUM; line 356] | SPR010_IMPLEMENTATION_REPORT.md [IDENTIFIER_REFERENCE; MEDIUM; line 363] | SPR010_IMPLEMENTATION_REPORT.md [IDENTIFIER_REFERENCE; MEDIUM; line 375] | SPR010_IMPLEMENTATION_REPORT.md [IDENTIFIER_REFERENCE; MEDIUM; line 56] | SPR010_IMPLEMENTATION_REPORT.md [IDENTIFIER_REFERENCE; MEDIUM; line 605] | SPR010_IMPLEMENTATION_REPORT.md [PATH_REFERENCE; HIGH; line 363] | SPR011_IMPLEMENTATION_REPORT.md [IDENTIFIER_REFERENCE; MEDIUM; line 379] | SPR011_IMPLEMENTATION_REPORT.md [IDENTIFIER_REFERENCE; MEDIUM; line 386] | SPR011_IMPLEMENTATION_REPORT.md [IDENTIFIER_REFERENCE; MEDIUM; line 397] | SPR011_IMPLEMENTATION_REPORT.md [IDENTIFIER_REFERENCE; MEDIUM; line 57] | SPR011_IMPLEMENTATION_REPORT.md [PATH_REFERENCE; HIGH; line 386] | SPR012_IMPLEMENTATION_REPORT.md [IDENTIFIER_REFERENCE; MEDIUM; line 401] | SPR012_IMPLEMENTATION_REPORT.md [IDENTIFIER_REFERENCE; MEDIUM; line 408] | SPR012_IMPLEMENTATION_REPORT.md [IDENTIFIER_REFERENCE; MEDIUM; line 420] | SPR012_IMPLEMENTATION_REPORT.md [IDENTIFIER_REFERENCE; MEDIUM; line 58] | SPR012_IMPLEMENTATION_REPORT.md [PATH_REFERENCE; HIGH; line 408] | SPR013_IMPLEMENTATION_REPORT.md [IDENTIFIER_REFERENCE; MEDIUM; line 424] | SPR013_IMPLEMENTATION_REPORT.md [IDENTIFIER_REFERENCE; MEDIUM; line 432] | SPR013_IMPLEMENTATION_REPORT.md [IDENTIFIER_REFERENCE; MEDIUM; line 444] | SPR013_IMPLEMENTATION_REPORT.md [IDENTIFIER_REFERENCE; MEDIUM; line 59] | SPR013_IMPLEMENTATION_REPORT.md [PATH_REFERENCE; HIGH; line 432] | SPR014_IMPLEMENTATION_REPORT.md [IDENTIFIER_REFERENCE; MEDIUM; line 448] | SPR014_IMPLEMENTATION_REPORT.md [IDENTIFIER_REFERENCE; MEDIUM; line 455] | SPR014_IMPLEMENTATION_REPORT.md [IDENTIFIER_REFERENCE; MEDIUM; line 466] | SPR014_IMPLEMENTATION_REPORT.md [IDENTIFIER_REFERENCE; MEDIUM; line 60] | SPR014_IMPLEMENTATION_REPORT.md [PATH_REFERENCE; HIGH; line 455] | SPR015_IMPLEMENTATION_REPORT.md [IDENTIFIER_REFERENCE; MEDIUM; line 470] | SPR015_IMPLEMENTATION_REPORT.md [IDENTIFIER_REFERENCE; MEDIUM; line 478] | SPR015_IMPLEMENTATION_REPORT.md [IDENTIFIER_REFERENCE; MEDIUM; line 493] | SPR015_IMPLEMENTATION_REPORT.md [IDENTIFIER_REFERENCE; MEDIUM; line 61] | SPR015_IMPLEMENTATION_REPORT.md [PATH_REFERENCE; HIGH; line 478] | SPR016_IMPLEMENTATION_REPORT.md [PATH_REFERENCE; HIGH; line 505] | SPR016_PREIMPLEMENTATION_ARCHITECTURE_AUDIT.md [PATH_REFERENCE; HIGH; line 506] | SPR017_HOMOLOGATION_REPORT.md [PATH_REFERENCE; HIGH; line 533] | SPR017_HOMOLOGATION_REPORT.md [PATH_REFERENCE; HIGH; line 627] | SPR017_IMPLEMENTATION_REPORT.md [PATH_REFERENCE; HIGH; line 534] | SPR017_IMPLEMENTATION_REPORT.md [PATH_REFERENCE; HIGH; line 626] | SPR017_PREIMPLEMENTATION_ARCHITECTURE_AUDIT.md [PATH_REFERENCE; HIGH; line 535] | SPR017_TECHNICAL_SPECIFICATION.md [PATH_REFERENCE; HIGH; line 536] | SPR017_TECHNICAL_SPECIFICATION.md [PATH_REFERENCE; HIGH; line 625] | SPR017_TECHNICAL_SPECIFICATION_AUDIT.md [PATH_REFERENCE; HIGH; line 537] | SPR017E_NOVA_AUDITORIA_FORMAL.md [IDENTIFIER_REFERENCE; MEDIUM; line 531] | SPR017E_NOVA_AUDITORIA_FORMAL.md [PATH_REFERENCE; HIGH; line 531] | SPR017G_VERIFICACAO_FINAL.md [IDENTIFIER_REFERENCE; MEDIUM; line 532] | SPR017G_VERIFICACAO_FINAL.md [PATH_REFERENCE; HIGH; line 532] | SPR018_DISCOVERY_AND_SCOPE.md [PATH_REFERENCE; HIGH; line 581] | src/cko.egg-info/dependency_links.txt [PATH_REFERENCE; HIGH; line 640] | src/cko.egg-info/PKG-INFO [PATH_REFERENCE; HIGH; line 638] | src/cko.egg-info/SOURCES.txt [PATH_REFERENCE; HIGH; line 639] | src/cko.egg-info/top_level.txt [PATH_REFERENCE; HIGH; line 641] | src/main.py.txt [PATH_REFERENCE; HIGH; line 21] | src/main.py.txt [PATH_REFERENCE; HIGH; line 642] | src/main.py.txt [PATH_REFERENCE; HIGH; line 666],164,93,HIGH_REFERENCE_RISK,HIGH,YES,Confirmed HIGH/MEDIUM references recorded in AUD-004 reference matrix.
INV-0015,CKO_CORE_V1_ARCHITECTURE_DECISION.md,MOVE,YES,CKO_CORE_BASELINE_CONSOLIDATION_REPORT.md [PATH_REFERENCE; HIGH; line 199] | CKO_CORE_BASELINE_EXECUTION_REPORT.md [PATH_REFERENCE; HIGH; line 567] | docs/governance/OPS-004_REPOSITORY_CANONICAL_MIGRATION_PLAN.md [PATH_REFERENCE; HIGH; line 73] | SPR009_IMPLEMENTATION_REPORT.md [PATH_REFERENCE; HIGH; line 18] | SPR017_TECHNICAL_SPECIFICATION.md [PATH_REFERENCE; HIGH; line 48] | SPR017E_NOVA_AUDITORIA_FORMAL.md [PATH_REFERENCE; HIGH; line 55] | SPR018_DISCOVERY_AND_SCOPE.md [PATH_REFERENCE; HIGH; line 24],YES,DOCUMENTARY_DEPENDENCY,8,CKO_CORE_BASELINE_CONSOLIDATION_REPORT.md [PATH_REFERENCE; HIGH; line 199] | CKO_CORE_BASELINE_EXECUTION_REPORT.md [PATH_REFERENCE; HIGH; line 567] | docs/governance/OPS-004_REPOSITORY_CANONICAL_MIGRATION_PLAN.md [PATH_REFERENCE; HIGH; line 73] | SPR009_IMPLEMENTATION_REPORT.md [PATH_REFERENCE; HIGH; line 18] | SPR017_TECHNICAL_SPECIFICATION.md [PATH_REFERENCE; HIGH; line 48] | SPR017E_NOVA_AUDITORIA_FORMAL.md [PATH_REFERENCE; HIGH; line 55] | SPR018_DISCOVERY_AND_SCOPE.md [PATH_REFERENCE; HIGH; line 24],0,NO_VERIFIED_REFERENCE,8,0,HIGH_REFERENCE_RISK,HIGH,YES,Confirmed HIGH/MEDIUM references recorded in AUD-004 reference matrix.
INV-0016,CKO_CORE_V1_ARCHITECTURE_MAP.md,MOVE,YES,CKO_CORE_BASELINE_CONSOLIDATION_REPORT.md [PATH_REFERENCE; HIGH; line 122] | CKO_CORE_BASELINE_CONSOLIDATION_REPORT.md [PATH_REFERENCE; HIGH; line 200] | CKO_CORE_BASELINE_EXECUTION_REPORT.md [PATH_REFERENCE; HIGH; line 568] | docs/arquitetura/CKO-ARCH-002_ECOSYSTEM_EVOLUTION_ARCHITECTURE.md [PATH_REFERENCE; HIGH; line 649] | docs/governance/OPS-004_REPOSITORY_CANONICAL_MIGRATION_PLAN.md [PATH_REFERENCE; HIGH; line 74] | SPR009_ARCHITECTURE_CERTIFICATION_REPORT.md [PATH_REFERENCE; HIGH; line 55] | SPR009_IMPLEMENTATION_REPORT.md [PATH_REFERENCE; HIGH; line 10] | SPR018_DISCOVERY_AND_SCOPE.md [PATH_REFERENCE; HIGH; line 25],YES,DOCUMENTARY_DEPENDENCY,9,CKO_CORE_BASELINE_CONSOLIDATION_REPORT.md [PATH_REFERENCE; HIGH; line 122] | CKO_CORE_BASELINE_CONSOLIDATION_REPORT.md [PATH_REFERENCE; HIGH; line 200] | CKO_CORE_BASELINE_EXECUTION_REPORT.md [PATH_REFERENCE; HIGH; line 568] | docs/arquitetura/CKO-ARCH-002_ECOSYSTEM_EVOLUTION_ARCHITECTURE.md [PATH_REFERENCE; HIGH; line 649] | docs/governance/OPS-004_REPOSITORY_CANONICAL_MIGRATION_PLAN.md [PATH_REFERENCE; HIGH; line 74] | SPR009_ARCHITECTURE_CERTIFICATION_REPORT.md [PATH_REFERENCE; HIGH; line 55] | SPR009_IMPLEMENTATION_REPORT.md [PATH_REFERENCE; HIGH; line 10] | SPR018_DISCOVERY_AND_SCOPE.md [PATH_REFERENCE; HIGH; line 25],2,SPR010_IMPLEMENTATION_REPORT.md [IDENTIFIER_REFERENCE; MEDIUM; line 100] | SPR010_IMPLEMENTATION_REPORT.md [IDENTIFIER_REFERENCE; MEDIUM; line 98],9,2,HIGH_REFERENCE_RISK,HIGH,YES,Confirmed HIGH/MEDIUM references recorded in AUD-004 reference matrix.
INV-0017,CKO_CORE_V1_COMPOSITION_ROOT.md,MOVE,YES,CKO_CORE_BASELINE_CONSOLIDATION_REPORT.md [PATH_REFERENCE; HIGH; line 201] | CKO_CORE_BASELINE_EXECUTION_REPORT.md [PATH_REFERENCE; HIGH; line 569] | docs/governance/OPS-004_REPOSITORY_CANONICAL_MIGRATION_PLAN.md [PATH_REFERENCE; HIGH; line 75] | SPR009A_IMPLEMENTATION_REPORT.md [PATH_REFERENCE; HIGH; line 114],YES,DOCUMENTARY_DEPENDENCY,5,CKO_CORE_BASELINE_CONSOLIDATION_REPORT.md [PATH_REFERENCE; HIGH; line 201] | CKO_CORE_BASELINE_EXECUTION_REPORT.md [PATH_REFERENCE; HIGH; line 569] | docs/governance/OPS-004_REPOSITORY_CANONICAL_MIGRATION_PLAN.md [PATH_REFERENCE; HIGH; line 75] | SPR009A_IMPLEMENTATION_REPORT.md [PATH_REFERENCE; HIGH; line 114],1,SPR009A_IMPLEMENTATION_REPORT.md [IDENTIFIER_REFERENCE; MEDIUM; line 4],5,1,HIGH_REFERENCE_RISK,HIGH,YES,Confirmed HIGH/MEDIUM references recorded in AUD-004 reference matrix.
INV-0018,CKO_CORE_V1_DEPENDENCY_MATRIX.md,MOVE,YES,CKO_CORE_BASELINE_CONSOLIDATION_REPORT.md [PATH_REFERENCE; HIGH; line 124] | CKO_CORE_BASELINE_CONSOLIDATION_REPORT.md [PATH_REFERENCE; HIGH; line 202] | CKO_CORE_BASELINE_EXECUTION_REPORT.md [PATH_REFERENCE; HIGH; line 570] | docs/governance/OPS-004_REPOSITORY_CANONICAL_MIGRATION_PLAN.md [PATH_REFERENCE; HIGH; line 76] | SPR009_IMPLEMENTATION_REPORT.md [PATH_REFERENCE; HIGH; line 12] | SPR016_IMPLEMENTATION_REPORT.md [PATH_REFERENCE; HIGH; line 63] | SPR017_PREIMPLEMENTATION_ARCHITECTURE_AUDIT.md [PATH_REFERENCE; HIGH; line 428] | SPR017_PREIMPLEMENTATION_ARCHITECTURE_AUDIT.md [PATH_REFERENCE; HIGH; line 63] | SPR017_TECHNICAL_SPECIFICATION.md [PATH_REFERENCE; HIGH; line 49] | SPR017_TECHNICAL_SPECIFICATION.md [PATH_REFERENCE; HIGH; line 579] | SPR017E_NOVA_AUDITORIA_FORMAL.md [PATH_REFERENCE; HIGH; line 56] | SPR018_DISCOVERY_AND_SCOPE.md [PATH_REFERENCE; HIGH; line 26],YES,DOCUMENTARY_DEPENDENCY,14,CKO_CORE_BASELINE_CONSOLIDATION_REPORT.md [PATH_REFERENCE; HIGH; line 124] | CKO_CORE_BASELINE_CONSOLIDATION_REPORT.md [PATH_REFERENCE; HIGH; line 202] | CKO_CORE_BASELINE_EXECUTION_REPORT.md [PATH_REFERENCE; HIGH; line 570] | docs/governance/OPS-004_REPOSITORY_CANONICAL_MIGRATION_PLAN.md [PATH_REFERENCE; HIGH; line 76] | SPR009_IMPLEMENTATION_REPORT.md [PATH_REFERENCE; HIGH; line 12] | SPR016_IMPLEMENTATION_REPORT.md [PATH_REFERENCE; HIGH; line 63] | SPR017_PREIMPLEMENTATION_ARCHITECTURE_AUDIT.md [PATH_REFERENCE; HIGH; line 428] | SPR017_PREIMPLEMENTATION_ARCHITECTURE_AUDIT.md [PATH_REFERENCE; HIGH; line 63] | SPR017_TECHNICAL_SPECIFICATION.md [PATH_REFERENCE; HIGH; line 49] | SPR017_TECHNICAL_SPECIFICATION.md [PATH_REFERENCE; HIGH; line 579] | SPR017E_NOVA_AUDITORIA_FORMAL.md [PATH_REFERENCE; HIGH; line 56] | SPR018_DISCOVERY_AND_SCOPE.md [PATH_REFERENCE; HIGH; line 26],3,CKO_TESTS.cmd [PATH_REFERENCE; HIGH; line 58] | requirements.txt [PATH_REFERENCE; HIGH; line 49] | requirements.txt [PATH_REFERENCE; HIGH; line 60],17,0,HIGH_REFERENCE_RISK,HIGH,YES,Confirmed HIGH/MEDIUM references recorded in AUD-004 reference matrix.
INV-0019,CKO_CORE_V1_EXCEPTION_CATALOG.md,MOVE,YES,CKO_CORE_BASELINE_CONSOLIDATION_REPORT.md [PATH_REFERENCE; HIGH; line 203] | CKO_CORE_BASELINE_EXECUTION_REPORT.md [PATH_REFERENCE; HIGH; line 571] | docs/governance/OPS-004_REPOSITORY_CANONICAL_MIGRATION_PLAN.md [PATH_REFERENCE; HIGH; line 77] | SPR009_ARCHITECTURE_CERTIFICATION_REPORT.md [PATH_REFERENCE; HIGH; line 107] | SPR009_IMPLEMENTATION_REPORT.md [PATH_REFERENCE; HIGH; line 14],YES,DOCUMENTARY_DEPENDENCY,6,CKO_CORE_BASELINE_CONSOLIDATION_REPORT.md [PATH_REFERENCE; HIGH; line 203] | CKO_CORE_BASELINE_EXECUTION_REPORT.md [PATH_REFERENCE; HIGH; line 571] | docs/governance/OPS-004_REPOSITORY_CANONICAL_MIGRATION_PLAN.md [PATH_REFERENCE; HIGH; line 77] | SPR009_ARCHITECTURE_CERTIFICATION_REPORT.md [PATH_REFERENCE; HIGH; line 107] | SPR009_IMPLEMENTATION_REPORT.md [PATH_REFERENCE; HIGH; line 14],0,NO_VERIFIED_REFERENCE,6,0,HIGH_REFERENCE_RISK,HIGH,YES,Confirmed HIGH/MEDIUM references recorded in AUD-004 reference matrix.
INV-0020,CKO_CORE_V1_EXCEPTION_HIERARCHY.md,MOVE,YES,ARCH-001_CKO_CORE_MASTER_ARCHITECTURE_v1.2.md [PATH_REFERENCE; HIGH; line 495] | CKO_CORE_BASELINE_CONSOLIDATION_REPORT.md [PATH_REFERENCE; HIGH; line 204] | CKO_CORE_BASELINE_EXECUTION_REPORT.md [PATH_REFERENCE; HIGH; line 572] | docs/governance/OPS-004_REPOSITORY_CANONICAL_MIGRATION_PLAN.md [PATH_REFERENCE; HIGH; line 78] | SPR009A_IMPLEMENTATION_REPORT.md [PATH_REFERENCE; HIGH; line 113] | SPR017_TECHNICAL_SPECIFICATION.md [PATH_REFERENCE; HIGH; line 50] | SPR017E_NOVA_AUDITORIA_FORMAL.md [PATH_REFERENCE; HIGH; line 57],YES,DOCUMENTARY_DEPENDENCY,8,ARCH-001_CKO_CORE_MASTER_ARCHITECTURE_v1.2.md [PATH_REFERENCE; HIGH; line 495] | CKO_CORE_BASELINE_CONSOLIDATION_REPORT.md [PATH_REFERENCE; HIGH; line 204] | CKO_CORE_BASELINE_EXECUTION_REPORT.md [PATH_REFERENCE; HIGH; line 572] | docs/governance/OPS-004_REPOSITORY_CANONICAL_MIGRATION_PLAN.md [PATH_REFERENCE; HIGH; line 78] | SPR009A_IMPLEMENTATION_REPORT.md [PATH_REFERENCE; HIGH; line 113] | SPR017_TECHNICAL_SPECIFICATION.md [PATH_REFERENCE; HIGH; line 50] | SPR017E_NOVA_AUDITORIA_FORMAL.md [PATH_REFERENCE; HIGH; line 57],2,SPR009A_IMPLEMENTATION_REPORT.md [IDENTIFIER_REFERENCE; MEDIUM; line 239] | SPR009A_IMPLEMENTATION_REPORT.md [IDENTIFIER_REFERENCE; MEDIUM; line 5],8,2,HIGH_REFERENCE_RISK,HIGH,YES,Confirmed HIGH/MEDIUM references recorded in AUD-004 reference matrix.
INV-0021,CKO_CORE_V1_GAP_ANALYSIS.md,MOVE,YES,CKO_CORE_BASELINE_CONSOLIDATION_REPORT.md [PATH_REFERENCE; HIGH; line 205] | CKO_CORE_BASELINE_EXECUTION_REPORT.md [PATH_REFERENCE; HIGH; line 573] | docs/governance/OPS-004_REPOSITORY_CANONICAL_MIGRATION_PLAN.md [PATH_REFERENCE; HIGH; line 79] | SPR009_IMPLEMENTATION_REPORT.md [PATH_REFERENCE; HIGH; line 16],YES,DOCUMENTARY_DEPENDENCY,5,CKO_CORE_BASELINE_CONSOLIDATION_REPORT.md [PATH_REFERENCE; HIGH; line 205] | CKO_CORE_BASELINE_EXECUTION_REPORT.md [PATH_REFERENCE; HIGH; line 573] | docs/governance/OPS-004_REPOSITORY_CANONICAL_MIGRATION_PLAN.md [PATH_REFERENCE; HIGH; line 79] | SPR009_IMPLEMENTATION_REPORT.md [PATH_REFERENCE; HIGH; line 16],1,pyproject.toml [PATH_REFERENCE; HIGH; line 8],6,0,HIGH_REFERENCE_RISK,HIGH,YES,Confirmed HIGH/MEDIUM references recorded in AUD-004 reference matrix.
INV-0022,CKO_CORE_V1_LOGGING_EVENT_CATALOG.md,MOVE,YES,CKO_CORE_BASELINE_CONSOLIDATION_REPORT.md [PATH_REFERENCE; HIGH; line 206] | CKO_CORE_BASELINE_EXECUTION_REPORT.md [PATH_REFERENCE; HIGH; line 574] | docs/governance/OPS-004_REPOSITORY_CANONICAL_MIGRATION_PLAN.md [PATH_REFERENCE; HIGH; line 80] | SPR009_ARCHITECTURE_CERTIFICATION_REPORT.md [PATH_REFERENCE; HIGH; line 109] | SPR009_IMPLEMENTATION_REPORT.md [PATH_REFERENCE; HIGH; line 13],YES,DOCUMENTARY_DEPENDENCY,6,CKO_CORE_BASELINE_CONSOLIDATION_REPORT.md [PATH_REFERENCE; HIGH; line 206] | CKO_CORE_BASELINE_EXECUTION_REPORT.md [PATH_REFERENCE; HIGH; line 574] | docs/governance/OPS-004_REPOSITORY_CANONICAL_MIGRATION_PLAN.md [PATH_REFERENCE; HIGH; line 80] | SPR009_ARCHITECTURE_CERTIFICATION_REPORT.md [PATH_REFERENCE; HIGH; line 109] | SPR009_IMPLEMENTATION_REPORT.md [PATH_REFERENCE; HIGH; line 13],0,NO_VERIFIED_REFERENCE,6,0,HIGH_REFERENCE_RISK,HIGH,YES,Confirmed HIGH/MEDIUM references recorded in AUD-004 reference matrix.
INV-0023,CKO_CORE_V1_PUBLIC_API_CATALOG.md,MOVE,YES,CKO_CORE_BASELINE_CONSOLIDATION_REPORT.md [PATH_REFERENCE; HIGH; line 121] | CKO_CORE_BASELINE_CONSOLIDATION_REPORT.md [PATH_REFERENCE; HIGH; line 207] | CKO_CORE_BASELINE_EXECUTION_REPORT.md [PATH_REFERENCE; HIGH; line 575] | docs/arquitetura/CKO-ARCH-002_ECOSYSTEM_EVOLUTION_ARCHITECTURE.md [PATH_REFERENCE; HIGH; line 650] | docs/governance/GOV-006_PROJECT_DOSSIER.md [PATH_REFERENCE; HIGH; line 725] | docs/governance/OPS-004_REPOSITORY_CANONICAL_MIGRATION_PLAN.md [PATH_REFERENCE; HIGH; line 81] | docs/sprints/SPR-018_TERMO_DE_ABERTURA.md [PATH_REFERENCE; HIGH; line 189] | README.md [PATH_REFERENCE; HIGH; line 15] | SPR009_ARCHITECTURE_CERTIFICATION_REPORT.md [PATH_REFERENCE; HIGH; line 55] | SPR009_IMPLEMENTATION_REPORT.md [PATH_REFERENCE; HIGH; line 11] | SPR016_IMPLEMENTATION_REPORT.md [PATH_REFERENCE; HIGH; line 63] | SPR017_PREIMPLEMENTATION_ARCHITECTURE_AUDIT.md [PATH_REFERENCE; HIGH; line 428] | SPR017_PREIMPLEMENTATION_ARCHITECTURE_AUDIT.md [PATH_REFERENCE; HIGH; line 61] | SPR017_PREIMPLEMENTATION_ARCHITECTURE_AUDIT.md [PATH_REFERENCE; HIGH; line 62] | SPR017_TECHNICAL_SPECIFICATION.md [PATH_REFERENCE; HIGH; line 51] | SPR017_TECHNICAL_SPECIFICATION.md [PATH_REFERENCE; HIGH; line 579] | SPR017E_NOVA_AUDITORIA_FORMAL.md [PATH_REFERENCE; HIGH; line 58] | SPR018_DISCOVERY_AND_SCOPE.md [PATH_REFERENCE; HIGH; line 27],YES,DOCUMENTARY_DEPENDENCY,20,CKO_CORE_BASELINE_CONSOLIDATION_REPORT.md [PATH_REFERENCE; HIGH; line 121] | CKO_CORE_BASELINE_CONSOLIDATION_REPORT.md [PATH_REFERENCE; HIGH; line 207] | CKO_CORE_BASELINE_EXECUTION_REPORT.md [PATH_REFERENCE; HIGH; line 575] | docs/arquitetura/CKO-ARCH-002_ECOSYSTEM_EVOLUTION_ARCHITECTURE.md [PATH_REFERENCE; HIGH; line 650] | docs/governance/GOV-006_PROJECT_DOSSIER.md [PATH_REFERENCE; HIGH; line 725] | docs/governance/OPS-004_REPOSITORY_CANONICAL_MIGRATION_PLAN.md [PATH_REFERENCE; HIGH; line 81] | docs/sprints/SPR-018_TERMO_DE_ABERTURA.md [PATH_REFERENCE; HIGH; line 189] | README.md [PATH_REFERENCE; HIGH; line 15] | SPR009_ARCHITECTURE_CERTIFICATION_REPORT.md [PATH_REFERENCE; HIGH; line 55] | SPR009_IMPLEMENTATION_REPORT.md [PATH_REFERENCE; HIGH; line 11] | SPR016_IMPLEMENTATION_REPORT.md [PATH_REFERENCE; HIGH; line 63] | SPR017_PREIMPLEMENTATION_ARCHITECTURE_AUDIT.md [PATH_REFERENCE; HIGH; line 428] | SPR017_PREIMPLEMENTATION_ARCHITECTURE_AUDIT.md [PATH_REFERENCE; HIGH; line 61] | SPR017_PREIMPLEMENTATION_ARCHITECTURE_AUDIT.md [PATH_REFERENCE; HIGH; line 62] | SPR017_TECHNICAL_SPECIFICATION.md [PATH_REFERENCE; HIGH; line 51] | SPR017_TECHNICAL_SPECIFICATION.md [PATH_REFERENCE; HIGH; line 579] | SPR017E_NOVA_AUDITORIA_FORMAL.md [PATH_REFERENCE; HIGH; line 58] | SPR018_DISCOVERY_AND_SCOPE.md [PATH_REFERENCE; HIGH; line 27],5,CKO_CORPUS_API.md [PATH_REFERENCE; HIGH; line 142] | CKO_PROVENANCE_STATEMENT_API.md [PATH_REFERENCE; HIGH; line 146] | SPR010_IMPLEMENTATION_REPORT.md [IDENTIFIER_REFERENCE; MEDIUM; line 9] | SPR017_HOMOLOGATION_REPORT.md [PATH_REFERENCE; HIGH; line 5] | SPR017_IMPLEMENTATION_REPORT.md [PATH_REFERENCE; HIGH; line 5],24,1,HIGH_REFERENCE_RISK,HIGH,YES,Confirmed HIGH/MEDIUM references recorded in AUD-004 reference matrix.
INV-0024,CKO_CORE_V1_RELEASE_CERTIFICATION.md,HOLD,YES,CKO_CORE_BASELINE_CONSOLIDATION_REPORT.md [PATH_REFERENCE; HIGH; line 208] | CKO_CORE_BASELINE_EXECUTION_REPORT.md [PATH_REFERENCE; HIGH; line 576] | docs/arquitetura/CKO-ARCH-002_ECOSYSTEM_EVOLUTION_ARCHITECTURE.md [PATH_REFERENCE; HIGH; line 651] | docs/governance/GOV-006_PROJECT_DOSSIER.md [PATH_REFERENCE; HIGH; line 727] | docs/governance/OPS-004_REPOSITORY_CANONICAL_MIGRATION_PLAN.md [PATH_REFERENCE; HIGH; line 82] | SPR009A_IMPLEMENTATION_REPORT.md [PATH_REFERENCE; HIGH; line 116],YES,DOCUMENTARY_DEPENDENCY,7,CKO_CORE_BASELINE_CONSOLIDATION_REPORT.md [PATH_REFERENCE; HIGH; line 208] | CKO_CORE_BASELINE_EXECUTION_REPORT.md [PATH_REFERENCE; HIGH; line 576] | docs/arquitetura/CKO-ARCH-002_ECOSYSTEM_EVOLUTION_ARCHITECTURE.md [PATH_REFERENCE; HIGH; line 651] | docs/governance/GOV-006_PROJECT_DOSSIER.md [PATH_REFERENCE; HIGH; line 727] | docs/governance/OPS-004_REPOSITORY_CANONICAL_MIGRATION_PLAN.md [PATH_REFERENCE; HIGH; line 82] | SPR009A_IMPLEMENTATION_REPORT.md [PATH_REFERENCE; HIGH; line 116],3,docs/sprint/CKO-SPR-005A_TERMO_OFICIAL.md [IDENTIFIER_REFERENCE; MEDIUM; line 72] | SPR009A_IMPLEMENTATION_REPORT.md [IDENTIFIER_REFERENCE; MEDIUM; line 4] | SPR009A_IMPLEMENTATION_REPORT.md [IDENTIFIER_REFERENCE; MEDIUM; line 95],7,3,MEDIUM_REFERENCE_RISK,HIGH,YES,"Confirmed HIGH/MEDIUM references recorded in AUD-004 reference matrix. HOLD preserved; retention, authority, and disposition remain for human review."
INV-0025,CKO_CORE_V1_SEMANTIC_READINESS_REPORT.md,MOVE,YES,CKO_CORE_BASELINE_CONSOLIDATION_REPORT.md [PATH_REFERENCE; HIGH; line 209] | CKO_CORE_BASELINE_EXECUTION_REPORT.md [PATH_REFERENCE; HIGH; line 577] | docs/governance/OPS-004_REPOSITORY_CANONICAL_MIGRATION_PLAN.md [PATH_REFERENCE; HIGH; line 83] | SPR009_IMPLEMENTATION_REPORT.md [PATH_REFERENCE; HIGH; line 17],YES,DOCUMENTARY_DEPENDENCY,5,CKO_CORE_BASELINE_CONSOLIDATION_REPORT.md [PATH_REFERENCE; HIGH; line 209] | CKO_CORE_BASELINE_EXECUTION_REPORT.md [PATH_REFERENCE; HIGH; line 577] | docs/governance/OPS-004_REPOSITORY_CANONICAL_MIGRATION_PLAN.md [PATH_REFERENCE; HIGH; line 83] | SPR009_IMPLEMENTATION_REPORT.md [PATH_REFERENCE; HIGH; line 17],0,NO_VERIFIED_REFERENCE,5,0,HIGH_REFERENCE_RISK,HIGH,YES,Confirmed HIGH/MEDIUM references recorded in AUD-004 reference matrix.
INV-0026,CKO_CORE_V1_TEST_AND_COVERAGE_REPORT.md,MOVE,YES,CKO_CORE_BASELINE_CONSOLIDATION_REPORT.md [PATH_REFERENCE; HIGH; line 210] | CKO_CORE_BASELINE_EXECUTION_REPORT.md [PATH_REFERENCE; HIGH; line 578] | docs/governance/GOV-006_PROJECT_DOSSIER.md [PATH_REFERENCE; HIGH; line 726] | docs/governance/OPS-004_REPOSITORY_CANONICAL_MIGRATION_PLAN.md [PATH_REFERENCE; HIGH; line 84] | SPR009_ARCHITECTURE_CERTIFICATION_REPORT.md [PATH_REFERENCE; HIGH; line 123] | SPR009_IMPLEMENTATION_REPORT.md [PATH_REFERENCE; HIGH; line 15] | SPR017_HOMOLOGATION_REPORT.md [PATH_REFERENCE; HIGH; line 104],YES,DOCUMENTARY_DEPENDENCY,8,CKO_CORE_BASELINE_CONSOLIDATION_REPORT.md [PATH_REFERENCE; HIGH; line 210] | CKO_CORE_BASELINE_EXECUTION_REPORT.md [PATH_REFERENCE; HIGH; line 578] | docs/governance/GOV-006_PROJECT_DOSSIER.md [PATH_REFERENCE; HIGH; line 726] | docs/governance/OPS-004_REPOSITORY_CANONICAL_MIGRATION_PLAN.md [PATH_REFERENCE; HIGH; line 84] | SPR009_ARCHITECTURE_CERTIFICATION_REPORT.md [PATH_REFERENCE; HIGH; line 123] | SPR009_IMPLEMENTATION_REPORT.md [PATH_REFERENCE; HIGH; line 15] | SPR017_HOMOLOGATION_REPORT.md [PATH_REFERENCE; HIGH; line 104],20,CKO_BUILD.cmd [PATH_REFERENCE; HIGH; line 73] | CKO_CLEAN.cmd [PATH_REFERENCE; HIGH; line 17] | CKO_RUNTIME.cmd [PATH_REFERENCE; HIGH; line 16] | CKO_TESTS.cmd [PATH_REFERENCE; HIGH; line 11] | CKO_TESTS.cmd [PATH_REFERENCE; HIGH; line 12] | CKO_TESTS.cmd [PATH_REFERENCE; HIGH; line 13] | CKO_TESTS.cmd [PATH_REFERENCE; HIGH; line 14] | CKO_TESTS.cmd [PATH_REFERENCE; HIGH; line 15] | CKO_TESTS.cmd [PATH_REFERENCE; HIGH; line 30] | docs/sprint/CKO-SPR-005A_TERMO_OFICIAL.md [IDENTIFIER_REFERENCE; MEDIUM; line 24] | SPR008J_IMPLEMENTATION_REPORT.md [IDENTIFIER_REFERENCE; MEDIUM; line 61] | SPR008P_IMPLEMENTATION_REPORT.md [IDENTIFIER_REFERENCE; MEDIUM; line 63] | SPR008Q_IMPLEMENTATION_REPORT.md [IDENTIFIER_REFERENCE; MEDIUM; line 64] | SPR008T_IMPLEMENTATION_REPORT.md [IDENTIFIER_REFERENCE; MEDIUM; line 12] | SPR008T_IMPLEMENTATION_REPORT.md [IDENTIFIER_REFERENCE; MEDIUM; line 65] | SPR008U_IMPLEMENTATION_REPORT.md [IDENTIFIER_REFERENCE; MEDIUM; line 13] | SPR008U_IMPLEMENTATION_REPORT.md [IDENTIFIER_REFERENCE; MEDIUM; line 66] | SPR008V_IMPLEMENTATION_REPORT.md [IDENTIFIER_REFERENCE; MEDIUM; line 14] | SPR008V_IMPLEMENTATION_REPORT.md [IDENTIFIER_REFERENCE; MEDIUM; line 67] | SPR008W_IMPLEMENTATION_REPORT.md [IDENTIFIER_REFERENCE; MEDIUM; line 15],17,11,HIGH_REFERENCE_RISK,HIGH,YES,Confirmed HIGH/MEDIUM references recorded in AUD-004 reference matrix.
INV-0027,CKO_CORPUS_API.md,MOVE,YES,CKO_CORE_BASELINE_CONSOLIDATION_REPORT.md [PATH_REFERENCE; HIGH; line 211] | CKO_CORE_BASELINE_EXECUTION_REPORT.md [PATH_REFERENCE; HIGH; line 500] | CKO_CORE_V1_PUBLIC_API_CATALOG.md [PATH_REFERENCE; HIGH; line 142] | docs/governance/OPS-004_REPOSITORY_CANONICAL_MIGRATION_PLAN.md [PATH_REFERENCE; HIGH; line 85] | SPR016_IMPLEMENTATION_REPORT.md [PATH_REFERENCE; HIGH; line 39] | SPR016_IMPLEMENTATION_REPORT.md [PATH_REFERENCE; HIGH; line 61],YES,DOCUMENTARY_DEPENDENCY,7,CKO_CORE_BASELINE_CONSOLIDATION_REPORT.md [PATH_REFERENCE; HIGH; line 211] | CKO_CORE_BASELINE_EXECUTION_REPORT.md [PATH_REFERENCE; HIGH; line 500] | CKO_CORE_V1_PUBLIC_API_CATALOG.md [PATH_REFERENCE; HIGH; line 142] | docs/governance/OPS-004_REPOSITORY_CANONICAL_MIGRATION_PLAN.md [PATH_REFERENCE; HIGH; line 85] | SPR016_IMPLEMENTATION_REPORT.md [PATH_REFERENCE; HIGH; line 39] | SPR016_IMPLEMENTATION_REPORT.md [PATH_REFERENCE; HIGH; line 61],1,SPR010_IMPLEMENTATION_REPORT.md [IDENTIFIER_REFERENCE; MEDIUM; line 35],7,1,HIGH_REFERENCE_RISK,HIGH,YES,Confirmed HIGH/MEDIUM references recorded in AUD-004 reference matrix.
INV-0028,CKO_CORPUS_ARCHITECTURE.md,MOVE,YES,CKO_CORE_BASELINE_CONSOLIDATION_REPORT.md [PATH_REFERENCE; HIGH; line 212] | CKO_CORE_BASELINE_EXECUTION_REPORT.md [PATH_REFERENCE; HIGH; line 501] | docs/governance/OPS-004_REPOSITORY_CANONICAL_MIGRATION_PLAN.md [PATH_REFERENCE; HIGH; line 86] | SPR016_IMPLEMENTATION_REPORT.md [PATH_REFERENCE; HIGH; line 61] | SPR017_PREIMPLEMENTATION_ARCHITECTURE_AUDIT.md [PATH_REFERENCE; HIGH; line 185] | SPR017_PREIMPLEMENTATION_ARCHITECTURE_AUDIT.md [PATH_REFERENCE; HIGH; line 243],YES,DOCUMENTARY_DEPENDENCY,7,CKO_CORE_BASELINE_CONSOLIDATION_REPORT.md [PATH_REFERENCE; HIGH; line 212] | CKO_CORE_BASELINE_EXECUTION_REPORT.md [PATH_REFERENCE; HIGH; line 501] | docs/governance/OPS-004_REPOSITORY_CANONICAL_MIGRATION_PLAN.md [PATH_REFERENCE; HIGH; line 86] | SPR016_IMPLEMENTATION_REPORT.md [PATH_REFERENCE; HIGH; line 61] | SPR017_PREIMPLEMENTATION_ARCHITECTURE_AUDIT.md [PATH_REFERENCE; HIGH; line 185] | SPR017_PREIMPLEMENTATION_ARCHITECTURE_AUDIT.md [PATH_REFERENCE; HIGH; line 243],6,SPR010_IMPLEMENTATION_REPORT.md [IDENTIFIER_REFERENCE; MEDIUM; line 33] | SPR011_IMPLEMENTATION_REPORT.md [IDENTIFIER_REFERENCE; MEDIUM; line 34] | SPR012_IMPLEMENTATION_REPORT.md [IDENTIFIER_REFERENCE; MEDIUM; line 35] | SPR013_IMPLEMENTATION_REPORT.md [IDENTIFIER_REFERENCE; MEDIUM; line 36] | SPR014_IMPLEMENTATION_REPORT.md [IDENTIFIER_REFERENCE; MEDIUM; line 37] | SPR015_IMPLEMENTATION_REPORT.md [IDENTIFIER_REFERENCE; MEDIUM; line 38],7,6,HIGH_REFERENCE_RISK,HIGH,YES,Confirmed HIGH/MEDIUM references recorded in AUD-004 reference matrix.
INV-0029,CKO_CORPUS_MODEL_GUIDE.md,MOVE,YES,CKO_CORE_BASELINE_CONSOLIDATION_REPORT.md [PATH_REFERENCE; HIGH; line 213] | CKO_CORE_BASELINE_EXECUTION_REPORT.md [PATH_REFERENCE; HIGH; line 502] | docs/governance/OPS-004_REPOSITORY_CANONICAL_MIGRATION_PLAN.md [PATH_REFERENCE; HIGH; line 87] | SPR016_IMPLEMENTATION_REPORT.md [PATH_REFERENCE; HIGH; line 61],YES,DOCUMENTARY_DEPENDENCY,5,CKO_CORE_BASELINE_CONSOLIDATION_REPORT.md [PATH_REFERENCE; HIGH; line 213] | CKO_CORE_BASELINE_EXECUTION_REPORT.md [PATH_REFERENCE; HIGH; line 502] | docs/governance/OPS-004_REPOSITORY_CANONICAL_MIGRATION_PLAN.md [PATH_REFERENCE; HIGH; line 87] | SPR016_IMPLEMENTATION_REPORT.md [PATH_REFERENCE; HIGH; line 61],0,NO_VERIFIED_REFERENCE,5,0,HIGH_REFERENCE_RISK,HIGH,YES,Confirmed HIGH/MEDIUM references recorded in AUD-004 reference matrix.
INV-0030,CKO_CORPUS_OPERATIONS.md,MOVE,YES,CKO_CORE_BASELINE_CONSOLIDATION_REPORT.md [PATH_REFERENCE; HIGH; line 214] | CKO_CORE_BASELINE_EXECUTION_REPORT.md [PATH_REFERENCE; HIGH; line 503] | docs/governance/OPS-004_REPOSITORY_CANONICAL_MIGRATION_PLAN.md [PATH_REFERENCE; HIGH; line 88] | SPR016_IMPLEMENTATION_REPORT.md [PATH_REFERENCE; HIGH; line 61],YES,DOCUMENTARY_DEPENDENCY,5,CKO_CORE_BASELINE_CONSOLIDATION_REPORT.md [PATH_REFERENCE; HIGH; line 214] | CKO_CORE_BASELINE_EXECUTION_REPORT.md [PATH_REFERENCE; HIGH; line 503] | docs/governance/OPS-004_REPOSITORY_CANONICAL_MIGRATION_PLAN.md [PATH_REFERENCE; HIGH; line 88] | SPR016_IMPLEMENTATION_REPORT.md [PATH_REFERENCE; HIGH; line 61],0,NO_VERIFIED_REFERENCE,5,0,HIGH_REFERENCE_RISK,HIGH,YES,Confirmed HIGH/MEDIUM references recorded in AUD-004 reference matrix.
INV-0031,CKO_CORPUS_SERIALIZATION.md,MOVE,YES,CKO_CORE_BASELINE_CONSOLIDATION_REPORT.md [PATH_REFERENCE; HIGH; line 215] | CKO_CORE_BASELINE_EXECUTION_REPORT.md [PATH_REFERENCE; HIGH; line 504] | docs/governance/OPS-004_REPOSITORY_CANONICAL_MIGRATION_PLAN.md [PATH_REFERENCE; HIGH; line 89] | SPR016_IMPLEMENTATION_REPORT.md [PATH_REFERENCE; HIGH; line 61],YES,DOCUMENTARY_DEPENDENCY,5,CKO_CORE_BASELINE_CONSOLIDATION_REPORT.md [PATH_REFERENCE; HIGH; line 215] | CKO_CORE_BASELINE_EXECUTION_REPORT.md [PATH_REFERENCE; HIGH; line 504] | docs/governance/OPS-004_REPOSITORY_CANONICAL_MIGRATION_PLAN.md [PATH_REFERENCE; HIGH; line 89] | SPR016_IMPLEMENTATION_REPORT.md [PATH_REFERENCE; HIGH; line 61],0,NO_VERIFIED_REFERENCE,5,0,HIGH_REFERENCE_RISK,HIGH,YES,Confirmed HIGH/MEDIUM references recorded in AUD-004 reference matrix.
INV-0032,CKO_DOCUMENT_API.md,MOVE,YES,CKO_CORE_BASELINE_CONSOLIDATION_REPORT.md [PATH_REFERENCE; HIGH; line 216] | CKO_CORE_BASELINE_EXECUTION_REPORT.md [PATH_REFERENCE; HIGH; line 382] | docs/governance/OPS-004_REPOSITORY_CANONICAL_MIGRATION_PLAN.md [PATH_REFERENCE; HIGH; line 90],YES,DOCUMENTARY_DEPENDENCY,4,CKO_CORE_BASELINE_CONSOLIDATION_REPORT.md [PATH_REFERENCE; HIGH; line 216] | CKO_CORE_BASELINE_EXECUTION_REPORT.md [PATH_REFERENCE; HIGH; line 382] | docs/governance/OPS-004_REPOSITORY_CANONICAL_MIGRATION_PLAN.md [PATH_REFERENCE; HIGH; line 90],0,NO_VERIFIED_REFERENCE,4,0,MEDIUM_REFERENCE_RISK,HIGH,YES,Confirmed HIGH/MEDIUM references recorded in AUD-004 reference matrix.
INV-0033,CKO_DOCUMENT_MODEL_ARCHITECTURE.md,MOVE,YES,CKO_CORE_BASELINE_CONSOLIDATION_REPORT.md [PATH_REFERENCE; HIGH; line 217] | CKO_CORE_BASELINE_EXECUTION_REPORT.md [PATH_REFERENCE; HIGH; line 383] | docs/governance/OPS-004_REPOSITORY_CANONICAL_MIGRATION_PLAN.md [PATH_REFERENCE; HIGH; line 91],YES,DOCUMENTARY_DEPENDENCY,4,CKO_CORE_BASELINE_CONSOLIDATION_REPORT.md [PATH_REFERENCE; HIGH; line 217] | CKO_CORE_BASELINE_EXECUTION_REPORT.md [PATH_REFERENCE; HIGH; line 383] | docs/governance/OPS-004_REPOSITORY_CANONICAL_MIGRATION_PLAN.md [PATH_REFERENCE; HIGH; line 91],0,NO_VERIFIED_REFERENCE,4,0,MEDIUM_REFERENCE_RISK,HIGH,YES,Confirmed HIGH/MEDIUM references recorded in AUD-004 reference matrix.
INV-0034,CKO_DOCUMENT_MODEL_GUIDE.md,MOVE,YES,CKO_CORE_BASELINE_CONSOLIDATION_REPORT.md [PATH_REFERENCE; HIGH; line 218] | CKO_CORE_BASELINE_EXECUTION_REPORT.md [PATH_REFERENCE; HIGH; line 384] | docs/governance/OPS-004_REPOSITORY_CANONICAL_MIGRATION_PLAN.md [PATH_REFERENCE; HIGH; line 92],YES,DOCUMENTARY_DEPENDENCY,4,CKO_CORE_BASELINE_CONSOLIDATION_REPORT.md [PATH_REFERENCE; HIGH; line 218] | CKO_CORE_BASELINE_EXECUTION_REPORT.md [PATH_REFERENCE; HIGH; line 384] | docs/governance/OPS-004_REPOSITORY_CANONICAL_MIGRATION_PLAN.md [PATH_REFERENCE; HIGH; line 92],0,NO_VERIFIED_REFERENCE,4,0,MEDIUM_REFERENCE_RISK,HIGH,YES,Confirmed HIGH/MEDIUM references recorded in AUD-004 reference matrix.
INV-0035,CKO_DOCUMENT_SERIALIZATION.md,MOVE,YES,CKO_CORE_BASELINE_CONSOLIDATION_REPORT.md [PATH_REFERENCE; HIGH; line 219] | CKO_CORE_BASELINE_EXECUTION_REPORT.md [PATH_REFERENCE; HIGH; line 385],YES,DOCUMENTARY_DEPENDENCY,2,CKO_CORE_BASELINE_CONSOLIDATION_REPORT.md [PATH_REFERENCE; HIGH; line 219] | CKO_CORE_BASELINE_EXECUTION_REPORT.md [PATH_REFERENCE; HIGH; line 385],0,NO_VERIFIED_REFERENCE,2,0,MEDIUM_REFERENCE_RISK,HIGH,YES,Confirmed HIGH/MEDIUM references recorded in AUD-004 reference matrix.
INV-0036,CKO_GRAPH_API.md,MOVE,YES,CKO_CORE_BASELINE_CONSOLIDATION_REPORT.md [PATH_REFERENCE; HIGH; line 220] | CKO_CORE_BASELINE_EXECUTION_REPORT.md [PATH_REFERENCE; HIGH; line 427],YES,DOCUMENTARY_DEPENDENCY,2,CKO_CORE_BASELINE_CONSOLIDATION_REPORT.md [PATH_REFERENCE; HIGH; line 220] | CKO_CORE_BASELINE_EXECUTION_REPORT.md [PATH_REFERENCE; HIGH; line 427],0,NO_VERIFIED_REFERENCE,2,0,MEDIUM_REFERENCE_RISK,HIGH,YES,Confirmed HIGH/MEDIUM references recorded in AUD-004 reference matrix.
INV-0037,CKO_GRAPH_ARCHITECTURE.md,MOVE,YES,CKO_CORE_BASELINE_CONSOLIDATION_REPORT.md [PATH_REFERENCE; HIGH; line 221] | CKO_CORE_BASELINE_EXECUTION_REPORT.md [PATH_REFERENCE; HIGH; line 428] | SPR017_PREIMPLEMENTATION_ARCHITECTURE_AUDIT.md [PATH_REFERENCE; HIGH; line 183] | SPR017_PREIMPLEMENTATION_ARCHITECTURE_AUDIT.md [PATH_REFERENCE; HIGH; line 233],YES,DOCUMENTARY_DEPENDENCY,4,CKO_CORE_BASELINE_CONSOLIDATION_REPORT.md [PATH_REFERENCE; HIGH; line 221] | CKO_CORE_BASELINE_EXECUTION_REPORT.md [PATH_REFERENCE; HIGH; line 428] | SPR017_PREIMPLEMENTATION_ARCHITECTURE_AUDIT.md [PATH_REFERENCE; HIGH; line 183] | SPR017_PREIMPLEMENTATION_ARCHITECTURE_AUDIT.md [PATH_REFERENCE; HIGH; line 233],0,NO_VERIFIED_REFERENCE,4,0,MEDIUM_REFERENCE_RISK,HIGH,YES,Confirmed HIGH/MEDIUM references recorded in AUD-004 reference matrix.
INV-0038,CKO_GRAPH_MODEL_GUIDE.md,MOVE,YES,CKO_CORE_BASELINE_CONSOLIDATION_REPORT.md [PATH_REFERENCE; HIGH; line 222] | CKO_CORE_BASELINE_EXECUTION_REPORT.md [PATH_REFERENCE; HIGH; line 429],YES,DOCUMENTARY_DEPENDENCY,2,CKO_CORE_BASELINE_CONSOLIDATION_REPORT.md [PATH_REFERENCE; HIGH; line 222] | CKO_CORE_BASELINE_EXECUTION_REPORT.md [PATH_REFERENCE; HIGH; line 429],0,NO_VERIFIED_REFERENCE,2,0,MEDIUM_REFERENCE_RISK,HIGH,YES,Confirmed HIGH/MEDIUM references recorded in AUD-004 reference matrix.
INV-0039,CKO_GRAPH_NAVIGATION.md,MOVE,YES,CKO_CORE_BASELINE_CONSOLIDATION_REPORT.md [PATH_REFERENCE; HIGH; line 223] | CKO_CORE_BASELINE_EXECUTION_REPORT.md [PATH_REFERENCE; HIGH; line 430],YES,DOCUMENTARY_DEPENDENCY,2,CKO_CORE_BASELINE_CONSOLIDATION_REPORT.md [PATH_REFERENCE; HIGH; line 223] | CKO_CORE_BASELINE_EXECUTION_REPORT.md [PATH_REFERENCE; HIGH; line 430],0,NO_VERIFIED_REFERENCE,2,0,MEDIUM_REFERENCE_RISK,HIGH,YES,Confirmed HIGH/MEDIUM references recorded in AUD-004 reference matrix.
INV-0040,CKO_GRAPH_SERIALIZATION.md,MOVE,YES,CKO_CORE_BASELINE_CONSOLIDATION_REPORT.md [PATH_REFERENCE; HIGH; line 224] | CKO_CORE_BASELINE_EXECUTION_REPORT.md [PATH_REFERENCE; HIGH; line 431],YES,DOCUMENTARY_DEPENDENCY,2,CKO_CORE_BASELINE_CONSOLIDATION_REPORT.md [PATH_REFERENCE; HIGH; line 224] | CKO_CORE_BASELINE_EXECUTION_REPORT.md [PATH_REFERENCE; HIGH; line 431],0,NO_VERIFIED_REFERENCE,2,0,MEDIUM_REFERENCE_RISK,HIGH,YES,Confirmed HIGH/MEDIUM references recorded in AUD-004 reference matrix.
INV-0041,CKO_INDEX_API.md,MOVE,YES,CKO_CORE_BASELINE_CONSOLIDATION_REPORT.md [PATH_REFERENCE; HIGH; line 225] | CKO_CORE_BASELINE_EXECUTION_REPORT.md [PATH_REFERENCE; HIGH; line 473],YES,DOCUMENTARY_DEPENDENCY,2,CKO_CORE_BASELINE_CONSOLIDATION_REPORT.md [PATH_REFERENCE; HIGH; line 225] | CKO_CORE_BASELINE_EXECUTION_REPORT.md [PATH_REFERENCE; HIGH; line 473],0,NO_VERIFIED_REFERENCE,2,0,MEDIUM_REFERENCE_RISK,HIGH,YES,Confirmed HIGH/MEDIUM references recorded in AUD-004 reference matrix.
INV-0042,CKO_INDEX_ARCHITECTURE.md,MOVE,YES,CKO_CORE_BASELINE_CONSOLIDATION_REPORT.md [PATH_REFERENCE; HIGH; line 226] | CKO_CORE_BASELINE_EXECUTION_REPORT.md [PATH_REFERENCE; HIGH; line 474] | SPR016_PREIMPLEMENTATION_ARCHITECTURE_AUDIT.md [PATH_REFERENCE; HIGH; line 80],YES,DOCUMENTARY_DEPENDENCY,4,CKO_CORE_BASELINE_CONSOLIDATION_REPORT.md [PATH_REFERENCE; HIGH; line 226] | CKO_CORE_BASELINE_EXECUTION_REPORT.md [PATH_REFERENCE; HIGH; line 474] | SPR016_PREIMPLEMENTATION_ARCHITECTURE_AUDIT.md [PATH_REFERENCE; HIGH; line 80],1,SPR014_IMPLEMENTATION_REPORT.md [IDENTIFIER_REFERENCE; MEDIUM; line 9],4,1,MEDIUM_REFERENCE_RISK,HIGH,YES,Confirmed HIGH/MEDIUM references recorded in AUD-004 reference matrix.
INV-0043,CKO_INDEX_MODEL_GUIDE.md,MOVE,YES,CKO_CORE_BASELINE_CONSOLIDATION_REPORT.md [PATH_REFERENCE; HIGH; line 227] | CKO_CORE_BASELINE_EXECUTION_REPORT.md [PATH_REFERENCE; HIGH; line 475],YES,DOCUMENTARY_DEPENDENCY,2,CKO_CORE_BASELINE_CONSOLIDATION_REPORT.md [PATH_REFERENCE; HIGH; line 227] | CKO_CORE_BASELINE_EXECUTION_REPORT.md [PATH_REFERENCE; HIGH; line 475],0,NO_VERIFIED_REFERENCE,2,0,MEDIUM_REFERENCE_RISK,HIGH,YES,Confirmed HIGH/MEDIUM references recorded in AUD-004 reference matrix.
INV-0044,CKO_INDEX_OPERATIONS.md,MOVE,YES,CKO_CORE_BASELINE_CONSOLIDATION_REPORT.md [PATH_REFERENCE; HIGH; line 228] | CKO_CORE_BASELINE_EXECUTION_REPORT.md [PATH_REFERENCE; HIGH; line 476],YES,DOCUMENTARY_DEPENDENCY,2,CKO_CORE_BASELINE_CONSOLIDATION_REPORT.md [PATH_REFERENCE; HIGH; line 228] | CKO_CORE_BASELINE_EXECUTION_REPORT.md [PATH_REFERENCE; HIGH; line 476],1,SPR014_IMPLEMENTATION_REPORT.md [IDENTIFIER_REFERENCE; MEDIUM; line 9],2,1,MEDIUM_REFERENCE_RISK,HIGH,YES,Confirmed HIGH/MEDIUM references recorded in AUD-004 reference matrix.
INV-0045,CKO_INDEX_SERIALIZATION.md,MOVE,YES,CKO_CORE_BASELINE_CONSOLIDATION_REPORT.md [PATH_REFERENCE; HIGH; line 229] | CKO_CORE_BASELINE_EXECUTION_REPORT.md [PATH_REFERENCE; HIGH; line 477],YES,DOCUMENTARY_DEPENDENCY,2,CKO_CORE_BASELINE_CONSOLIDATION_REPORT.md [PATH_REFERENCE; HIGH; line 229] | CKO_CORE_BASELINE_EXECUTION_REPORT.md [PATH_REFERENCE; HIGH; line 477],0,NO_VERIFIED_REFERENCE,2,0,MEDIUM_REFERENCE_RISK,HIGH,YES,Confirmed HIGH/MEDIUM references recorded in AUD-004 reference matrix.
INV-0046,CKO_KNOWLEDGE_OBJECT_API.md,MOVE,YES,CKO_CORE_BASELINE_CONSOLIDATION_REPORT.md [PATH_REFERENCE; HIGH; line 230] | CKO_CORE_BASELINE_EXECUTION_REPORT.md [PATH_REFERENCE; HIGH; line 359] | SPR010_IMPLEMENTATION_REPORT.md [PATH_REFERENCE; HIGH; line 81],YES,DOCUMENTARY_DEPENDENCY,3,CKO_CORE_BASELINE_CONSOLIDATION_REPORT.md [PATH_REFERENCE; HIGH; line 230] | CKO_CORE_BASELINE_EXECUTION_REPORT.md [PATH_REFERENCE; HIGH; line 359] | SPR010_IMPLEMENTATION_REPORT.md [PATH_REFERENCE; HIGH; line 81],0,NO_VERIFIED_REFERENCE,3,0,MEDIUM_REFERENCE_RISK,HIGH,YES,Confirmed HIGH/MEDIUM references recorded in AUD-004 reference matrix.
INV-0047,CKO_KNOWLEDGE_OBJECT_ARCHITECTURE.md,MOVE,YES,CKO_CORE_BASELINE_CONSOLIDATION_REPORT.md [PATH_REFERENCE; HIGH; line 231] | CKO_CORE_BASELINE_EXECUTION_REPORT.md [PATH_REFERENCE; HIGH; line 360] | SPR010_IMPLEMENTATION_REPORT.md [PATH_REFERENCE; HIGH; line 78] | SPR017_PREIMPLEMENTATION_ARCHITECTURE_AUDIT.md [PATH_REFERENCE; HIGH; line 199],YES,DOCUMENTARY_DEPENDENCY,4,CKO_CORE_BASELINE_CONSOLIDATION_REPORT.md [PATH_REFERENCE; HIGH; line 231] | CKO_CORE_BASELINE_EXECUTION_REPORT.md [PATH_REFERENCE; HIGH; line 360] | SPR010_IMPLEMENTATION_REPORT.md [PATH_REFERENCE; HIGH; line 78] | SPR017_PREIMPLEMENTATION_ARCHITECTURE_AUDIT.md [PATH_REFERENCE; HIGH; line 199],1,SPR010_IMPLEMENTATION_REPORT.md [IDENTIFIER_REFERENCE; MEDIUM; line 5],4,1,MEDIUM_REFERENCE_RISK,HIGH,YES,Confirmed HIGH/MEDIUM references recorded in AUD-004 reference matrix.
INV-0048,CKO_KNOWLEDGE_OBJECT_SERIALIZATION.md,MOVE,YES,CKO_CORE_BASELINE_CONSOLIDATION_REPORT.md [PATH_REFERENCE; HIGH; line 232] | CKO_CORE_BASELINE_EXECUTION_REPORT.md [PATH_REFERENCE; HIGH; line 361] | SPR010_IMPLEMENTATION_REPORT.md [PATH_REFERENCE; HIGH; line 79],YES,DOCUMENTARY_DEPENDENCY,3,CKO_CORE_BASELINE_CONSOLIDATION_REPORT.md [PATH_REFERENCE; HIGH; line 232] | CKO_CORE_BASELINE_EXECUTION_REPORT.md [PATH_REFERENCE; HIGH; line 361] | SPR010_IMPLEMENTATION_REPORT.md [PATH_REFERENCE; HIGH; line 79],0,NO_VERIFIED_REFERENCE,3,0,MEDIUM_REFERENCE_RISK,HIGH,YES,Confirmed HIGH/MEDIUM references recorded in AUD-004 reference matrix.
INV-0049,CKO_KNOWLEDGE_OBJECT_VERSIONING.md,MOVE,YES,CKO_CORE_BASELINE_CONSOLIDATION_REPORT.md [PATH_REFERENCE; HIGH; line 233] | CKO_CORE_BASELINE_EXECUTION_REPORT.md [PATH_REFERENCE; HIGH; line 362] | SPR010_IMPLEMENTATION_REPORT.md [PATH_REFERENCE; HIGH; line 80],YES,DOCUMENTARY_DEPENDENCY,3,CKO_CORE_BASELINE_CONSOLIDATION_REPORT.md [PATH_REFERENCE; HIGH; line 233] | CKO_CORE_BASELINE_EXECUTION_REPORT.md [PATH_REFERENCE; HIGH; line 362] | SPR010_IMPLEMENTATION_REPORT.md [PATH_REFERENCE; HIGH; line 80],1,SPR010_IMPLEMENTATION_REPORT.md [IDENTIFIER_REFERENCE; MEDIUM; line 13],3,1,MEDIUM_REFERENCE_RISK,HIGH,YES,Confirmed HIGH/MEDIUM references recorded in AUD-004 reference matrix.
INV-0050,CKO_PROVENANCE_STATEMENT_API.md,MOVE,YES,CKO_CORE_BASELINE_CONSOLIDATION_REPORT.md [PATH_REFERENCE; HIGH; line 234] | CKO_CORE_BASELINE_EXECUTION_REPORT.md [PATH_REFERENCE; HIGH; line 525] | CKO_CORE_V1_PUBLIC_API_CATALOG.md [PATH_REFERENCE; HIGH; line 146] | SPR017_IMPLEMENTATION_REPORT.md [PATH_REFERENCE; HIGH; line 39] | SPR017_TECHNICAL_SPECIFICATION.md [PATH_REFERENCE; HIGH; line 652],YES,DOCUMENTARY_DEPENDENCY,5,CKO_CORE_BASELINE_CONSOLIDATION_REPORT.md [PATH_REFERENCE; HIGH; line 234] | CKO_CORE_BASELINE_EXECUTION_REPORT.md [PATH_REFERENCE; HIGH; line 525] | CKO_CORE_V1_PUBLIC_API_CATALOG.md [PATH_REFERENCE; HIGH; line 146] | SPR017_IMPLEMENTATION_REPORT.md [PATH_REFERENCE; HIGH; line 39] | SPR017_TECHNICAL_SPECIFICATION.md [PATH_REFERENCE; HIGH; line 652],0,NO_VERIFIED_REFERENCE,5,0,HIGH_REFERENCE_RISK,HIGH,YES,Confirmed HIGH/MEDIUM references recorded in AUD-004 reference matrix.
INV-0051,CKO_PROVENANCE_STATEMENT_ARCHITECTURE.md,MOVE,YES,CKO_CORE_BASELINE_CONSOLIDATION_REPORT.md [PATH_REFERENCE; HIGH; line 235] | CKO_CORE_BASELINE_EXECUTION_REPORT.md [PATH_REFERENCE; HIGH; line 526] | SPR017_IMPLEMENTATION_REPORT.md [PATH_REFERENCE; HIGH; line 38] | SPR017_TECHNICAL_SPECIFICATION.md [PATH_REFERENCE; HIGH; line 651],YES,DOCUMENTARY_DEPENDENCY,4,CKO_CORE_BASELINE_CONSOLIDATION_REPORT.md [PATH_REFERENCE; HIGH; line 235] | CKO_CORE_BASELINE_EXECUTION_REPORT.md [PATH_REFERENCE; HIGH; line 526] | SPR017_IMPLEMENTATION_REPORT.md [PATH_REFERENCE; HIGH; line 38] | SPR017_TECHNICAL_SPECIFICATION.md [PATH_REFERENCE; HIGH; line 651],0,NO_VERIFIED_REFERENCE,4,0,MEDIUM_REFERENCE_RISK,HIGH,YES,Confirmed HIGH/MEDIUM references recorded in AUD-004 reference matrix.
INV-0052,CKO_PROVENANCE_STATEMENT_INTEGRATION.md,MOVE,YES,CKO_CORE_BASELINE_CONSOLIDATION_REPORT.md [PATH_REFERENCE; HIGH; line 236] | CKO_CORE_BASELINE_EXECUTION_REPORT.md [PATH_REFERENCE; HIGH; line 527] | SPR017_IMPLEMENTATION_REPORT.md [PATH_REFERENCE; HIGH; line 43] | SPR017_TECHNICAL_SPECIFICATION.md [PATH_REFERENCE; HIGH; line 656],YES,DOCUMENTARY_DEPENDENCY,4,CKO_CORE_BASELINE_CONSOLIDATION_REPORT.md [PATH_REFERENCE; HIGH; line 236] | CKO_CORE_BASELINE_EXECUTION_REPORT.md [PATH_REFERENCE; HIGH; line 527] | SPR017_IMPLEMENTATION_REPORT.md [PATH_REFERENCE; HIGH; line 43] | SPR017_TECHNICAL_SPECIFICATION.md [PATH_REFERENCE; HIGH; line 656],0,NO_VERIFIED_REFERENCE,4,0,MEDIUM_REFERENCE_RISK,HIGH,YES,Confirmed HIGH/MEDIUM references recorded in AUD-004 reference matrix.
INV-0053,CKO_PROVENANCE_STATEMENT_MODEL_GUIDE.md,MOVE,YES,CKO_CORE_BASELINE_CONSOLIDATION_REPORT.md [PATH_REFERENCE; HIGH; line 237] | CKO_CORE_BASELINE_EXECUTION_REPORT.md [PATH_REFERENCE; HIGH; line 528] | SPR017_IMPLEMENTATION_REPORT.md [PATH_REFERENCE; HIGH; line 40] | SPR017_TECHNICAL_SPECIFICATION.md [PATH_REFERENCE; HIGH; line 653],YES,DOCUMENTARY_DEPENDENCY,4,CKO_CORE_BASELINE_CONSOLIDATION_REPORT.md [PATH_REFERENCE; HIGH; line 237] | CKO_CORE_BASELINE_EXECUTION_REPORT.md [PATH_REFERENCE; HIGH; line 528] | SPR017_IMPLEMENTATION_REPORT.md [PATH_REFERENCE; HIGH; line 40] | SPR017_TECHNICAL_SPECIFICATION.md [PATH_REFERENCE; HIGH; line 653],0,NO_VERIFIED_REFERENCE,4,0,MEDIUM_REFERENCE_RISK,HIGH,YES,Confirmed HIGH/MEDIUM references recorded in AUD-004 reference matrix.
INV-0054,CKO_PROVENANCE_STATEMENT_OPERATIONS.md,MOVE,YES,CKO_CORE_BASELINE_CONSOLIDATION_REPORT.md [PATH_REFERENCE; HIGH; line 238] | CKO_CORE_BASELINE_EXECUTION_REPORT.md [PATH_REFERENCE; HIGH; line 529] | SPR017_IMPLEMENTATION_REPORT.md [PATH_REFERENCE; HIGH; line 42] | SPR017_TECHNICAL_SPECIFICATION.md [PATH_REFERENCE; HIGH; line 655],YES,DOCUMENTARY_DEPENDENCY,4,CKO_CORE_BASELINE_CONSOLIDATION_REPORT.md [PATH_REFERENCE; HIGH; line 238] | CKO_CORE_BASELINE_EXECUTION_REPORT.md [PATH_REFERENCE; HIGH; line 529] | SPR017_IMPLEMENTATION_REPORT.md [PATH_REFERENCE; HIGH; line 42] | SPR017_TECHNICAL_SPECIFICATION.md [PATH_REFERENCE; HIGH; line 655],0,NO_VERIFIED_REFERENCE,4,0,MEDIUM_REFERENCE_RISK,HIGH,YES,Confirmed HIGH/MEDIUM references recorded in AUD-004 reference matrix.
INV-0055,CKO_PROVENANCE_STATEMENT_SERIALIZATION.md,MOVE,YES,CKO_CORE_BASELINE_CONSOLIDATION_REPORT.md [PATH_REFERENCE; HIGH; line 239] | CKO_CORE_BASELINE_EXECUTION_REPORT.md [PATH_REFERENCE; HIGH; line 530] | SPR017_IMPLEMENTATION_REPORT.md [PATH_REFERENCE; HIGH; line 41] | SPR017_TECHNICAL_SPECIFICATION.md [PATH_REFERENCE; HIGH; line 654],YES,DOCUMENTARY_DEPENDENCY,4,CKO_CORE_BASELINE_CONSOLIDATION_REPORT.md [PATH_REFERENCE; HIGH; line 239] | CKO_CORE_BASELINE_EXECUTION_REPORT.md [PATH_REFERENCE; HIGH; line 530] | SPR017_IMPLEMENTATION_REPORT.md [PATH_REFERENCE; HIGH; line 41] | SPR017_TECHNICAL_SPECIFICATION.md [PATH_REFERENCE; HIGH; line 654],0,NO_VERIFIED_REFERENCE,4,0,MEDIUM_REFERENCE_RISK,HIGH,YES,Confirmed HIGH/MEDIUM references recorded in AUD-004 reference matrix.
INV-0056,CKO_QUERY_API.md,MOVE,YES,CKO_CORE_BASELINE_CONSOLIDATION_REPORT.md [PATH_REFERENCE; HIGH; line 240] | CKO_CORE_BASELINE_EXECUTION_REPORT.md [PATH_REFERENCE; HIGH; line 451],YES,DOCUMENTARY_DEPENDENCY,2,CKO_CORE_BASELINE_CONSOLIDATION_REPORT.md [PATH_REFERENCE; HIGH; line 240] | CKO_CORE_BASELINE_EXECUTION_REPORT.md [PATH_REFERENCE; HIGH; line 451],0,NO_VERIFIED_REFERENCE,2,0,MEDIUM_REFERENCE_RISK,HIGH,YES,Confirmed HIGH/MEDIUM references recorded in AUD-004 reference matrix.
INV-0057,CKO_QUERY_ARCHITECTURE.md,MOVE,YES,CKO_CORE_BASELINE_CONSOLIDATION_REPORT.md [PATH_REFERENCE; HIGH; line 241] | CKO_CORE_BASELINE_EXECUTION_REPORT.md [PATH_REFERENCE; HIGH; line 452],YES,DOCUMENTARY_DEPENDENCY,2,CKO_CORE_BASELINE_CONSOLIDATION_REPORT.md [PATH_REFERENCE; HIGH; line 241] | CKO_CORE_BASELINE_EXECUTION_REPORT.md [PATH_REFERENCE; HIGH; line 452],5,SPR010_IMPLEMENTATION_REPORT.md [IDENTIFIER_REFERENCE; MEDIUM; line 13] | SPR011_IMPLEMENTATION_REPORT.md [IDENTIFIER_REFERENCE; MEDIUM; line 14] | SPR012_IMPLEMENTATION_REPORT.md [IDENTIFIER_REFERENCE; MEDIUM; line 15] | SPR013_IMPLEMENTATION_REPORT.md [IDENTIFIER_REFERENCE; MEDIUM; line 16] | SPR014_IMPLEMENTATION_REPORT.md [IDENTIFIER_REFERENCE; MEDIUM; line 53],2,5,MEDIUM_REFERENCE_RISK,HIGH,YES,Confirmed HIGH/MEDIUM references recorded in AUD-004 reference matrix.
INV-0058,CKO_QUERY_MODEL_GUIDE.md,MOVE,YES,CKO_CORE_BASELINE_CONSOLIDATION_REPORT.md [PATH_REFERENCE; HIGH; line 242] | CKO_CORE_BASELINE_EXECUTION_REPORT.md [PATH_REFERENCE; HIGH; line 453],YES,DOCUMENTARY_DEPENDENCY,2,CKO_CORE_BASELINE_CONSOLIDATION_REPORT.md [PATH_REFERENCE; HIGH; line 242] | CKO_CORE_BASELINE_EXECUTION_REPORT.md [PATH_REFERENCE; HIGH; line 453],1,SPR014_IMPLEMENTATION_REPORT.md [IDENTIFIER_REFERENCE; MEDIUM; line 49],2,1,MEDIUM_REFERENCE_RISK,HIGH,YES,Confirmed HIGH/MEDIUM references recorded in AUD-004 reference matrix.
INV-0059,CKO_QUERY_SERIALIZATION.md,MOVE,YES,CKO_CORE_BASELINE_CONSOLIDATION_REPORT.md [PATH_REFERENCE; HIGH; line 243] | CKO_CORE_BASELINE_EXECUTION_REPORT.md [PATH_REFERENCE; HIGH; line 454],YES,DOCUMENTARY_DEPENDENCY,2,CKO_CORE_BASELINE_CONSOLIDATION_REPORT.md [PATH_REFERENCE; HIGH; line 243] | CKO_CORE_BASELINE_EXECUTION_REPORT.md [PATH_REFERENCE; HIGH; line 454],0,NO_VERIFIED_REFERENCE,2,0,MEDIUM_REFERENCE_RISK,HIGH,YES,Confirmed HIGH/MEDIUM references recorded in AUD-004 reference matrix.
INV-0060,CKO_RELATIONSHIP_API.md,MOVE,YES,CKO_CORE_BASELINE_CONSOLIDATION_REPORT.md [PATH_REFERENCE; HIGH; line 244] | CKO_CORE_BASELINE_EXECUTION_REPORT.md [PATH_REFERENCE; HIGH; line 404] | SPR012_IMPLEMENTATION_REPORT.md [PATH_REFERENCE; HIGH; line 43],YES,DOCUMENTARY_DEPENDENCY,3,CKO_CORE_BASELINE_CONSOLIDATION_REPORT.md [PATH_REFERENCE; HIGH; line 244] | CKO_CORE_BASELINE_EXECUTION_REPORT.md [PATH_REFERENCE; HIGH; line 404] | SPR012_IMPLEMENTATION_REPORT.md [PATH_REFERENCE; HIGH; line 43],1,SPR012_IMPLEMENTATION_REPORT.md [IDENTIFIER_REFERENCE; MEDIUM; line 5],3,1,MEDIUM_REFERENCE_RISK,HIGH,YES,Confirmed HIGH/MEDIUM references recorded in AUD-004 reference matrix.
INV-0061,CKO_RELATIONSHIP_ARCHITECTURE.md,MOVE,YES,CKO_CORE_BASELINE_CONSOLIDATION_REPORT.md [PATH_REFERENCE; HIGH; line 245] | CKO_CORE_BASELINE_EXECUTION_REPORT.md [PATH_REFERENCE; HIGH; line 405] | SPR012_IMPLEMENTATION_REPORT.md [PATH_REFERENCE; HIGH; line 41] | SPR017_PREIMPLEMENTATION_ARCHITECTURE_AUDIT.md [PATH_REFERENCE; HIGH; line 181],YES,DOCUMENTARY_DEPENDENCY,4,CKO_CORE_BASELINE_CONSOLIDATION_REPORT.md [PATH_REFERENCE; HIGH; line 245] | CKO_CORE_BASELINE_EXECUTION_REPORT.md [PATH_REFERENCE; HIGH; line 405] | SPR012_IMPLEMENTATION_REPORT.md [PATH_REFERENCE; HIGH; line 41] | SPR017_PREIMPLEMENTATION_ARCHITECTURE_AUDIT.md [PATH_REFERENCE; HIGH; line 181],2,SPR012_IMPLEMENTATION_REPORT.md [IDENTIFIER_REFERENCE; MEDIUM; line 5] | SPR012_IMPLEMENTATION_REPORT.md [IDENTIFIER_REFERENCE; MEDIUM; line 77],4,2,MEDIUM_REFERENCE_RISK,HIGH,YES,Confirmed HIGH/MEDIUM references recorded in AUD-004 reference matrix.
INV-0062,CKO_RELATIONSHIP_MODEL_GUIDE.md,MOVE,YES,CKO_CORE_BASELINE_CONSOLIDATION_REPORT.md [PATH_REFERENCE; HIGH; line 246] | CKO_CORE_BASELINE_EXECUTION_REPORT.md [PATH_REFERENCE; HIGH; line 406] | SPR012_IMPLEMENTATION_REPORT.md [PATH_REFERENCE; HIGH; line 44],YES,DOCUMENTARY_DEPENDENCY,3,CKO_CORE_BASELINE_CONSOLIDATION_REPORT.md [PATH_REFERENCE; HIGH; line 246] | CKO_CORE_BASELINE_EXECUTION_REPORT.md [PATH_REFERENCE; HIGH; line 406] | SPR012_IMPLEMENTATION_REPORT.md [PATH_REFERENCE; HIGH; line 44],1,SPR012_IMPLEMENTATION_REPORT.md [IDENTIFIER_REFERENCE; MEDIUM; line 34],3,1,MEDIUM_REFERENCE_RISK,HIGH,YES,Confirmed HIGH/MEDIUM references recorded in AUD-004 reference matrix.
INV-0063,CKO_RELATIONSHIP_SERIALIZATION.md,MOVE,YES,CKO_CORE_BASELINE_CONSOLIDATION_REPORT.md [PATH_REFERENCE; HIGH; line 247] | CKO_CORE_BASELINE_EXECUTION_REPORT.md [PATH_REFERENCE; HIGH; line 407] | SPR012_IMPLEMENTATION_REPORT.md [PATH_REFERENCE; HIGH; line 42],YES,DOCUMENTARY_DEPENDENCY,3,CKO_CORE_BASELINE_CONSOLIDATION_REPORT.md [PATH_REFERENCE; HIGH; line 247] | CKO_CORE_BASELINE_EXECUTION_REPORT.md [PATH_REFERENCE; HIGH; line 407] | SPR012_IMPLEMENTATION_REPORT.md [PATH_REFERENCE; HIGH; line 42],0,NO_VERIFIED_REFERENCE,3,0,MEDIUM_REFERENCE_RISK,HIGH,YES,Confirmed HIGH/MEDIUM references recorded in AUD-004 reference matrix.
INV-0064,CKO_RUNTIME.cmd,KEEP,YES,ARCH-001_CKO_CORE_MASTER_ARCHITECTURE.md [PATH_REFERENCE; HIGH; line 289] | ARCH-001_CKO_CORE_MASTER_ARCHITECTURE.md [PATH_REFERENCE; HIGH; line 583] | ARCH-001_CKO_CORE_MASTER_ARCHITECTURE_v1.1.md [PATH_REFERENCE; HIGH; line 311] | CKO_CORE_BASELINE_CONSOLIDATION_REPORT.md [PATH_REFERENCE; HIGH; line 248] | CKO_CORE_BASELINE_EXECUTION_REPORT.md [PATH_REFERENCE; HIGH; line 74] | CKO_CORE_V1_TEST_AND_COVERAGE_REPORT.md [PATH_REFERENCE; HIGH; line 16] | SPR008OA_IMPLEMENTATION_REPORT.md [PATH_REFERENCE; HIGH; line 112] | SPR008OA_IMPLEMENTATION_REPORT.md [PATH_REFERENCE; HIGH; line 223] | SPR008OA_IMPLEMENTATION_REPORT.md [PATH_REFERENCE; HIGH; line 93] | SPR009_ARCHITECTURE_CERTIFICATION_REPORT.md [PATH_REFERENCE; HIGH; line 25] | SPR009_ARCHITECTURE_CERTIFICATION_REPORT.md [PATH_REFERENCE; HIGH; line 26] | SPR009_IMPLEMENTATION_REPORT.md [PATH_REFERENCE; HIGH; line 46] | SPR009A_IMPLEMENTATION_REPORT.md [PATH_REFERENCE; HIGH; line 186] | tests/test_workspace_manager.py [PATH_REFERENCE; HIGH; line 228],YES,DOCUMENTARY_DEPENDENCY | OPERATIONAL_DEPENDENCY,14,ARCH-001_CKO_CORE_MASTER_ARCHITECTURE.md [PATH_REFERENCE; HIGH; line 289] | ARCH-001_CKO_CORE_MASTER_ARCHITECTURE.md [PATH_REFERENCE; HIGH; line 583] | ARCH-001_CKO_CORE_MASTER_ARCHITECTURE_v1.1.md [PATH_REFERENCE; HIGH; line 311] | CKO_CORE_BASELINE_CONSOLIDATION_REPORT.md [PATH_REFERENCE; HIGH; line 248] | CKO_CORE_BASELINE_EXECUTION_REPORT.md [PATH_REFERENCE; HIGH; line 74] | CKO_CORE_V1_TEST_AND_COVERAGE_REPORT.md [PATH_REFERENCE; HIGH; line 16] | SPR008OA_IMPLEMENTATION_REPORT.md [PATH_REFERENCE; HIGH; line 112] | SPR008OA_IMPLEMENTATION_REPORT.md [PATH_REFERENCE; HIGH; line 223] | SPR008OA_IMPLEMENTATION_REPORT.md [PATH_REFERENCE; HIGH; line 93] | SPR009_ARCHITECTURE_CERTIFICATION_REPORT.md [PATH_REFERENCE; HIGH; line 25] | SPR009_ARCHITECTURE_CERTIFICATION_REPORT.md [PATH_REFERENCE; HIGH; line 26] | SPR009_IMPLEMENTATION_REPORT.md [PATH_REFERENCE; HIGH; line 46] | SPR009A_IMPLEMENTATION_REPORT.md [PATH_REFERENCE; HIGH; line 186] | tests/test_workspace_manager.py [PATH_REFERENCE; HIGH; line 228],0,NO_VERIFIED_REFERENCE,14,0,MEDIUM_REFERENCE_RISK,HIGH,NO,Confirmed HIGH/MEDIUM references recorded in AUD-004 reference matrix.
INV-0065,CKO_SPR_003_INVENTARIO_SEGURO.zip,HOLD,YES,CKO_CORE_BASELINE_CONSOLIDATION_REPORT.md [PATH_REFERENCE; HIGH; line 85] | docs/audits/documentation/AUD-003_OPS-004_TEXTUAL_INTEGRITY_ASSESSMENT.md [PATH_REFERENCE; HIGH; line 63],YES,DOCUMENTARY_DEPENDENCY,2,CKO_CORE_BASELINE_CONSOLIDATION_REPORT.md [PATH_REFERENCE; HIGH; line 85] | docs/audits/documentation/AUD-003_OPS-004_TEXTUAL_INTEGRITY_ASSESSMENT.md [PATH_REFERENCE; HIGH; line 63],0,NO_VERIFIED_REFERENCE,2,0,MEDIUM_REFERENCE_RISK,HIGH,YES,"Confirmed HIGH/MEDIUM references recorded in AUD-004 reference matrix. HOLD preserved; retention, authority, and disposition remain for human review."
INV-0066,CKO_SPR_004_INVENTARIO_CANONICO.zip,HOLD,YES,CKO_CORE_BASELINE_CONSOLIDATION_REPORT.md [PATH_REFERENCE; HIGH; line 85] | docs/audits/documentation/AUD-003_OPS-004_TEXTUAL_INTEGRITY_ASSESSMENT.md [PATH_REFERENCE; HIGH; line 63],YES,DOCUMENTARY_DEPENDENCY,2,CKO_CORE_BASELINE_CONSOLIDATION_REPORT.md [PATH_REFERENCE; HIGH; line 85] | docs/audits/documentation/AUD-003_OPS-004_TEXTUAL_INTEGRITY_ASSESSMENT.md [PATH_REFERENCE; HIGH; line 63],0,NO_VERIFIED_REFERENCE,2,0,MEDIUM_REFERENCE_RISK,HIGH,YES,"Confirmed HIGH/MEDIUM references recorded in AUD-004 reference matrix. HOLD preserved; retention, authority, and disposition remain for human review."
INV-0067,CKO_TESTS.cmd,KEEP,YES,ARCH-001_CKO_CORE_MASTER_ARCHITECTURE.md [PATH_REFERENCE; HIGH; line 287] | ARCH-001_CKO_CORE_MASTER_ARCHITECTURE.md [PATH_REFERENCE; HIGH; line 582] | ARCH-001_CKO_CORE_MASTER_ARCHITECTURE_v1.1.md [PATH_REFERENCE; HIGH; line 309] | CKO_CORE_BASELINE_CONSOLIDATION_REPORT.md [PATH_REFERENCE; HIGH; line 249] | CKO_CORE_BASELINE_EXECUTION_REPORT.md [PATH_REFERENCE; HIGH; line 75] | CKO_CORE_V1_DEPENDENCY_MATRIX.md [PATH_REFERENCE; HIGH; line 58] | CKO_CORE_V1_TEST_AND_COVERAGE_REPORT.md [PATH_REFERENCE; HIGH; line 11] | CKO_CORE_V1_TEST_AND_COVERAGE_REPORT.md [PATH_REFERENCE; HIGH; line 12] | CKO_CORE_V1_TEST_AND_COVERAGE_REPORT.md [PATH_REFERENCE; HIGH; line 13] | CKO_CORE_V1_TEST_AND_COVERAGE_REPORT.md [PATH_REFERENCE; HIGH; line 14] | CKO_CORE_V1_TEST_AND_COVERAGE_REPORT.md [PATH_REFERENCE; HIGH; line 15] | CKO_CORE_V1_TEST_AND_COVERAGE_REPORT.md [PATH_REFERENCE; HIGH; line 30] | SPR008OA_IMPLEMENTATION_REPORT.md [PATH_REFERENCE; HIGH; line 190] | SPR008OA_IMPLEMENTATION_REPORT.md [PATH_REFERENCE; HIGH; line 221] | SPR008OA_IMPLEMENTATION_REPORT.md [PATH_REFERENCE; HIGH; line 89] | SPR008P_IMPLEMENTATION_REPORT.md [PATH_REFERENCE; HIGH; line 201] | SPR008Q_IMPLEMENTATION_REPORT.md [PATH_REFERENCE; HIGH; line 206] | SPR009_ARCHITECTURE_CERTIFICATION_REPORT.md [PATH_REFERENCE; HIGH; line 115] | SPR009_IMPLEMENTATION_REPORT.md [PATH_REFERENCE; HIGH; line 41] | SPR009_IMPLEMENTATION_REPORT.md [PATH_REFERENCE; HIGH; line 42] | SPR009_IMPLEMENTATION_REPORT.md [PATH_REFERENCE; HIGH; line 43] | SPR009_IMPLEMENTATION_REPORT.md [PATH_REFERENCE; HIGH; line 44] | SPR009_IMPLEMENTATION_REPORT.md [PATH_REFERENCE; HIGH; line 45] | SPR009A_IMPLEMENTATION_REPORT.md [PATH_REFERENCE; HIGH; line 166] | SPR010_IMPLEMENTATION_REPORT.md [PATH_REFERENCE; HIGH; line 45] | tests/test_workspace_manager.py [PATH_REFERENCE; HIGH; line 228],YES,DOCUMENTARY_DEPENDENCY | OPERATIONAL_DEPENDENCY,26,ARCH-001_CKO_CORE_MASTER_ARCHITECTURE.md [PATH_REFERENCE; HIGH; line 287] | ARCH-001_CKO_CORE_MASTER_ARCHITECTURE.md [PATH_REFERENCE; HIGH; line 582] | ARCH-001_CKO_CORE_MASTER_ARCHITECTURE_v1.1.md [PATH_REFERENCE; HIGH; line 309] | CKO_CORE_BASELINE_CONSOLIDATION_REPORT.md [PATH_REFERENCE; HIGH; line 249] | CKO_CORE_BASELINE_EXECUTION_REPORT.md [PATH_REFERENCE; HIGH; line 75] | CKO_CORE_V1_DEPENDENCY_MATRIX.md [PATH_REFERENCE; HIGH; line 58] | CKO_CORE_V1_TEST_AND_COVERAGE_REPORT.md [PATH_REFERENCE; HIGH; line 11] | CKO_CORE_V1_TEST_AND_COVERAGE_REPORT.md [PATH_REFERENCE; HIGH; line 12] | CKO_CORE_V1_TEST_AND_COVERAGE_REPORT.md [PATH_REFERENCE; HIGH; line 13] | CKO_CORE_V1_TEST_AND_COVERAGE_REPORT.md [PATH_REFERENCE; HIGH; line 14] | CKO_CORE_V1_TEST_AND_COVERAGE_REPORT.md [PATH_REFERENCE; HIGH; line 15] | CKO_CORE_V1_TEST_AND_COVERAGE_REPORT.md [PATH_REFERENCE; HIGH; line 30] | SPR008OA_IMPLEMENTATION_REPORT.md [PATH_REFERENCE; HIGH; line 190] | SPR008OA_IMPLEMENTATION_REPORT.md [PATH_REFERENCE; HIGH; line 221] | SPR008OA_IMPLEMENTATION_REPORT.md [PATH_REFERENCE; HIGH; line 89] | SPR008P_IMPLEMENTATION_REPORT.md [PATH_REFERENCE; HIGH; line 201] | SPR008Q_IMPLEMENTATION_REPORT.md [PATH_REFERENCE; HIGH; line 206] | SPR009_ARCHITECTURE_CERTIFICATION_REPORT.md [PATH_REFERENCE; HIGH; line 115] | SPR009_IMPLEMENTATION_REPORT.md [PATH_REFERENCE; HIGH; line 41] | SPR009_IMPLEMENTATION_REPORT.md [PATH_REFERENCE; HIGH; line 42] | SPR009_IMPLEMENTATION_REPORT.md [PATH_REFERENCE; HIGH; line 43] | SPR009_IMPLEMENTATION_REPORT.md [PATH_REFERENCE; HIGH; line 44] | SPR009_IMPLEMENTATION_REPORT.md [PATH_REFERENCE; HIGH; line 45] | SPR009A_IMPLEMENTATION_REPORT.md [PATH_REFERENCE; HIGH; line 166] | SPR010_IMPLEMENTATION_REPORT.md [PATH_REFERENCE; HIGH; line 45] | tests/test_workspace_manager.py [PATH_REFERENCE; HIGH; line 228],0,NO_VERIFIED_REFERENCE,26,0,MEDIUM_REFERENCE_RISK,HIGH,NO,Confirmed HIGH/MEDIUM references recorded in AUD-004 reference matrix.
INV-0068,CODE_OF_CONDUCT.md,KEEP,YES,docs/governance/GOV-007_REPOSITORY_CANONICAL_ORGANIZATION.md [PATH_REFERENCE; HIGH; line 273] | docs/governance/OPS-004_REPOSITORY_CANONICAL_MIGRATION_PLAN.md [PATH_REFERENCE; HIGH; line 46],YES,DOCUMENTARY_DEPENDENCY,2,docs/governance/GOV-007_REPOSITORY_CANONICAL_ORGANIZATION.md [PATH_REFERENCE; HIGH; line 273] | docs/governance/OPS-004_REPOSITORY_CANONICAL_MIGRATION_PLAN.md [PATH_REFERENCE; HIGH; line 46],0,NO_VERIFIED_REFERENCE,2,0,MEDIUM_REFERENCE_RISK,HIGH,NO,Confirmed HIGH/MEDIUM references recorded in AUD-004 reference matrix.
INV-0069,CONTRIBUTING.md,KEEP,YES,docs/governance/GOV-007_REPOSITORY_CANONICAL_ORGANIZATION.md [PATH_REFERENCE; HIGH; line 271] | docs/governance/OPS-004_REPOSITORY_CANONICAL_MIGRATION_PLAN.md [PATH_REFERENCE; HIGH; line 46],YES,DOCUMENTARY_DEPENDENCY,2,docs/governance/GOV-007_REPOSITORY_CANONICAL_ORGANIZATION.md [PATH_REFERENCE; HIGH; line 271] | docs/governance/OPS-004_REPOSITORY_CANONICAL_MIGRATION_PLAN.md [PATH_REFERENCE; HIGH; line 46],0,NO_VERIFIED_REFERENCE,2,0,MEDIUM_REFERENCE_RISK,HIGH,NO,Confirmed HIGH/MEDIUM references recorded in AUD-004 reference matrix.
INV-0070,docs/adr/ADR-001_MONOLITO_MODULAR_INCREMENTAL.md,KEEP,YES,ARCH-001_CKO_CORE_MASTER_ARCHITECTURE.md [IDENTIFIER_REFERENCE; MEDIUM; line 1258] | ARCH-001_CKO_CORE_MASTER_ARCHITECTURE_v1.1.md [IDENTIFIER_REFERENCE; MEDIUM; line 864] | CKO_CORE_BASELINE_CONSOLIDATION_REPORT.md [IDENTIFIER_REFERENCE; MEDIUM; line 302] | CKO_CORE_BASELINE_CONSOLIDATION_REPORT.md [PATH_REFERENCE; HIGH; line 302] | CKO_CORE_BASELINE_EXECUTION_REPORT.md [IDENTIFIER_REFERENCE; MEDIUM; line 582] | CKO_CORE_BASELINE_EXECUTION_REPORT.md [PATH_REFERENCE; HIGH; line 582] | docs/adr/ADR-006_FEDERATED_CATALOG_AUTHORITY.md [IDENTIFIER_REFERENCE; MEDIUM; line 1] | docs/adr/ADR-006_FEDERATED_CATALOG_AUTHORITY.md [IDENTIFIER_REFERENCE; MEDIUM; line 3] | docs/adr/INDEX.md [FILENAME_REFERENCE; MEDIUM; line 9] | docs/adr/INDEX.md [IDENTIFIER_REFERENCE; MEDIUM; line 19] | docs/adr/INDEX.md [IDENTIFIER_REFERENCE; MEDIUM; line 9] | docs/audits/documentation/AUD-001_WORKING_TREE_CONSOLIDATION_AUDIT.md [IDENTIFIER_REFERENCE; MEDIUM; line 118] | docs/audits/documentation/AUD-001_WORKING_TREE_CONSOLIDATION_AUDIT.md [IDENTIFIER_REFERENCE; MEDIUM; line 177] | docs/governance/GOV-003_ADR_GOVERNANCE_RECONCILIATION.md [IDENTIFIER_REFERENCE; MEDIUM; line 107] | docs/governance/GOV-003_ADR_GOVERNANCE_RECONCILIATION.md [IDENTIFIER_REFERENCE; MEDIUM; line 18] | docs/governance/GOV-003_ADR_GOVERNANCE_RECONCILIATION.md [IDENTIFIER_REFERENCE; MEDIUM; line 31] | docs/governance/GOV-003_ADR_GOVERNANCE_RECONCILIATION.md [PATH_REFERENCE; HIGH; line 18] | docs/governance/GOV-006_PROJECT_DOSSIER.md [IDENTIFIER_REFERENCE; MEDIUM; line 210] | docs/governance/GOV-006_PROJECT_DOSSIER.md [IDENTIFIER_REFERENCE; MEDIUM; line 364] | docs/governance/GOV-006_PROJECT_DOSSIER.md [IDENTIFIER_REFERENCE; MEDIUM; line 371] | docs/governance/GOV-006_PROJECT_DOSSIER.md [IDENTIFIER_REFERENCE; MEDIUM; line 679] | docs/governance/GOV-006_PROJECT_DOSSIER.md [IDENTIFIER_REFERENCE; MEDIUM; line 712] | docs/governance/GOV-006_PROJECT_DOSSIER.md [IDENTIFIER_REFERENCE; MEDIUM; line 809] | docs/governance/GOV-006_PROJECT_DOSSIER.md [PATH_REFERENCE; HIGH; line 712] | docs/governance/GOV-008_CYCLE_II_INSTITUTIONAL_RECONCILIATION.md [IDENTIFIER_REFERENCE; MEDIUM; line 122] | docs/governance/GOV-008_CYCLE_II_INSTITUTIONAL_RECONCILIATION.md [IDENTIFIER_REFERENCE; MEDIUM; line 29] | docs/governance/GOV-008_CYCLE_II_INSTITUTIONAL_RECONCILIATION.md [IDENTIFIER_REFERENCE; MEDIUM; line 62] | docs/governance/GOV-008_CYCLE_II_INSTITUTIONAL_RECONCILIATION.md [IDENTIFIER_REFERENCE; MEDIUM; line 97] | docs/governance/OPS-004_REPOSITORY_CANONICAL_MIGRATION_PLAN.md [IDENTIFIER_REFERENCE; MEDIUM; line 122] | docs/governance/OPS-004_REPOSITORY_CANONICAL_MIGRATION_PLAN.md [IDENTIFIER_REFERENCE; MEDIUM; line 66] | docs/governance/OPS-004_REPOSITORY_CANONICAL_MIGRATION_PLAN.md [IDENTIFIER_REFERENCE; MEDIUM; line 67] | docs/governance/OPS-004_REPOSITORY_CANONICAL_MIGRATION_PLAN.md [PATH_REFERENCE; HIGH; line 122] | GOV-005_PROJECT_EFFORT_AUDIT.md [IDENTIFIER_REFERENCE; MEDIUM; line 273] | GOV-005_PROJECT_EFFORT_AUDIT.md [IDENTIFIER_REFERENCE; MEDIUM; line 281],YES,DOCUMENTARY_DEPENDENCY,40,ARCH-001_CKO_CORE_MASTER_ARCHITECTURE.md [IDENTIFIER_REFERENCE; MEDIUM; line 1258] | ARCH-001_CKO_CORE_MASTER_ARCHITECTURE_v1.1.md [IDENTIFIER_REFERENCE; MEDIUM; line 864] | CKO_CORE_BASELINE_CONSOLIDATION_REPORT.md [IDENTIFIER_REFERENCE; MEDIUM; line 302] | CKO_CORE_BASELINE_CONSOLIDATION_REPORT.md [PATH_REFERENCE; HIGH; line 302] | CKO_CORE_BASELINE_EXECUTION_REPORT.md [IDENTIFIER_REFERENCE; MEDIUM; line 582] | CKO_CORE_BASELINE_EXECUTION_REPORT.md [PATH_REFERENCE; HIGH; line 582] | docs/adr/ADR-006_FEDERATED_CATALOG_AUTHORITY.md [IDENTIFIER_REFERENCE; MEDIUM; line 1] | docs/adr/ADR-006_FEDERATED_CATALOG_AUTHORITY.md [IDENTIFIER_REFERENCE; MEDIUM; line 3] | docs/adr/INDEX.md [FILENAME_REFERENCE; MEDIUM; line 9] | docs/adr/INDEX.md [IDENTIFIER_REFERENCE; MEDIUM; line 19] | docs/adr/INDEX.md [IDENTIFIER_REFERENCE; MEDIUM; line 9] | docs/audits/documentation/AUD-001_WORKING_TREE_CONSOLIDATION_AUDIT.md [IDENTIFIER_REFERENCE; MEDIUM; line 118] | docs/audits/documentation/AUD-001_WORKING_TREE_CONSOLIDATION_AUDIT.md [IDENTIFIER_REFERENCE; MEDIUM; line 177] | docs/governance/GOV-003_ADR_GOVERNANCE_RECONCILIATION.md [IDENTIFIER_REFERENCE; MEDIUM; line 107] | docs/governance/GOV-003_ADR_GOVERNANCE_RECONCILIATION.md [IDENTIFIER_REFERENCE; MEDIUM; line 18] | docs/governance/GOV-003_ADR_GOVERNANCE_RECONCILIATION.md [IDENTIFIER_REFERENCE; MEDIUM; line 31] | docs/governance/GOV-003_ADR_GOVERNANCE_RECONCILIATION.md [PATH_REFERENCE; HIGH; line 18] | docs/governance/GOV-006_PROJECT_DOSSIER.md [IDENTIFIER_REFERENCE; MEDIUM; line 210] | docs/governance/GOV-006_PROJECT_DOSSIER.md [IDENTIFIER_REFERENCE; MEDIUM; line 364] | docs/governance/GOV-006_PROJECT_DOSSIER.md [IDENTIFIER_REFERENCE; MEDIUM; line 371] | docs/governance/GOV-006_PROJECT_DOSSIER.md [IDENTIFIER_REFERENCE; MEDIUM; line 679] | docs/governance/GOV-006_PROJECT_DOSSIER.md [IDENTIFIER_REFERENCE; MEDIUM; line 712] | docs/governance/GOV-006_PROJECT_DOSSIER.md [IDENTIFIER_REFERENCE; MEDIUM; line 809] | docs/governance/GOV-006_PROJECT_DOSSIER.md [PATH_REFERENCE; HIGH; line 712] | docs/governance/GOV-008_CYCLE_II_INSTITUTIONAL_RECONCILIATION.md [IDENTIFIER_REFERENCE; MEDIUM; line 122] | docs/governance/GOV-008_CYCLE_II_INSTITUTIONAL_RECONCILIATION.md [IDENTIFIER_REFERENCE; MEDIUM; line 29] | docs/governance/GOV-008_CYCLE_II_INSTITUTIONAL_RECONCILIATION.md [IDENTIFIER_REFERENCE; MEDIUM; line 62] | docs/governance/GOV-008_CYCLE_II_INSTITUTIONAL_RECONCILIATION.md [IDENTIFIER_REFERENCE; MEDIUM; line 97] | docs/governance/OPS-004_REPOSITORY_CANONICAL_MIGRATION_PLAN.md [IDENTIFIER_REFERENCE; MEDIUM; line 122] | docs/governance/OPS-004_REPOSITORY_CANONICAL_MIGRATION_PLAN.md [IDENTIFIER_REFERENCE; MEDIUM; line 66] | docs/governance/OPS-004_REPOSITORY_CANONICAL_MIGRATION_PLAN.md [IDENTIFIER_REFERENCE; MEDIUM; line 67] | docs/governance/OPS-004_REPOSITORY_CANONICAL_MIGRATION_PLAN.md [PATH_REFERENCE; HIGH; line 122] | GOV-005_PROJECT_EFFORT_AUDIT.md [IDENTIFIER_REFERENCE; MEDIUM; line 273] | GOV-005_PROJECT_EFFORT_AUDIT.md [IDENTIFIER_REFERENCE; MEDIUM; line 281],0,NO_VERIFIED_REFERENCE,7,33,MEDIUM_REFERENCE_RISK,HIGH,NO,Confirmed HIGH/MEDIUM references recorded in AUD-004 reference matrix.
INV-0071,docs/adr/ADR-002_IDENTIDADE_DOCUMENTAL.md,KEEP,YES,ARCH-001_CKO_CORE_MASTER_ARCHITECTURE.md [IDENTIFIER_REFERENCE; MEDIUM; line 1259] | ARCH-001_CKO_CORE_MASTER_ARCHITECTURE_v1.1.md [IDENTIFIER_REFERENCE; MEDIUM; line 865] | CKO_CORE_BASELINE_CONSOLIDATION_REPORT.md [IDENTIFIER_REFERENCE; MEDIUM; line 303] | CKO_CORE_BASELINE_CONSOLIDATION_REPORT.md [PATH_REFERENCE; HIGH; line 303] | CKO_CORE_BASELINE_EXECUTION_REPORT.md [IDENTIFIER_REFERENCE; MEDIUM; line 583] | CKO_CORE_BASELINE_EXECUTION_REPORT.md [PATH_REFERENCE; HIGH; line 583] | docs/adr/INDEX.md [FILENAME_REFERENCE; MEDIUM; line 10] | docs/adr/INDEX.md [IDENTIFIER_REFERENCE; MEDIUM; line 10] | docs/governance/GOV-003_ADR_GOVERNANCE_RECONCILIATION.md [IDENTIFIER_REFERENCE; MEDIUM; line 107] | docs/governance/GOV-003_ADR_GOVERNANCE_RECONCILIATION.md [IDENTIFIER_REFERENCE; MEDIUM; line 19] | docs/governance/GOV-003_ADR_GOVERNANCE_RECONCILIATION.md [PATH_REFERENCE; HIGH; line 19] | docs/governance/GOV-006_PROJECT_DOSSIER.md [IDENTIFIER_REFERENCE; MEDIUM; line 365] | docs/governance/GOV-006_PROJECT_DOSSIER.md [IDENTIFIER_REFERENCE; MEDIUM; line 713] | docs/governance/GOV-006_PROJECT_DOSSIER.md [PATH_REFERENCE; HIGH; line 713] | docs/governance/OPS-004_REPOSITORY_CANONICAL_MIGRATION_PLAN.md [IDENTIFIER_REFERENCE; MEDIUM; line 123] | docs/governance/OPS-004_REPOSITORY_CANONICAL_MIGRATION_PLAN.md [IDENTIFIER_REFERENCE; MEDIUM; line 66] | docs/governance/OPS-004_REPOSITORY_CANONICAL_MIGRATION_PLAN.md [IDENTIFIER_REFERENCE; MEDIUM; line 67] | docs/governance/OPS-004_REPOSITORY_CANONICAL_MIGRATION_PLAN.md [PATH_REFERENCE; HIGH; line 123] | GOV-005_PROJECT_EFFORT_AUDIT.md [IDENTIFIER_REFERENCE; MEDIUM; line 282],YES,DOCUMENTARY_DEPENDENCY,23,ARCH-001_CKO_CORE_MASTER_ARCHITECTURE.md [IDENTIFIER_REFERENCE; MEDIUM; line 1259] | ARCH-001_CKO_CORE_MASTER_ARCHITECTURE_v1.1.md [IDENTIFIER_REFERENCE; MEDIUM; line 865] | CKO_CORE_BASELINE_CONSOLIDATION_REPORT.md [IDENTIFIER_REFERENCE; MEDIUM; line 303] | CKO_CORE_BASELINE_CONSOLIDATION_REPORT.md [PATH_REFERENCE; HIGH; line 303] | CKO_CORE_BASELINE_EXECUTION_REPORT.md [IDENTIFIER_REFERENCE; MEDIUM; line 583] | CKO_CORE_BASELINE_EXECUTION_REPORT.md [PATH_REFERENCE; HIGH; line 583] | docs/adr/INDEX.md [FILENAME_REFERENCE; MEDIUM; line 10] | docs/adr/INDEX.md [IDENTIFIER_REFERENCE; MEDIUM; line 10] | docs/governance/GOV-003_ADR_GOVERNANCE_RECONCILIATION.md [IDENTIFIER_REFERENCE; MEDIUM; line 107] | docs/governance/GOV-003_ADR_GOVERNANCE_RECONCILIATION.md [IDENTIFIER_REFERENCE; MEDIUM; line 19] | docs/governance/GOV-003_ADR_GOVERNANCE_RECONCILIATION.md [PATH_REFERENCE; HIGH; line 19] | docs/governance/GOV-006_PROJECT_DOSSIER.md [IDENTIFIER_REFERENCE; MEDIUM; line 365] | docs/governance/GOV-006_PROJECT_DOSSIER.md [IDENTIFIER_REFERENCE; MEDIUM; line 713] | docs/governance/GOV-006_PROJECT_DOSSIER.md [PATH_REFERENCE; HIGH; line 713] | docs/governance/OPS-004_REPOSITORY_CANONICAL_MIGRATION_PLAN.md [IDENTIFIER_REFERENCE; MEDIUM; line 123] | docs/governance/OPS-004_REPOSITORY_CANONICAL_MIGRATION_PLAN.md [IDENTIFIER_REFERENCE; MEDIUM; line 66] | docs/governance/OPS-004_REPOSITORY_CANONICAL_MIGRATION_PLAN.md [IDENTIFIER_REFERENCE; MEDIUM; line 67] | docs/governance/OPS-004_REPOSITORY_CANONICAL_MIGRATION_PLAN.md [PATH_REFERENCE; HIGH; line 123] | GOV-005_PROJECT_EFFORT_AUDIT.md [IDENTIFIER_REFERENCE; MEDIUM; line 282],0,NO_VERIFIED_REFERENCE,7,16,MEDIUM_REFERENCE_RISK,HIGH,NO,Confirmed HIGH/MEDIUM references recorded in AUD-004 reference matrix.
INV-0072,docs/adr/ADR-003_PRESERVACAO_DO_LEGADO.md,KEEP,YES,ARCH-001_CKO_CORE_MASTER_ARCHITECTURE.md [IDENTIFIER_REFERENCE; MEDIUM; line 1260] | ARCH-001_CKO_CORE_MASTER_ARCHITECTURE_v1.1.md [IDENTIFIER_REFERENCE; MEDIUM; line 866] | CKO_CORE_BASELINE_CONSOLIDATION_REPORT.md [IDENTIFIER_REFERENCE; MEDIUM; line 304] | CKO_CORE_BASELINE_CONSOLIDATION_REPORT.md [PATH_REFERENCE; HIGH; line 304] | CKO_CORE_BASELINE_EXECUTION_REPORT.md [IDENTIFIER_REFERENCE; MEDIUM; line 584] | CKO_CORE_BASELINE_EXECUTION_REPORT.md [PATH_REFERENCE; HIGH; line 584] | docs/adr/INDEX.md [FILENAME_REFERENCE; MEDIUM; line 11] | docs/adr/INDEX.md [IDENTIFIER_REFERENCE; MEDIUM; line 11] | docs/governance/GOV-003_ADR_GOVERNANCE_RECONCILIATION.md [IDENTIFIER_REFERENCE; MEDIUM; line 107] | docs/governance/GOV-003_ADR_GOVERNANCE_RECONCILIATION.md [IDENTIFIER_REFERENCE; MEDIUM; line 20] | docs/governance/GOV-003_ADR_GOVERNANCE_RECONCILIATION.md [PATH_REFERENCE; HIGH; line 20] | docs/governance/GOV-006_PROJECT_DOSSIER.md [IDENTIFIER_REFERENCE; MEDIUM; line 366] | docs/governance/GOV-006_PROJECT_DOSSIER.md [IDENTIFIER_REFERENCE; MEDIUM; line 714] | docs/governance/GOV-006_PROJECT_DOSSIER.md [PATH_REFERENCE; HIGH; line 714] | docs/governance/OPS-004_REPOSITORY_CANONICAL_MIGRATION_PLAN.md [IDENTIFIER_REFERENCE; MEDIUM; line 124] | docs/governance/OPS-004_REPOSITORY_CANONICAL_MIGRATION_PLAN.md [IDENTIFIER_REFERENCE; MEDIUM; line 66] | docs/governance/OPS-004_REPOSITORY_CANONICAL_MIGRATION_PLAN.md [IDENTIFIER_REFERENCE; MEDIUM; line 67] | docs/governance/OPS-004_REPOSITORY_CANONICAL_MIGRATION_PLAN.md [PATH_REFERENCE; HIGH; line 124] | GOV-005_PROJECT_EFFORT_AUDIT.md [IDENTIFIER_REFERENCE; MEDIUM; line 283],YES,DOCUMENTARY_DEPENDENCY,23,ARCH-001_CKO_CORE_MASTER_ARCHITECTURE.md [IDENTIFIER_REFERENCE; MEDIUM; line 1260] | ARCH-001_CKO_CORE_MASTER_ARCHITECTURE_v1.1.md [IDENTIFIER_REFERENCE; MEDIUM; line 866] | CKO_CORE_BASELINE_CONSOLIDATION_REPORT.md [IDENTIFIER_REFERENCE; MEDIUM; line 304] | CKO_CORE_BASELINE_CONSOLIDATION_REPORT.md [PATH_REFERENCE; HIGH; line 304] | CKO_CORE_BASELINE_EXECUTION_REPORT.md [IDENTIFIER_REFERENCE; MEDIUM; line 584] | CKO_CORE_BASELINE_EXECUTION_REPORT.md [PATH_REFERENCE; HIGH; line 584] | docs/adr/INDEX.md [FILENAME_REFERENCE; MEDIUM; line 11] | docs/adr/INDEX.md [IDENTIFIER_REFERENCE; MEDIUM; line 11] | docs/governance/GOV-003_ADR_GOVERNANCE_RECONCILIATION.md [IDENTIFIER_REFERENCE; MEDIUM; line 107] | docs/governance/GOV-003_ADR_GOVERNANCE_RECONCILIATION.md [IDENTIFIER_REFERENCE; MEDIUM; line 20] | docs/governance/GOV-003_ADR_GOVERNANCE_RECONCILIATION.md [PATH_REFERENCE; HIGH; line 20] | docs/governance/GOV-006_PROJECT_DOSSIER.md [IDENTIFIER_REFERENCE; MEDIUM; line 366] | docs/governance/GOV-006_PROJECT_DOSSIER.md [IDENTIFIER_REFERENCE; MEDIUM; line 714] | docs/governance/GOV-006_PROJECT_DOSSIER.md [PATH_REFERENCE; HIGH; line 714] | docs/governance/OPS-004_REPOSITORY_CANONICAL_MIGRATION_PLAN.md [IDENTIFIER_REFERENCE; MEDIUM; line 124] | docs/governance/OPS-004_REPOSITORY_CANONICAL_MIGRATION_PLAN.md [IDENTIFIER_REFERENCE; MEDIUM; line 66] | docs/governance/OPS-004_REPOSITORY_CANONICAL_MIGRATION_PLAN.md [IDENTIFIER_REFERENCE; MEDIUM; line 67] | docs/governance/OPS-004_REPOSITORY_CANONICAL_MIGRATION_PLAN.md [PATH_REFERENCE; HIGH; line 124] | GOV-005_PROJECT_EFFORT_AUDIT.md [IDENTIFIER_REFERENCE; MEDIUM; line 283],0,NO_VERIFIED_REFERENCE,7,16,MEDIUM_REFERENCE_RISK,HIGH,NO,Confirmed HIGH/MEDIUM references recorded in AUD-004 reference matrix.
INV-0073,docs/adr/ADR-004_BANCO_CANONICO_SEPARADO.md,KEEP,YES,ARCH-001_CKO_CORE_MASTER_ARCHITECTURE.md [IDENTIFIER_REFERENCE; MEDIUM; line 1261] | ARCH-001_CKO_CORE_MASTER_ARCHITECTURE_v1.1.md [IDENTIFIER_REFERENCE; MEDIUM; line 867] | CKO_CORE_BASELINE_CONSOLIDATION_REPORT.md [IDENTIFIER_REFERENCE; MEDIUM; line 305] | CKO_CORE_BASELINE_CONSOLIDATION_REPORT.md [PATH_REFERENCE; HIGH; line 305] | CKO_CORE_BASELINE_EXECUTION_REPORT.md [IDENTIFIER_REFERENCE; MEDIUM; line 585] | CKO_CORE_BASELINE_EXECUTION_REPORT.md [PATH_REFERENCE; HIGH; line 585] | docs/adr/INDEX.md [FILENAME_REFERENCE; MEDIUM; line 12] | docs/adr/INDEX.md [IDENTIFIER_REFERENCE; MEDIUM; line 12] | docs/governance/GOV-003_ADR_GOVERNANCE_RECONCILIATION.md [IDENTIFIER_REFERENCE; MEDIUM; line 107] | docs/governance/GOV-003_ADR_GOVERNANCE_RECONCILIATION.md [IDENTIFIER_REFERENCE; MEDIUM; line 21] | docs/governance/GOV-003_ADR_GOVERNANCE_RECONCILIATION.md [PATH_REFERENCE; HIGH; line 21] | docs/governance/GOV-006_PROJECT_DOSSIER.md [IDENTIFIER_REFERENCE; MEDIUM; line 367] | docs/governance/GOV-006_PROJECT_DOSSIER.md [IDENTIFIER_REFERENCE; MEDIUM; line 715] | docs/governance/GOV-006_PROJECT_DOSSIER.md [PATH_REFERENCE; HIGH; line 715] | docs/governance/OPS-004_REPOSITORY_CANONICAL_MIGRATION_PLAN.md [IDENTIFIER_REFERENCE; MEDIUM; line 125] | docs/governance/OPS-004_REPOSITORY_CANONICAL_MIGRATION_PLAN.md [IDENTIFIER_REFERENCE; MEDIUM; line 66] | docs/governance/OPS-004_REPOSITORY_CANONICAL_MIGRATION_PLAN.md [IDENTIFIER_REFERENCE; MEDIUM; line 67] | docs/governance/OPS-004_REPOSITORY_CANONICAL_MIGRATION_PLAN.md [PATH_REFERENCE; HIGH; line 125] | GOV-005_PROJECT_EFFORT_AUDIT.md [IDENTIFIER_REFERENCE; MEDIUM; line 284],YES,DOCUMENTARY_DEPENDENCY,23,ARCH-001_CKO_CORE_MASTER_ARCHITECTURE.md [IDENTIFIER_REFERENCE; MEDIUM; line 1261] | ARCH-001_CKO_CORE_MASTER_ARCHITECTURE_v1.1.md [IDENTIFIER_REFERENCE; MEDIUM; line 867] | CKO_CORE_BASELINE_CONSOLIDATION_REPORT.md [IDENTIFIER_REFERENCE; MEDIUM; line 305] | CKO_CORE_BASELINE_CONSOLIDATION_REPORT.md [PATH_REFERENCE; HIGH; line 305] | CKO_CORE_BASELINE_EXECUTION_REPORT.md [IDENTIFIER_REFERENCE; MEDIUM; line 585] | CKO_CORE_BASELINE_EXECUTION_REPORT.md [PATH_REFERENCE; HIGH; line 585] | docs/adr/INDEX.md [FILENAME_REFERENCE; MEDIUM; line 12] | docs/adr/INDEX.md [IDENTIFIER_REFERENCE; MEDIUM; line 12] | docs/governance/GOV-003_ADR_GOVERNANCE_RECONCILIATION.md [IDENTIFIER_REFERENCE; MEDIUM; line 107] | docs/governance/GOV-003_ADR_GOVERNANCE_RECONCILIATION.md [IDENTIFIER_REFERENCE; MEDIUM; line 21] | docs/governance/GOV-003_ADR_GOVERNANCE_RECONCILIATION.md [PATH_REFERENCE; HIGH; line 21] | docs/governance/GOV-006_PROJECT_DOSSIER.md [IDENTIFIER_REFERENCE; MEDIUM; line 367] | docs/governance/GOV-006_PROJECT_DOSSIER.md [IDENTIFIER_REFERENCE; MEDIUM; line 715] | docs/governance/GOV-006_PROJECT_DOSSIER.md [PATH_REFERENCE; HIGH; line 715] | docs/governance/OPS-004_REPOSITORY_CANONICAL_MIGRATION_PLAN.md [IDENTIFIER_REFERENCE; MEDIUM; line 125] | docs/governance/OPS-004_REPOSITORY_CANONICAL_MIGRATION_PLAN.md [IDENTIFIER_REFERENCE; MEDIUM; line 66] | docs/governance/OPS-004_REPOSITORY_CANONICAL_MIGRATION_PLAN.md [IDENTIFIER_REFERENCE; MEDIUM; line 67] | docs/governance/OPS-004_REPOSITORY_CANONICAL_MIGRATION_PLAN.md [PATH_REFERENCE; HIGH; line 125] | GOV-005_PROJECT_EFFORT_AUDIT.md [IDENTIFIER_REFERENCE; MEDIUM; line 284],0,NO_VERIFIED_REFERENCE,7,16,MEDIUM_REFERENCE_RISK,HIGH,NO,Confirmed HIGH/MEDIUM references recorded in AUD-004 reference matrix.
INV-0074,docs/adr/ADR-006_FEDERATED_CATALOG_AUTHORITY.md,KEEP,YES,docs/adr/INDEX.md [FILENAME_REFERENCE; MEDIUM; line 19] | docs/adr/INDEX.md [IDENTIFIER_REFERENCE; MEDIUM; line 19] | docs/audits/documentation/AUD-001_WORKING_TREE_CONSOLIDATION_AUDIT.md [IDENTIFIER_REFERENCE; MEDIUM; line 102] | docs/audits/documentation/AUD-001_WORKING_TREE_CONSOLIDATION_AUDIT.md [IDENTIFIER_REFERENCE; MEDIUM; line 116] | docs/audits/documentation/AUD-001_WORKING_TREE_CONSOLIDATION_AUDIT.md [IDENTIFIER_REFERENCE; MEDIUM; line 118] | docs/audits/documentation/AUD-001_WORKING_TREE_CONSOLIDATION_AUDIT.md [IDENTIFIER_REFERENCE; MEDIUM; line 177] | docs/audits/documentation/AUD-001_WORKING_TREE_CONSOLIDATION_AUDIT.md [IDENTIFIER_REFERENCE; MEDIUM; line 198] | docs/audits/documentation/AUD-001_WORKING_TREE_CONSOLIDATION_AUDIT.md [IDENTIFIER_REFERENCE; MEDIUM; line 80] | docs/audits/documentation/AUD-001_WORKING_TREE_CONSOLIDATION_AUDIT.md [PATH_REFERENCE; HIGH; line 80] | docs/audits/documentation/AUD-002_AUD-001_EVIDENCE_INCORPORATION.md [IDENTIFIER_REFERENCE; MEDIUM; line 24] | docs/governance/GOV-003_ADR_GOVERNANCE_RECONCILIATION.md [IDENTIFIER_REFERENCE; MEDIUM; line 108] | docs/governance/GOV-003_ADR_GOVERNANCE_RECONCILIATION.md [IDENTIFIER_REFERENCE; MEDIUM; line 110] | docs/governance/GOV-003_ADR_GOVERNANCE_RECONCILIATION.md [IDENTIFIER_REFERENCE; MEDIUM; line 23] | docs/governance/GOV-003_ADR_GOVERNANCE_RECONCILIATION.md [IDENTIFIER_REFERENCE; MEDIUM; line 31] | docs/governance/GOV-003_ADR_GOVERNANCE_RECONCILIATION.md [PATH_REFERENCE; HIGH; line 23] | docs/governance/GOV-006_PROJECT_DOSSIER.md [IDENTIFIER_REFERENCE; MEDIUM; line 142] | docs/governance/GOV-006_PROJECT_DOSSIER.md [IDENTIFIER_REFERENCE; MEDIUM; line 158] | docs/governance/GOV-006_PROJECT_DOSSIER.md [IDENTIFIER_REFERENCE; MEDIUM; line 215] | docs/governance/GOV-006_PROJECT_DOSSIER.md [IDENTIFIER_REFERENCE; MEDIUM; line 369] | docs/governance/GOV-006_PROJECT_DOSSIER.md [IDENTIFIER_REFERENCE; MEDIUM; line 371] | docs/governance/GOV-006_PROJECT_DOSSIER.md [IDENTIFIER_REFERENCE; MEDIUM; line 372] | docs/governance/GOV-006_PROJECT_DOSSIER.md [IDENTIFIER_REFERENCE; MEDIUM; line 48] | docs/governance/GOV-006_PROJECT_DOSSIER.md [IDENTIFIER_REFERENCE; MEDIUM; line 602] | docs/governance/GOV-006_PROJECT_DOSSIER.md [IDENTIFIER_REFERENCE; MEDIUM; line 679] | docs/governance/GOV-006_PROJECT_DOSSIER.md [IDENTIFIER_REFERENCE; MEDIUM; line 717] | docs/governance/GOV-006_PROJECT_DOSSIER.md [IDENTIFIER_REFERENCE; MEDIUM; line 762] | docs/governance/GOV-006_PROJECT_DOSSIER.md [IDENTIFIER_REFERENCE; MEDIUM; line 807] | docs/governance/GOV-006_PROJECT_DOSSIER.md [PATH_REFERENCE; HIGH; line 717] | docs/governance/GOV-007_REPOSITORY_CANONICAL_ORGANIZATION.md [FILENAME_REFERENCE; MEDIUM; line 413] | docs/governance/GOV-007_REPOSITORY_CANONICAL_ORGANIZATION.md [IDENTIFIER_REFERENCE; MEDIUM; line 413] | docs/governance/GOV-008_CYCLE_II_INSTITUTIONAL_RECONCILIATION.md [IDENTIFIER_REFERENCE; MEDIUM; line 118] | docs/governance/GOV-008_CYCLE_II_INSTITUTIONAL_RECONCILIATION.md [IDENTIFIER_REFERENCE; MEDIUM; line 120] | docs/governance/GOV-008_CYCLE_II_INSTITUTIONAL_RECONCILIATION.md [IDENTIFIER_REFERENCE; MEDIUM; line 122] | docs/governance/GOV-008_CYCLE_II_INSTITUTIONAL_RECONCILIATION.md [IDENTIFIER_REFERENCE; MEDIUM; line 126] | docs/governance/GOV-008_CYCLE_II_INSTITUTIONAL_RECONCILIATION.md [IDENTIFIER_REFERENCE; MEDIUM; line 29] | docs/governance/GOV-008_CYCLE_II_INSTITUTIONAL_RECONCILIATION.md [IDENTIFIER_REFERENCE; MEDIUM; line 304] | docs/governance/GOV-008_CYCLE_II_INSTITUTIONAL_RECONCILIATION.md [IDENTIFIER_REFERENCE; MEDIUM; line 321] | docs/governance/GOV-008_CYCLE_II_INSTITUTIONAL_RECONCILIATION.md [IDENTIFIER_REFERENCE; MEDIUM; line 339] | docs/governance/GOV-008_CYCLE_II_INSTITUTIONAL_RECONCILIATION.md [IDENTIFIER_REFERENCE; MEDIUM; line 62] | docs/governance/GOV-008_CYCLE_II_INSTITUTIONAL_RECONCILIATION.md [IDENTIFIER_REFERENCE; MEDIUM; line 74] | docs/governance/GOV-008_CYCLE_II_INSTITUTIONAL_RECONCILIATION.md [IDENTIFIER_REFERENCE; MEDIUM; line 96] | docs/governance/GOV-008_CYCLE_II_INSTITUTIONAL_RECONCILIATION.md [IDENTIFIER_REFERENCE; MEDIUM; line 97] | docs/governance/GOV-008_CYCLE_II_INSTITUTIONAL_RECONCILIATION.md [IDENTIFIER_REFERENCE; MEDIUM; line 98] | docs/governance/GOV-008_CYCLE_II_INSTITUTIONAL_RECONCILIATION.md [IDENTIFIER_REFERENCE; MEDIUM; line 99] | docs/rfc/RFC-002_FEDERATED_CATALOG_PROTOCOL.md [FILENAME_REFERENCE; MEDIUM; line 759] | docs/rfc/RFC-002_FEDERATED_CATALOG_PROTOCOL.md [IDENTIFIER_REFERENCE; MEDIUM; line 19] | docs/rfc/RFC-002_FEDERATED_CATALOG_PROTOCOL.md [IDENTIFIER_REFERENCE; MEDIUM; line 54] | docs/rfc/RFC-002_FEDERATED_CATALOG_PROTOCOL.md [IDENTIFIER_REFERENCE; MEDIUM; line 612] | docs/rfc/RFC-002_FEDERATED_CATALOG_PROTOCOL.md [IDENTIFIER_REFERENCE; MEDIUM; line 673] | docs/rfc/RFC-002_FEDERATED_CATALOG_PROTOCOL.md [IDENTIFIER_REFERENCE; MEDIUM; line 711] | docs/rfc/RFC-002_FEDERATED_CATALOG_PROTOCOL.md [IDENTIFIER_REFERENCE; MEDIUM; line 735] | docs/rfc/RFC-002_FEDERATED_CATALOG_PROTOCOL.md [IDENTIFIER_REFERENCE; MEDIUM; line 759] | docs/rfc/RFC-002_FEDERATED_CATALOG_PROTOCOL.md [IDENTIFIER_REFERENCE; MEDIUM; line 9] | docs/sprints/SPR-018_TERMO_DE_ABERTURA.md [IDENTIFIER_REFERENCE; MEDIUM; line 10] | docs/sprints/SPR-018_TERMO_DE_ABERTURA.md [IDENTIFIER_REFERENCE; MEDIUM; line 170] | docs/sprints/SPR-018_TERMO_DE_ABERTURA.md [IDENTIFIER_REFERENCE; MEDIUM; line 171] | docs/sprints/SPR-018_TERMO_DE_ABERTURA.md [IDENTIFIER_REFERENCE; MEDIUM; line 195] | docs/sprints/SPR-018_TERMO_DE_ABERTURA.md [IDENTIFIER_REFERENCE; MEDIUM; line 239] | docs/sprints/SPR-018_TERMO_DE_ABERTURA.md [IDENTIFIER_REFERENCE; MEDIUM; line 283] | docs/sprints/SPR-018_TERMO_DE_ABERTURA.md [IDENTIFIER_REFERENCE; MEDIUM; line 329] | docs/sprints/SPR-018_TERMO_DE_ABERTURA.md [IDENTIFIER_REFERENCE; MEDIUM; line 376] | docs/sprints/SPR-018_TERMO_DE_ABERTURA.md [IDENTIFIER_REFERENCE; MEDIUM; line 62] | docs/sprints/SPR-018_TERMO_DE_ABERTURA.md [IDENTIFIER_REFERENCE; MEDIUM; line 63] | docs/sprints/SPR-018_TERMO_DE_ABERTURA.md [PATH_REFERENCE; HIGH; line 195] | GOV-005_PROJECT_EFFORT_AUDIT.md [IDENTIFIER_REFERENCE; MEDIUM; line 171] | GOV-005_PROJECT_EFFORT_AUDIT.md [IDENTIFIER_REFERENCE; MEDIUM; line 286] | GOV-005_PROJECT_EFFORT_AUDIT.md [IDENTIFIER_REFERENCE; MEDIUM; line 518],YES,DOCUMENTARY_DEPENDENCY,76,docs/adr/INDEX.md [FILENAME_REFERENCE; MEDIUM; line 19] | docs/adr/INDEX.md [IDENTIFIER_REFERENCE; MEDIUM; line 19] | docs/audits/documentation/AUD-001_WORKING_TREE_CONSOLIDATION_AUDIT.md [IDENTIFIER_REFERENCE; MEDIUM; line 102] | docs/audits/documentation/AUD-001_WORKING_TREE_CONSOLIDATION_AUDIT.md [IDENTIFIER_REFERENCE; MEDIUM; line 116] | docs/audits/documentation/AUD-001_WORKING_TREE_CONSOLIDATION_AUDIT.md [IDENTIFIER_REFERENCE; MEDIUM; line 118] | docs/audits/documentation/AUD-001_WORKING_TREE_CONSOLIDATION_AUDIT.md [IDENTIFIER_REFERENCE; MEDIUM; line 177] | docs/audits/documentation/AUD-001_WORKING_TREE_CONSOLIDATION_AUDIT.md [IDENTIFIER_REFERENCE; MEDIUM; line 198] | docs/audits/documentation/AUD-001_WORKING_TREE_CONSOLIDATION_AUDIT.md [IDENTIFIER_REFERENCE; MEDIUM; line 80] | docs/audits/documentation/AUD-001_WORKING_TREE_CONSOLIDATION_AUDIT.md [PATH_REFERENCE; HIGH; line 80] | docs/audits/documentation/AUD-002_AUD-001_EVIDENCE_INCORPORATION.md [IDENTIFIER_REFERENCE; MEDIUM; line 24] | docs/governance/GOV-003_ADR_GOVERNANCE_RECONCILIATION.md [IDENTIFIER_REFERENCE; MEDIUM; line 108] | docs/governance/GOV-003_ADR_GOVERNANCE_RECONCILIATION.md [IDENTIFIER_REFERENCE; MEDIUM; line 110] | docs/governance/GOV-003_ADR_GOVERNANCE_RECONCILIATION.md [IDENTIFIER_REFERENCE; MEDIUM; line 23] | docs/governance/GOV-003_ADR_GOVERNANCE_RECONCILIATION.md [IDENTIFIER_REFERENCE; MEDIUM; line 31] | docs/governance/GOV-003_ADR_GOVERNANCE_RECONCILIATION.md [PATH_REFERENCE; HIGH; line 23] | docs/governance/GOV-006_PROJECT_DOSSIER.md [IDENTIFIER_REFERENCE; MEDIUM; line 142] | docs/governance/GOV-006_PROJECT_DOSSIER.md [IDENTIFIER_REFERENCE; MEDIUM; line 158] | docs/governance/GOV-006_PROJECT_DOSSIER.md [IDENTIFIER_REFERENCE; MEDIUM; line 215] | docs/governance/GOV-006_PROJECT_DOSSIER.md [IDENTIFIER_REFERENCE; MEDIUM; line 369] | docs/governance/GOV-006_PROJECT_DOSSIER.md [IDENTIFIER_REFERENCE; MEDIUM; line 371] | docs/governance/GOV-006_PROJECT_DOSSIER.md [IDENTIFIER_REFERENCE; MEDIUM; line 372] | docs/governance/GOV-006_PROJECT_DOSSIER.md [IDENTIFIER_REFERENCE; MEDIUM; line 48] | docs/governance/GOV-006_PROJECT_DOSSIER.md [IDENTIFIER_REFERENCE; MEDIUM; line 602] | docs/governance/GOV-006_PROJECT_DOSSIER.md [IDENTIFIER_REFERENCE; MEDIUM; line 679] | docs/governance/GOV-006_PROJECT_DOSSIER.md [IDENTIFIER_REFERENCE; MEDIUM; line 717] | docs/governance/GOV-006_PROJECT_DOSSIER.md [IDENTIFIER_REFERENCE; MEDIUM; line 762] | docs/governance/GOV-006_PROJECT_DOSSIER.md [IDENTIFIER_REFERENCE; MEDIUM; line 807] | docs/governance/GOV-006_PROJECT_DOSSIER.md [PATH_REFERENCE; HIGH; line 717] | docs/governance/GOV-007_REPOSITORY_CANONICAL_ORGANIZATION.md [FILENAME_REFERENCE; MEDIUM; line 413] | docs/governance/GOV-007_REPOSITORY_CANONICAL_ORGANIZATION.md [IDENTIFIER_REFERENCE; MEDIUM; line 413] | docs/governance/GOV-008_CYCLE_II_INSTITUTIONAL_RECONCILIATION.md [IDENTIFIER_REFERENCE; MEDIUM; line 118] | docs/governance/GOV-008_CYCLE_II_INSTITUTIONAL_RECONCILIATION.md [IDENTIFIER_REFERENCE; MEDIUM; line 120] | docs/governance/GOV-008_CYCLE_II_INSTITUTIONAL_RECONCILIATION.md [IDENTIFIER_REFERENCE; MEDIUM; line 122] | docs/governance/GOV-008_CYCLE_II_INSTITUTIONAL_RECONCILIATION.md [IDENTIFIER_REFERENCE; MEDIUM; line 126] | docs/governance/GOV-008_CYCLE_II_INSTITUTIONAL_RECONCILIATION.md [IDENTIFIER_REFERENCE; MEDIUM; line 29] | docs/governance/GOV-008_CYCLE_II_INSTITUTIONAL_RECONCILIATION.md [IDENTIFIER_REFERENCE; MEDIUM; line 304] | docs/governance/GOV-008_CYCLE_II_INSTITUTIONAL_RECONCILIATION.md [IDENTIFIER_REFERENCE; MEDIUM; line 321] | docs/governance/GOV-008_CYCLE_II_INSTITUTIONAL_RECONCILIATION.md [IDENTIFIER_REFERENCE; MEDIUM; line 339] | docs/governance/GOV-008_CYCLE_II_INSTITUTIONAL_RECONCILIATION.md [IDENTIFIER_REFERENCE; MEDIUM; line 62] | docs/governance/GOV-008_CYCLE_II_INSTITUTIONAL_RECONCILIATION.md [IDENTIFIER_REFERENCE; MEDIUM; line 74] | docs/governance/GOV-008_CYCLE_II_INSTITUTIONAL_RECONCILIATION.md [IDENTIFIER_REFERENCE; MEDIUM; line 96] | docs/governance/GOV-008_CYCLE_II_INSTITUTIONAL_RECONCILIATION.md [IDENTIFIER_REFERENCE; MEDIUM; line 97] | docs/governance/GOV-008_CYCLE_II_INSTITUTIONAL_RECONCILIATION.md [IDENTIFIER_REFERENCE; MEDIUM; line 98] | docs/governance/GOV-008_CYCLE_II_INSTITUTIONAL_RECONCILIATION.md [IDENTIFIER_REFERENCE; MEDIUM; line 99] | docs/rfc/RFC-002_FEDERATED_CATALOG_PROTOCOL.md [FILENAME_REFERENCE; MEDIUM; line 759] | docs/rfc/RFC-002_FEDERATED_CATALOG_PROTOCOL.md [IDENTIFIER_REFERENCE; MEDIUM; line 19] | docs/rfc/RFC-002_FEDERATED_CATALOG_PROTOCOL.md [IDENTIFIER_REFERENCE; MEDIUM; line 54] | docs/rfc/RFC-002_FEDERATED_CATALOG_PROTOCOL.md [IDENTIFIER_REFERENCE; MEDIUM; line 612] | docs/rfc/RFC-002_FEDERATED_CATALOG_PROTOCOL.md [IDENTIFIER_REFERENCE; MEDIUM; line 673] | docs/rfc/RFC-002_FEDERATED_CATALOG_PROTOCOL.md [IDENTIFIER_REFERENCE; MEDIUM; line 711] | docs/rfc/RFC-002_FEDERATED_CATALOG_PROTOCOL.md [IDENTIFIER_REFERENCE; MEDIUM; line 735] | docs/rfc/RFC-002_FEDERATED_CATALOG_PROTOCOL.md [IDENTIFIER_REFERENCE; MEDIUM; line 759] | docs/rfc/RFC-002_FEDERATED_CATALOG_PROTOCOL.md [IDENTIFIER_REFERENCE; MEDIUM; line 9] | docs/sprints/SPR-018_TERMO_DE_ABERTURA.md [IDENTIFIER_REFERENCE; MEDIUM; line 10] | docs/sprints/SPR-018_TERMO_DE_ABERTURA.md [IDENTIFIER_REFERENCE; MEDIUM; line 170] | docs/sprints/SPR-018_TERMO_DE_ABERTURA.md [IDENTIFIER_REFERENCE; MEDIUM; line 171] | docs/sprints/SPR-018_TERMO_DE_ABERTURA.md [IDENTIFIER_REFERENCE; MEDIUM; line 195] | docs/sprints/SPR-018_TERMO_DE_ABERTURA.md [IDENTIFIER_REFERENCE; MEDIUM; line 239] | docs/sprints/SPR-018_TERMO_DE_ABERTURA.md [IDENTIFIER_REFERENCE; MEDIUM; line 283] | docs/sprints/SPR-018_TERMO_DE_ABERTURA.md [IDENTIFIER_REFERENCE; MEDIUM; line 329] | docs/sprints/SPR-018_TERMO_DE_ABERTURA.md [IDENTIFIER_REFERENCE; MEDIUM; line 376] | docs/sprints/SPR-018_TERMO_DE_ABERTURA.md [IDENTIFIER_REFERENCE; MEDIUM; line 62] | docs/sprints/SPR-018_TERMO_DE_ABERTURA.md [IDENTIFIER_REFERENCE; MEDIUM; line 63] | docs/sprints/SPR-018_TERMO_DE_ABERTURA.md [PATH_REFERENCE; HIGH; line 195] | GOV-005_PROJECT_EFFORT_AUDIT.md [IDENTIFIER_REFERENCE; MEDIUM; line 171] | GOV-005_PROJECT_EFFORT_AUDIT.md [IDENTIFIER_REFERENCE; MEDIUM; line 286] | GOV-005_PROJECT_EFFORT_AUDIT.md [IDENTIFIER_REFERENCE; MEDIUM; line 518],21,ARCH-001_CKO_CORE_MASTER_ARCHITECTURE.md [PATH_REFERENCE; HIGH; line 576] | docs/adr/ADR-001_MONOLITO_MODULAR_INCREMENTAL.md [IDENTIFIER_REFERENCE; MEDIUM; line 1] | docs/adr/ADR-001_MONOLITO_MODULAR_INCREMENTAL.md [IDENTIFIER_REFERENCE; MEDIUM; line 3] | docs/adr/INDEX.md [FILENAME_REFERENCE; MEDIUM; line 582] | docs/arquitetura/CKO-ARCH-002_ECOSYSTEM_EVOLUTION_ARCHITECTURE.md [FILENAME_REFERENCE; MEDIUM; line 578] | docs/arquitetura/CKO-ARCH-002_ECOSYSTEM_EVOLUTION_ARCHITECTURE.md [IDENTIFIER_REFERENCE; MEDIUM; line 30] | docs/arquitetura/CKO-ARCH-002_ECOSYSTEM_EVOLUTION_ARCHITECTURE.md [IDENTIFIER_REFERENCE; MEDIUM; line 528] | docs/arquitetura/CKO-ARCH-002_ECOSYSTEM_EVOLUTION_ARCHITECTURE.md [IDENTIFIER_REFERENCE; MEDIUM; line 578] | docs/arquitetura/CKO-ARCH-002_ECOSYSTEM_EVOLUTION_ARCHITECTURE.md [IDENTIFIER_REFERENCE; MEDIUM; line 8] | docs/governance/GOV-002_CYCLE_II_EXECUTION_PROGRAM.md [FILENAME_REFERENCE; MEDIUM; line 580] | docs/governance/GOV-002_CYCLE_II_EXECUTION_PROGRAM.md [IDENTIFIER_REFERENCE; MEDIUM; line 31] | docs/governance/GOV-002_CYCLE_II_EXECUTION_PROGRAM.md [IDENTIFIER_REFERENCE; MEDIUM; line 408] | docs/governance/GOV-002_CYCLE_II_EXECUTION_PROGRAM.md [IDENTIFIER_REFERENCE; MEDIUM; line 505] | docs/governance/GOV-002_CYCLE_II_EXECUTION_PROGRAM.md [IDENTIFIER_REFERENCE; MEDIUM; line 520] | docs/governance/GOV-002_CYCLE_II_EXECUTION_PROGRAM.md [IDENTIFIER_REFERENCE; MEDIUM; line 530] | docs/governance/GOV-002_CYCLE_II_EXECUTION_PROGRAM.md [IDENTIFIER_REFERENCE; MEDIUM; line 553] | docs/governance/GOV-002_CYCLE_II_EXECUTION_PROGRAM.md [IDENTIFIER_REFERENCE; MEDIUM; line 572] | docs/governance/GOV-002_CYCLE_II_EXECUTION_PROGRAM.md [IDENTIFIER_REFERENCE; MEDIUM; line 580] | docs/governance/GOV-002_CYCLE_II_EXECUTION_PROGRAM.md [IDENTIFIER_REFERENCE; MEDIUM; line 9],11,86,MEDIUM_REFERENCE_RISK,HIGH,NO,Confirmed HIGH/MEDIUM references recorded in AUD-004 reference matrix.
INV-0075,docs/adr/INDEX.md,KEEP,YES,CKO_CORE_BASELINE_CONSOLIDATION_REPORT.md [FILENAME_REFERENCE; MEDIUM; line 70] | CKO_CORE_BASELINE_CONSOLIDATION_REPORT.md [PATH_REFERENCE; HIGH; line 306] | CKO_CORE_BASELINE_EXECUTION_REPORT.md [PATH_REFERENCE; HIGH; line 586] | docs/adr/ADR-006_FEDERATED_CATALOG_AUTHORITY.md [FILENAME_REFERENCE; MEDIUM; line 582] | docs/audits/documentation/AUD-001_WORKING_TREE_CONSOLIDATION_AUDIT.md [PATH_REFERENCE; HIGH; line 73] | docs/governance/GOV-002_CYCLE_II_EXECUTION_PROGRAM.md [FILENAME_REFERENCE; MEDIUM; line 729] | docs/governance/GOV-002_CYCLE_II_EXECUTION_PROGRAM.md [FILENAME_REFERENCE; MEDIUM; line 730] | docs/governance/GOV-003_ADR_GOVERNANCE_RECONCILIATION.md [FILENAME_REFERENCE; MEDIUM; line 46] | docs/governance/GOV-003_ADR_GOVERNANCE_RECONCILIATION.md [PATH_REFERENCE; HIGH; line 35] | docs/governance/GOV-006_PROJECT_DOSSIER.md [PATH_REFERENCE; HIGH; line 359] | docs/governance/GOV-006_PROJECT_DOSSIER.md [PATH_REFERENCE; HIGH; line 711] | docs/governance/GOV-007_REPOSITORY_CANONICAL_ORGANIZATION.md [FILENAME_REFERENCE; MEDIUM; line 204] | docs/governance/GOV-007_REPOSITORY_CANONICAL_ORGANIZATION.md [FILENAME_REFERENCE; MEDIUM; line 219] | docs/governance/GOV-007_REPOSITORY_CANONICAL_ORGANIZATION.md [FILENAME_REFERENCE; MEDIUM; line 221] | docs/governance/GOV-007_REPOSITORY_CANONICAL_ORGANIZATION.md [FILENAME_REFERENCE; MEDIUM; line 223] | docs/governance/GOV-007_REPOSITORY_CANONICAL_ORGANIZATION.md [FILENAME_REFERENCE; MEDIUM; line 260] | docs/governance/GOV-007_REPOSITORY_CANONICAL_ORGANIZATION.md [FILENAME_REFERENCE; MEDIUM; line 311] | docs/governance/GOV-007_REPOSITORY_CANONICAL_ORGANIZATION.md [FILENAME_REFERENCE; MEDIUM; line 516] | docs/governance/GOV-007_REPOSITORY_CANONICAL_ORGANIZATION.md [FILENAME_REFERENCE; MEDIUM; line 517] | docs/governance/GOV-007_REPOSITORY_CANONICAL_ORGANIZATION.md [FILENAME_REFERENCE; MEDIUM; line 518] | docs/governance/GOV-007_REPOSITORY_CANONICAL_ORGANIZATION.md [FILENAME_REFERENCE; MEDIUM; line 520] | docs/governance/GOV-007_REPOSITORY_CANONICAL_ORGANIZATION.md [FILENAME_REFERENCE; MEDIUM; line 521] | docs/governance/GOV-007_REPOSITORY_CANONICAL_ORGANIZATION.md [FILENAME_REFERENCE; MEDIUM; line 525] | docs/governance/GOV-007_REPOSITORY_CANONICAL_ORGANIZATION.md [FILENAME_REFERENCE; MEDIUM; line 848] | docs/governance/GOV-007_REPOSITORY_CANONICAL_ORGANIZATION.md [PATH_REFERENCE; HIGH; line 519] | docs/governance/GOV-008_CYCLE_II_INSTITUTIONAL_RECONCILIATION.md [PATH_REFERENCE; HIGH; line 122] | docs/rfc/RFC-002_FEDERATED_CATALOG_PROTOCOL.md [FILENAME_REFERENCE; MEDIUM; line 760] | docs/sprints/SPR-018_TERMO_DE_ABERTURA.md [PATH_REFERENCE; HIGH; line 194] | GOV-005_PROJECT_EFFORT_AUDIT.md [PATH_REFERENCE; HIGH; line 692] | SPR018_DISCOVERY_AND_SCOPE.md [FILENAME_REFERENCE; MEDIUM; line 33],YES,DOCUMENTARY_DEPENDENCY,30,CKO_CORE_BASELINE_CONSOLIDATION_REPORT.md [FILENAME_REFERENCE; MEDIUM; line 70] | CKO_CORE_BASELINE_CONSOLIDATION_REPORT.md [PATH_REFERENCE; HIGH; line 306] | CKO_CORE_BASELINE_EXECUTION_REPORT.md [PATH_REFERENCE; HIGH; line 586] | docs/adr/ADR-006_FEDERATED_CATALOG_AUTHORITY.md [FILENAME_REFERENCE; MEDIUM; line 582] | docs/audits/documentation/AUD-001_WORKING_TREE_CONSOLIDATION_AUDIT.md [PATH_REFERENCE; HIGH; line 73] | docs/governance/GOV-002_CYCLE_II_EXECUTION_PROGRAM.md [FILENAME_REFERENCE; MEDIUM; line 729] | docs/governance/GOV-002_CYCLE_II_EXECUTION_PROGRAM.md [FILENAME_REFERENCE; MEDIUM; line 730] | docs/governance/GOV-003_ADR_GOVERNANCE_RECONCILIATION.md [FILENAME_REFERENCE; MEDIUM; line 46] | docs/governance/GOV-003_ADR_GOVERNANCE_RECONCILIATION.md [PATH_REFERENCE; HIGH; line 35] | docs/governance/GOV-006_PROJECT_DOSSIER.md [PATH_REFERENCE; HIGH; line 359] | docs/governance/GOV-006_PROJECT_DOSSIER.md [PATH_REFERENCE; HIGH; line 711] | docs/governance/GOV-007_REPOSITORY_CANONICAL_ORGANIZATION.md [FILENAME_REFERENCE; MEDIUM; line 204] | docs/governance/GOV-007_REPOSITORY_CANONICAL_ORGANIZATION.md [FILENAME_REFERENCE; MEDIUM; line 219] | docs/governance/GOV-007_REPOSITORY_CANONICAL_ORGANIZATION.md [FILENAME_REFERENCE; MEDIUM; line 221] | docs/governance/GOV-007_REPOSITORY_CANONICAL_ORGANIZATION.md [FILENAME_REFERENCE; MEDIUM; line 223] | docs/governance/GOV-007_REPOSITORY_CANONICAL_ORGANIZATION.md [FILENAME_REFERENCE; MEDIUM; line 260] | docs/governance/GOV-007_REPOSITORY_CANONICAL_ORGANIZATION.md [FILENAME_REFERENCE; MEDIUM; line 311] | docs/governance/GOV-007_REPOSITORY_CANONICAL_ORGANIZATION.md [FILENAME_REFERENCE; MEDIUM; line 516] | docs/governance/GOV-007_REPOSITORY_CANONICAL_ORGANIZATION.md [FILENAME_REFERENCE; MEDIUM; line 517] | docs/governance/GOV-007_REPOSITORY_CANONICAL_ORGANIZATION.md [FILENAME_REFERENCE; MEDIUM; line 518] | docs/governance/GOV-007_REPOSITORY_CANONICAL_ORGANIZATION.md [FILENAME_REFERENCE; MEDIUM; line 520] | docs/governance/GOV-007_REPOSITORY_CANONICAL_ORGANIZATION.md [FILENAME_REFERENCE; MEDIUM; line 521] | docs/governance/GOV-007_REPOSITORY_CANONICAL_ORGANIZATION.md [FILENAME_REFERENCE; MEDIUM; line 525] | docs/governance/GOV-007_REPOSITORY_CANONICAL_ORGANIZATION.md [FILENAME_REFERENCE; MEDIUM; line 848] | docs/governance/GOV-007_REPOSITORY_CANONICAL_ORGANIZATION.md [PATH_REFERENCE; HIGH; line 519] | docs/governance/GOV-008_CYCLE_II_INSTITUTIONAL_RECONCILIATION.md [PATH_REFERENCE; HIGH; line 122] | docs/rfc/RFC-002_FEDERATED_CATALOG_PROTOCOL.md [FILENAME_REFERENCE; MEDIUM; line 760] | docs/sprints/SPR-018_TERMO_DE_ABERTURA.md [PATH_REFERENCE; HIGH; line 194] | GOV-005_PROJECT_EFFORT_AUDIT.md [PATH_REFERENCE; HIGH; line 692] | SPR018_DISCOVERY_AND_SCOPE.md [FILENAME_REFERENCE; MEDIUM; line 33],24,docs/adr/ADR-001_MONOLITO_MODULAR_INCREMENTAL.md [FILENAME_REFERENCE; MEDIUM; line 9] | docs/adr/ADR-001_MONOLITO_MODULAR_INCREMENTAL.md [IDENTIFIER_REFERENCE; MEDIUM; line 19] | docs/adr/ADR-001_MONOLITO_MODULAR_INCREMENTAL.md [IDENTIFIER_REFERENCE; MEDIUM; line 9] | docs/adr/ADR-002_IDENTIDADE_DOCUMENTAL.md [FILENAME_REFERENCE; MEDIUM; line 10] | docs/adr/ADR-002_IDENTIDADE_DOCUMENTAL.md [IDENTIFIER_REFERENCE; MEDIUM; line 10] | docs/adr/ADR-003_PRESERVACAO_DO_LEGADO.md [FILENAME_REFERENCE; MEDIUM; line 11] | docs/adr/ADR-003_PRESERVACAO_DO_LEGADO.md [IDENTIFIER_REFERENCE; MEDIUM; line 11] | docs/adr/ADR-004_BANCO_CANONICO_SEPARADO.md [FILENAME_REFERENCE; MEDIUM; line 12] | docs/adr/ADR-004_BANCO_CANONICO_SEPARADO.md [IDENTIFIER_REFERENCE; MEDIUM; line 12] | docs/adr/ADR-006_FEDERATED_CATALOG_AUTHORITY.md [FILENAME_REFERENCE; MEDIUM; line 19] | docs/adr/ADR-006_FEDERATED_CATALOG_AUTHORITY.md [IDENTIFIER_REFERENCE; MEDIUM; line 19] | docs/decisoes/ADR-005A-001_PERSISTENCIA_ADITIVA.md [FILENAME_REFERENCE; MEDIUM; line 13] | docs/decisoes/ADR-005A-001_PERSISTENCIA_ADITIVA.md [IDENTIFIER_REFERENCE; MEDIUM; line 13] | docs/governance/GOV-003_ADR_GOVERNANCE_RECONCILIATION.md [FILENAME_REFERENCE; MEDIUM; line 23] | docs/governance/GOV-003_ADR_GOVERNANCE_RECONCILIATION.md [IDENTIFIER_REFERENCE; MEDIUM; line 19] | docs/governance/GOV-003_ADR_GOVERNANCE_RECONCILIATION.md [IDENTIFIER_REFERENCE; MEDIUM; line 23] | docs/governance/GOV-003_ADR_GOVERNANCE_RECONCILIATION.md [IDENTIFIER_REFERENCE; MEDIUM; line 3],37,17,MEDIUM_REFERENCE_RISK,HIGH,NO,Confirmed HIGH/MEDIUM references recorded in AUD-004 reference matrix.
INV-0076,docs/architecture/CKO_CORE_ARQUITETURA_SPR005.md,KEEP,YES,CKO_CORE_BASELINE_CONSOLIDATION_REPORT.md [PATH_REFERENCE; HIGH; line 307] | CKO_CORE_BASELINE_EXECUTION_REPORT.md [PATH_REFERENCE; HIGH; line 587] | docs/governance/OPS-004_REPOSITORY_CANONICAL_MIGRATION_PLAN.md [PATH_REFERENCE; HIGH; line 126],YES,DOCUMENTARY_DEPENDENCY,4,CKO_CORE_BASELINE_CONSOLIDATION_REPORT.md [PATH_REFERENCE; HIGH; line 307] | CKO_CORE_BASELINE_EXECUTION_REPORT.md [PATH_REFERENCE; HIGH; line 587] | docs/governance/OPS-004_REPOSITORY_CANONICAL_MIGRATION_PLAN.md [PATH_REFERENCE; HIGH; line 126],0,NO_VERIFIED_REFERENCE,4,0,MEDIUM_REFERENCE_RISK,HIGH,NO,Confirmed HIGH/MEDIUM references recorded in AUD-004 reference matrix.
INV-0077,docs/architecture/CKO_CORE_BASELINE_2026-07-11.md,KEEP,YES,CKO_CORE_BASELINE_CONSOLIDATION_REPORT.md [PATH_REFERENCE; HIGH; line 308] | CKO_CORE_BASELINE_EXECUTION_REPORT.md [PATH_REFERENCE; HIGH; line 588] | docs/governance/OPS-004_REPOSITORY_CANONICAL_MIGRATION_PLAN.md [PATH_REFERENCE; HIGH; line 127] | scripts/VALIDAR_SPR005.ps1 [PATH_REFERENCE; HIGH; line 17],YES,DOCUMENTARY_DEPENDENCY | OPERATIONAL_DEPENDENCY,5,CKO_CORE_BASELINE_CONSOLIDATION_REPORT.md [PATH_REFERENCE; HIGH; line 308] | CKO_CORE_BASELINE_EXECUTION_REPORT.md [PATH_REFERENCE; HIGH; line 588] | docs/governance/OPS-004_REPOSITORY_CANONICAL_MIGRATION_PLAN.md [PATH_REFERENCE; HIGH; line 127] | scripts/VALIDAR_SPR005.ps1 [PATH_REFERENCE; HIGH; line 17],0,NO_VERIFIED_REFERENCE,5,0,MEDIUM_REFERENCE_RISK,HIGH,NO,Confirmed HIGH/MEDIUM references recorded in AUD-004 reference matrix.
INV-0078,docs/arquitetura/CKO-ARCH-002_ECOSYSTEM_EVOLUTION_ARCHITECTURE.md,KEEP,YES,docs/adr/ADR-006_FEDERATED_CATALOG_AUTHORITY.md [FILENAME_REFERENCE; MEDIUM; line 578] | docs/adr/ADR-006_FEDERATED_CATALOG_AUTHORITY.md [IDENTIFIER_REFERENCE; MEDIUM; line 30] | docs/adr/ADR-006_FEDERATED_CATALOG_AUTHORITY.md [IDENTIFIER_REFERENCE; MEDIUM; line 528] | docs/adr/ADR-006_FEDERATED_CATALOG_AUTHORITY.md [IDENTIFIER_REFERENCE; MEDIUM; line 578] | docs/adr/ADR-006_FEDERATED_CATALOG_AUTHORITY.md [IDENTIFIER_REFERENCE; MEDIUM; line 8] | docs/audits/documentation/AUD-001_WORKING_TREE_CONSOLIDATION_AUDIT.md [IDENTIFIER_REFERENCE; MEDIUM; line 102] | docs/audits/documentation/AUD-001_WORKING_TREE_CONSOLIDATION_AUDIT.md [IDENTIFIER_REFERENCE; MEDIUM; line 104] | docs/audits/documentation/AUD-001_WORKING_TREE_CONSOLIDATION_AUDIT.md [IDENTIFIER_REFERENCE; MEDIUM; line 106] | docs/audits/documentation/AUD-001_WORKING_TREE_CONSOLIDATION_AUDIT.md [IDENTIFIER_REFERENCE; MEDIUM; line 198] | docs/audits/documentation/AUD-001_WORKING_TREE_CONSOLIDATION_AUDIT.md [IDENTIFIER_REFERENCE; MEDIUM; line 81] | docs/audits/documentation/AUD-001_WORKING_TREE_CONSOLIDATION_AUDIT.md [PATH_REFERENCE; HIGH; line 81] | docs/audits/documentation/AUD-002_AUD-001_EVIDENCE_INCORPORATION.md [IDENTIFIER_REFERENCE; MEDIUM; line 24] | docs/governance/GOV-002_CYCLE_II_EXECUTION_PROGRAM.md [FILENAME_REFERENCE; MEDIUM; line 726] | docs/governance/GOV-002_CYCLE_II_EXECUTION_PROGRAM.md [IDENTIFIER_REFERENCE; MEDIUM; line 13] | docs/governance/GOV-002_CYCLE_II_EXECUTION_PROGRAM.md [IDENTIFIER_REFERENCE; MEDIUM; line 141] | docs/governance/GOV-002_CYCLE_II_EXECUTION_PROGRAM.md [IDENTIFIER_REFERENCE; MEDIUM; line 154] | docs/governance/GOV-002_CYCLE_II_EXECUTION_PROGRAM.md [IDENTIFIER_REFERENCE; MEDIUM; line 30] | docs/governance/GOV-002_CYCLE_II_EXECUTION_PROGRAM.md [IDENTIFIER_REFERENCE; MEDIUM; line 64] | docs/governance/GOV-002_CYCLE_II_EXECUTION_PROGRAM.md [IDENTIFIER_REFERENCE; MEDIUM; line 690] | docs/governance/GOV-002_CYCLE_II_EXECUTION_PROGRAM.md [IDENTIFIER_REFERENCE; MEDIUM; line 714] | docs/governance/GOV-002_CYCLE_II_EXECUTION_PROGRAM.md [IDENTIFIER_REFERENCE; MEDIUM; line 71] | docs/governance/GOV-002_CYCLE_II_EXECUTION_PROGRAM.md [IDENTIFIER_REFERENCE; MEDIUM; line 726] | docs/governance/GOV-002_CYCLE_II_EXECUTION_PROGRAM.md [IDENTIFIER_REFERENCE; MEDIUM; line 8] | docs/governance/GOV-002_CYCLE_II_EXECUTION_PROGRAM.md [IDENTIFIER_REFERENCE; MEDIUM; line 96] | docs/governance/GOV-006_PROJECT_DOSSIER.md [IDENTIFIER_REFERENCE; MEDIUM; line 142] | docs/governance/GOV-006_PROJECT_DOSSIER.md [IDENTIFIER_REFERENCE; MEDIUM; line 201] | docs/governance/GOV-006_PROJECT_DOSSIER.md [IDENTIFIER_REFERENCE; MEDIUM; line 213] | docs/governance/GOV-006_PROJECT_DOSSIER.md [IDENTIFIER_REFERENCE; MEDIUM; line 321] | docs/governance/GOV-006_PROJECT_DOSSIER.md [IDENTIFIER_REFERENCE; MEDIUM; line 390] | docs/governance/GOV-006_PROJECT_DOSSIER.md [IDENTIFIER_REFERENCE; MEDIUM; line 45] | docs/governance/GOV-006_PROJECT_DOSSIER.md [IDENTIFIER_REFERENCE; MEDIUM; line 599] | docs/governance/GOV-006_PROJECT_DOSSIER.md [IDENTIFIER_REFERENCE; MEDIUM; line 675] | docs/governance/GOV-006_PROJECT_DOSSIER.md [IDENTIFIER_REFERENCE; MEDIUM; line 687] | docs/governance/GOV-006_PROJECT_DOSSIER.md [IDENTIFIER_REFERENCE; MEDIUM; line 704] | docs/governance/GOV-006_PROJECT_DOSSIER.md [IDENTIFIER_REFERENCE; MEDIUM; line 805] | docs/governance/GOV-006_PROJECT_DOSSIER.md [IDENTIFIER_REFERENCE; MEDIUM; line 90] | docs/governance/GOV-006_PROJECT_DOSSIER.md [PATH_REFERENCE; HIGH; line 704] | docs/governance/GOV-007_REPOSITORY_CANONICAL_ORGANIZATION.md [FILENAME_REFERENCE; MEDIUM; line 411] | docs/governance/GOV-007_REPOSITORY_CANONICAL_ORGANIZATION.md [FILENAME_REFERENCE; MEDIUM; line 843] | docs/governance/GOV-007_REPOSITORY_CANONICAL_ORGANIZATION.md [IDENTIFIER_REFERENCE; MEDIUM; line 411] | docs/governance/GOV-007_REPOSITORY_CANONICAL_ORGANIZATION.md [IDENTIFIER_REFERENCE; MEDIUM; line 804] | docs/governance/GOV-007_REPOSITORY_CANONICAL_ORGANIZATION.md [IDENTIFIER_REFERENCE; MEDIUM; line 843] | docs/governance/GOV-007_REPOSITORY_CANONICAL_ORGANIZATION.md [IDENTIFIER_REFERENCE; MEDIUM; line 89] | docs/governance/GOV-008_CYCLE_II_INSTITUTIONAL_RECONCILIATION.md [IDENTIFIER_REFERENCE; MEDIUM; line 108] | docs/governance/GOV-008_CYCLE_II_INSTITUTIONAL_RECONCILIATION.md [IDENTIFIER_REFERENCE; MEDIUM; line 110] | docs/governance/GOV-008_CYCLE_II_INSTITUTIONAL_RECONCILIATION.md [IDENTIFIER_REFERENCE; MEDIUM; line 114] | docs/governance/GOV-008_CYCLE_II_INSTITUTIONAL_RECONCILIATION.md [IDENTIFIER_REFERENCE; MEDIUM; line 19] | docs/governance/GOV-008_CYCLE_II_INSTITUTIONAL_RECONCILIATION.md [IDENTIFIER_REFERENCE; MEDIUM; line 29] | docs/governance/GOV-008_CYCLE_II_INSTITUTIONAL_RECONCILIATION.md [IDENTIFIER_REFERENCE; MEDIUM; line 319] | docs/governance/GOV-008_CYCLE_II_INSTITUTIONAL_RECONCILIATION.md [IDENTIFIER_REFERENCE; MEDIUM; line 337] | docs/governance/GOV-008_CYCLE_II_INSTITUTIONAL_RECONCILIATION.md [IDENTIFIER_REFERENCE; MEDIUM; line 43] | docs/governance/GOV-008_CYCLE_II_INSTITUTIONAL_RECONCILIATION.md [IDENTIFIER_REFERENCE; MEDIUM; line 74] | docs/governance/GOV-008_CYCLE_II_INSTITUTIONAL_RECONCILIATION.md [IDENTIFIER_REFERENCE; MEDIUM; line 93] | docs/governance/GOV-008_CYCLE_II_INSTITUTIONAL_RECONCILIATION.md [IDENTIFIER_REFERENCE; MEDIUM; line 94] | docs/governance/GOV-008_CYCLE_II_INSTITUTIONAL_RECONCILIATION.md [IDENTIFIER_REFERENCE; MEDIUM; line 95] | docs/governance/GOV-008_CYCLE_II_INSTITUTIONAL_RECONCILIATION.md [IDENTIFIER_REFERENCE; MEDIUM; line 97] | docs/governance/OPS-004_REPOSITORY_CANONICAL_MIGRATION_PLAN.md [IDENTIFIER_REFERENCE; MEDIUM; line 7] | docs/rfc/RFC-002_FEDERATED_CATALOG_PROTOCOL.md [FILENAME_REFERENCE; MEDIUM; line 762] | docs/rfc/RFC-002_FEDERATED_CATALOG_PROTOCOL.md [IDENTIFIER_REFERENCE; MEDIUM; line 10] | docs/rfc/RFC-002_FEDERATED_CATALOG_PROTOCOL.md [IDENTIFIER_REFERENCE; MEDIUM; line 612] | docs/rfc/RFC-002_FEDERATED_CATALOG_PROTOCOL.md [IDENTIFIER_REFERENCE; MEDIUM; line 671] | docs/rfc/RFC-002_FEDERATED_CATALOG_PROTOCOL.md [IDENTIFIER_REFERENCE; MEDIUM; line 736] | docs/rfc/RFC-002_FEDERATED_CATALOG_PROTOCOL.md [IDENTIFIER_REFERENCE; MEDIUM; line 762] | docs/sprints/SPR-018_TERMO_DE_ABERTURA.md [IDENTIFIER_REFERENCE; MEDIUM; line 12] | docs/sprints/SPR-018_TERMO_DE_ABERTURA.md [IDENTIFIER_REFERENCE; MEDIUM; line 168] | docs/sprints/SPR-018_TERMO_DE_ABERTURA.md [IDENTIFIER_REFERENCE; MEDIUM; line 191] | docs/sprints/SPR-018_TERMO_DE_ABERTURA.md [IDENTIFIER_REFERENCE; MEDIUM; line 283] | docs/sprints/SPR-018_TERMO_DE_ABERTURA.md [IDENTIFIER_REFERENCE; MEDIUM; line 328] | docs/sprints/SPR-018_TERMO_DE_ABERTURA.md [IDENTIFIER_REFERENCE; MEDIUM; line 55] | docs/sprints/SPR-018_TERMO_DE_ABERTURA.md [PATH_REFERENCE; HIGH; line 191] | GOV-005_PROJECT_EFFORT_AUDIT.md [IDENTIFIER_REFERENCE; MEDIUM; line 171] | GOV-005_PROJECT_EFFORT_AUDIT.md [IDENTIFIER_REFERENCE; MEDIUM; line 259] | GOV-005_PROJECT_EFFORT_AUDIT.md [IDENTIFIER_REFERENCE; MEDIUM; line 518] | GOV-005_PROJECT_EFFORT_AUDIT.md [IDENTIFIER_REFERENCE; MEDIUM; line 68],YES,DOCUMENTARY_DEPENDENCY,78,docs/adr/ADR-006_FEDERATED_CATALOG_AUTHORITY.md [FILENAME_REFERENCE; MEDIUM; line 578] | docs/adr/ADR-006_FEDERATED_CATALOG_AUTHORITY.md [IDENTIFIER_REFERENCE; MEDIUM; line 30] | docs/adr/ADR-006_FEDERATED_CATALOG_AUTHORITY.md [IDENTIFIER_REFERENCE; MEDIUM; line 528] | docs/adr/ADR-006_FEDERATED_CATALOG_AUTHORITY.md [IDENTIFIER_REFERENCE; MEDIUM; line 578] | docs/adr/ADR-006_FEDERATED_CATALOG_AUTHORITY.md [IDENTIFIER_REFERENCE; MEDIUM; line 8] | docs/audits/documentation/AUD-001_WORKING_TREE_CONSOLIDATION_AUDIT.md [IDENTIFIER_REFERENCE; MEDIUM; line 102] | docs/audits/documentation/AUD-001_WORKING_TREE_CONSOLIDATION_AUDIT.md [IDENTIFIER_REFERENCE; MEDIUM; line 104] | docs/audits/documentation/AUD-001_WORKING_TREE_CONSOLIDATION_AUDIT.md [IDENTIFIER_REFERENCE; MEDIUM; line 106] | docs/audits/documentation/AUD-001_WORKING_TREE_CONSOLIDATION_AUDIT.md [IDENTIFIER_REFERENCE; MEDIUM; line 198] | docs/audits/documentation/AUD-001_WORKING_TREE_CONSOLIDATION_AUDIT.md [IDENTIFIER_REFERENCE; MEDIUM; line 81] | docs/audits/documentation/AUD-001_WORKING_TREE_CONSOLIDATION_AUDIT.md [PATH_REFERENCE; HIGH; line 81] | docs/audits/documentation/AUD-002_AUD-001_EVIDENCE_INCORPORATION.md [IDENTIFIER_REFERENCE; MEDIUM; line 24] | docs/governance/GOV-002_CYCLE_II_EXECUTION_PROGRAM.md [FILENAME_REFERENCE; MEDIUM; line 726] | docs/governance/GOV-002_CYCLE_II_EXECUTION_PROGRAM.md [IDENTIFIER_REFERENCE; MEDIUM; line 13] | docs/governance/GOV-002_CYCLE_II_EXECUTION_PROGRAM.md [IDENTIFIER_REFERENCE; MEDIUM; line 141] | docs/governance/GOV-002_CYCLE_II_EXECUTION_PROGRAM.md [IDENTIFIER_REFERENCE; MEDIUM; line 154] | docs/governance/GOV-002_CYCLE_II_EXECUTION_PROGRAM.md [IDENTIFIER_REFERENCE; MEDIUM; line 30] | docs/governance/GOV-002_CYCLE_II_EXECUTION_PROGRAM.md [IDENTIFIER_REFERENCE; MEDIUM; line 64] | docs/governance/GOV-002_CYCLE_II_EXECUTION_PROGRAM.md [IDENTIFIER_REFERENCE; MEDIUM; line 690] | docs/governance/GOV-002_CYCLE_II_EXECUTION_PROGRAM.md [IDENTIFIER_REFERENCE; MEDIUM; line 714] | docs/governance/GOV-002_CYCLE_II_EXECUTION_PROGRAM.md [IDENTIFIER_REFERENCE; MEDIUM; line 71] | docs/governance/GOV-002_CYCLE_II_EXECUTION_PROGRAM.md [IDENTIFIER_REFERENCE; MEDIUM; line 726] | docs/governance/GOV-002_CYCLE_II_EXECUTION_PROGRAM.md [IDENTIFIER_REFERENCE; MEDIUM; line 8] | docs/governance/GOV-002_CYCLE_II_EXECUTION_PROGRAM.md [IDENTIFIER_REFERENCE; MEDIUM; line 96] | docs/governance/GOV-006_PROJECT_DOSSIER.md [IDENTIFIER_REFERENCE; MEDIUM; line 142] | docs/governance/GOV-006_PROJECT_DOSSIER.md [IDENTIFIER_REFERENCE; MEDIUM; line 201] | docs/governance/GOV-006_PROJECT_DOSSIER.md [IDENTIFIER_REFERENCE; MEDIUM; line 213] | docs/governance/GOV-006_PROJECT_DOSSIER.md [IDENTIFIER_REFERENCE; MEDIUM; line 321] | docs/governance/GOV-006_PROJECT_DOSSIER.md [IDENTIFIER_REFERENCE; MEDIUM; line 390] | docs/governance/GOV-006_PROJECT_DOSSIER.md [IDENTIFIER_REFERENCE; MEDIUM; line 45] | docs/governance/GOV-006_PROJECT_DOSSIER.md [IDENTIFIER_REFERENCE; MEDIUM; line 599] | docs/governance/GOV-006_PROJECT_DOSSIER.md [IDENTIFIER_REFERENCE; MEDIUM; line 675] | docs/governance/GOV-006_PROJECT_DOSSIER.md [IDENTIFIER_REFERENCE; MEDIUM; line 687] | docs/governance/GOV-006_PROJECT_DOSSIER.md [IDENTIFIER_REFERENCE; MEDIUM; line 704] | docs/governance/GOV-006_PROJECT_DOSSIER.md [IDENTIFIER_REFERENCE; MEDIUM; line 805] | docs/governance/GOV-006_PROJECT_DOSSIER.md [IDENTIFIER_REFERENCE; MEDIUM; line 90] | docs/governance/GOV-006_PROJECT_DOSSIER.md [PATH_REFERENCE; HIGH; line 704] | docs/governance/GOV-007_REPOSITORY_CANONICAL_ORGANIZATION.md [FILENAME_REFERENCE; MEDIUM; line 411] | docs/governance/GOV-007_REPOSITORY_CANONICAL_ORGANIZATION.md [FILENAME_REFERENCE; MEDIUM; line 843] | docs/governance/GOV-007_REPOSITORY_CANONICAL_ORGANIZATION.md [IDENTIFIER_REFERENCE; MEDIUM; line 411] | docs/governance/GOV-007_REPOSITORY_CANONICAL_ORGANIZATION.md [IDENTIFIER_REFERENCE; MEDIUM; line 804] | docs/governance/GOV-007_REPOSITORY_CANONICAL_ORGANIZATION.md [IDENTIFIER_REFERENCE; MEDIUM; line 843] | docs/governance/GOV-007_REPOSITORY_CANONICAL_ORGANIZATION.md [IDENTIFIER_REFERENCE; MEDIUM; line 89] | docs/governance/GOV-008_CYCLE_II_INSTITUTIONAL_RECONCILIATION.md [IDENTIFIER_REFERENCE; MEDIUM; line 108] | docs/governance/GOV-008_CYCLE_II_INSTITUTIONAL_RECONCILIATION.md [IDENTIFIER_REFERENCE; MEDIUM; line 110] | docs/governance/GOV-008_CYCLE_II_INSTITUTIONAL_RECONCILIATION.md [IDENTIFIER_REFERENCE; MEDIUM; line 114] | docs/governance/GOV-008_CYCLE_II_INSTITUTIONAL_RECONCILIATION.md [IDENTIFIER_REFERENCE; MEDIUM; line 19] | docs/governance/GOV-008_CYCLE_II_INSTITUTIONAL_RECONCILIATION.md [IDENTIFIER_REFERENCE; MEDIUM; line 29] | docs/governance/GOV-008_CYCLE_II_INSTITUTIONAL_RECONCILIATION.md [IDENTIFIER_REFERENCE; MEDIUM; line 319] | docs/governance/GOV-008_CYCLE_II_INSTITUTIONAL_RECONCILIATION.md [IDENTIFIER_REFERENCE; MEDIUM; line 337] | docs/governance/GOV-008_CYCLE_II_INSTITUTIONAL_RECONCILIATION.md [IDENTIFIER_REFERENCE; MEDIUM; line 43] | docs/governance/GOV-008_CYCLE_II_INSTITUTIONAL_RECONCILIATION.md [IDENTIFIER_REFERENCE; MEDIUM; line 74] | docs/governance/GOV-008_CYCLE_II_INSTITUTIONAL_RECONCILIATION.md [IDENTIFIER_REFERENCE; MEDIUM; line 93] | docs/governance/GOV-008_CYCLE_II_INSTITUTIONAL_RECONCILIATION.md [IDENTIFIER_REFERENCE; MEDIUM; line 94] | docs/governance/GOV-008_CYCLE_II_INSTITUTIONAL_RECONCILIATION.md [IDENTIFIER_REFERENCE; MEDIUM; line 95] | docs/governance/GOV-008_CYCLE_II_INSTITUTIONAL_RECONCILIATION.md [IDENTIFIER_REFERENCE; MEDIUM; line 97] | docs/governance/OPS-004_REPOSITORY_CANONICAL_MIGRATION_PLAN.md [IDENTIFIER_REFERENCE; MEDIUM; line 7] | docs/rfc/RFC-002_FEDERATED_CATALOG_PROTOCOL.md [FILENAME_REFERENCE; MEDIUM; line 762] | docs/rfc/RFC-002_FEDERATED_CATALOG_PROTOCOL.md [IDENTIFIER_REFERENCE; MEDIUM; line 10] | docs/rfc/RFC-002_FEDERATED_CATALOG_PROTOCOL.md [IDENTIFIER_REFERENCE; MEDIUM; line 612] | docs/rfc/RFC-002_FEDERATED_CATALOG_PROTOCOL.md [IDENTIFIER_REFERENCE; MEDIUM; line 671] | docs/rfc/RFC-002_FEDERATED_CATALOG_PROTOCOL.md [IDENTIFIER_REFERENCE; MEDIUM; line 736] | docs/rfc/RFC-002_FEDERATED_CATALOG_PROTOCOL.md [IDENTIFIER_REFERENCE; MEDIUM; line 762] | docs/sprints/SPR-018_TERMO_DE_ABERTURA.md [IDENTIFIER_REFERENCE; MEDIUM; line 12] | docs/sprints/SPR-018_TERMO_DE_ABERTURA.md [IDENTIFIER_REFERENCE; MEDIUM; line 168] | docs/sprints/SPR-018_TERMO_DE_ABERTURA.md [IDENTIFIER_REFERENCE; MEDIUM; line 191] | docs/sprints/SPR-018_TERMO_DE_ABERTURA.md [IDENTIFIER_REFERENCE; MEDIUM; line 283] | docs/sprints/SPR-018_TERMO_DE_ABERTURA.md [IDENTIFIER_REFERENCE; MEDIUM; line 328] | docs/sprints/SPR-018_TERMO_DE_ABERTURA.md [IDENTIFIER_REFERENCE; MEDIUM; line 55] | docs/sprints/SPR-018_TERMO_DE_ABERTURA.md [PATH_REFERENCE; HIGH; line 191] | GOV-005_PROJECT_EFFORT_AUDIT.md [IDENTIFIER_REFERENCE; MEDIUM; line 171] | GOV-005_PROJECT_EFFORT_AUDIT.md [IDENTIFIER_REFERENCE; MEDIUM; line 259] | GOV-005_PROJECT_EFFORT_AUDIT.md [IDENTIFIER_REFERENCE; MEDIUM; line 518] | GOV-005_PROJECT_EFFORT_AUDIT.md [IDENTIFIER_REFERENCE; MEDIUM; line 68],4,ARCH-001_CKO_CORE_MASTER_ARCHITECTURE.md [PATH_REFERENCE; HIGH; line 648] | CKO_CORE_V1_ARCHITECTURE_MAP.md [PATH_REFERENCE; HIGH; line 649] | CKO_CORE_V1_PUBLIC_API_CATALOG.md [PATH_REFERENCE; HIGH; line 650] | CKO_CORE_V1_RELEASE_CERTIFICATION.md [PATH_REFERENCE; HIGH; line 651],12,70,MEDIUM_REFERENCE_RISK,HIGH,NO,Confirmed HIGH/MEDIUM references recorded in AUD-004 reference matrix.
INV-0079,docs/audits/documentation/AUD-001_WORKING_TREE_CONSOLIDATION_AUDIT.md,KEEP,YES,docs/audits/documentation/AUD-002_AUD-001_EVIDENCE_INCORPORATION.md [IDENTIFIER_REFERENCE; MEDIUM; line 113] | docs/audits/documentation/AUD-002_AUD-001_EVIDENCE_INCORPORATION.md [IDENTIFIER_REFERENCE; MEDIUM; line 117] | docs/audits/documentation/AUD-002_AUD-001_EVIDENCE_INCORPORATION.md [IDENTIFIER_REFERENCE; MEDIUM; line 12] | docs/audits/documentation/AUD-002_AUD-001_EVIDENCE_INCORPORATION.md [IDENTIFIER_REFERENCE; MEDIUM; line 16] | docs/audits/documentation/AUD-002_AUD-001_EVIDENCE_INCORPORATION.md [IDENTIFIER_REFERENCE; MEDIUM; line 1] | docs/audits/documentation/AUD-002_AUD-001_EVIDENCE_INCORPORATION.md [IDENTIFIER_REFERENCE; MEDIUM; line 20] | docs/audits/documentation/AUD-002_AUD-001_EVIDENCE_INCORPORATION.md [IDENTIFIER_REFERENCE; MEDIUM; line 24] | docs/audits/documentation/AUD-002_AUD-001_EVIDENCE_INCORPORATION.md [IDENTIFIER_REFERENCE; MEDIUM; line 31] | docs/audits/documentation/AUD-002_AUD-001_EVIDENCE_INCORPORATION.md [IDENTIFIER_REFERENCE; MEDIUM; line 32] | docs/audits/documentation/AUD-002_AUD-001_EVIDENCE_INCORPORATION.md [IDENTIFIER_REFERENCE; MEDIUM; line 33] | docs/audits/documentation/AUD-002_AUD-001_EVIDENCE_INCORPORATION.md [IDENTIFIER_REFERENCE; MEDIUM; line 43] | docs/audits/documentation/AUD-002_AUD-001_EVIDENCE_INCORPORATION.md [IDENTIFIER_REFERENCE; MEDIUM; line 50] | docs/audits/documentation/AUD-002_AUD-001_EVIDENCE_INCORPORATION.md [IDENTIFIER_REFERENCE; MEDIUM; line 5] | docs/audits/documentation/AUD-002_AUD-001_EVIDENCE_INCORPORATION.md [IDENTIFIER_REFERENCE; MEDIUM; line 60] | docs/audits/documentation/AUD-002_AUD-001_EVIDENCE_INCORPORATION.md [IDENTIFIER_REFERENCE; MEDIUM; line 62] | docs/audits/documentation/AUD-002_AUD-001_EVIDENCE_INCORPORATION.md [IDENTIFIER_REFERENCE; MEDIUM; line 64] | docs/audits/documentation/AUD-002_AUD-001_EVIDENCE_INCORPORATION.md [IDENTIFIER_REFERENCE; MEDIUM; line 68] | docs/audits/documentation/AUD-002_AUD-001_EVIDENCE_INCORPORATION.md [IDENTIFIER_REFERENCE; MEDIUM; line 69] | docs/audits/documentation/AUD-002_AUD-001_EVIDENCE_INCORPORATION.md [IDENTIFIER_REFERENCE; MEDIUM; line 70] | docs/audits/documentation/AUD-002_AUD-001_EVIDENCE_INCORPORATION.md [IDENTIFIER_REFERENCE; MEDIUM; line 76] | docs/audits/documentation/AUD-002_AUD-001_EVIDENCE_INCORPORATION.md [IDENTIFIER_REFERENCE; MEDIUM; line 77] | docs/audits/documentation/AUD-002_AUD-001_EVIDENCE_INCORPORATION.md [IDENTIFIER_REFERENCE; MEDIUM; line 84] | docs/audits/documentation/AUD-002_AUD-001_EVIDENCE_INCORPORATION.md [IDENTIFIER_REFERENCE; MEDIUM; line 91] | docs/audits/documentation/AUD-002_AUD-001_EVIDENCE_INCORPORATION.md [IDENTIFIER_REFERENCE; MEDIUM; line 92] | docs/audits/documentation/AUD-002_AUD-001_EVIDENCE_INCORPORATION.md [IDENTIFIER_REFERENCE; MEDIUM; line 99] | docs/audits/documentation/AUD-002_AUD-001_EVIDENCE_INCORPORATION.md [PATH_REFERENCE; HIGH; line 43] | docs/audits/documentation/AUD-002_AUD-001_EVIDENCE_INCORPORATION.md [PATH_REFERENCE; HIGH; line 76] | docs/audits/documentation/AUD-003_OPS-004_TEXTUAL_INTEGRITY_ASSESSMENT.md [FILENAME_REFERENCE; MEDIUM; line 60] | docs/audits/documentation/AUD-003_OPS-004_TEXTUAL_INTEGRITY_ASSESSMENT.md [IDENTIFIER_REFERENCE; MEDIUM; line 60] | docs/audits/documentation/AUD-003_OPS-004_TEXTUAL_INTEGRITY_ASSESSMENT.md [IDENTIFIER_REFERENCE; MEDIUM; line 61] | docs/audits/documentation/AUD-003_OPS-004_TEXTUAL_INTEGRITY_ASSESSMENT.md [IDENTIFIER_REFERENCE; MEDIUM; line 75] | docs/audits/documentation/AUD-003_OPS-004_TEXTUAL_INTEGRITY_ASSESSMENT.md [IDENTIFIER_REFERENCE; MEDIUM; line 83] | docs/governance/GOV-008_CYCLE_II_INSTITUTIONAL_RECONCILIATION.md [IDENTIFIER_REFERENCE; MEDIUM; line 104] | docs/governance/GOV-008_CYCLE_II_INSTITUTIONAL_RECONCILIATION.md [IDENTIFIER_REFERENCE; MEDIUM; line 106] | docs/governance/GOV-008_CYCLE_II_INSTITUTIONAL_RECONCILIATION.md [IDENTIFIER_REFERENCE; MEDIUM; line 280] | docs/governance/GOV-008_CYCLE_II_INSTITUTIONAL_RECONCILIATION.md [IDENTIFIER_REFERENCE; MEDIUM; line 308] | docs/governance/GOV-008_CYCLE_II_INSTITUTIONAL_RECONCILIATION.md [IDENTIFIER_REFERENCE; MEDIUM; line 318] | docs/governance/GOV-008_CYCLE_II_INSTITUTIONAL_RECONCILIATION.md [IDENTIFIER_REFERENCE; MEDIUM; line 329] | docs/governance/GOV-008_CYCLE_II_INSTITUTIONAL_RECONCILIATION.md [IDENTIFIER_REFERENCE; MEDIUM; line 349] | docs/governance/GOV-008_CYCLE_II_INSTITUTIONAL_RECONCILIATION.md [IDENTIFIER_REFERENCE; MEDIUM; line 363] | docs/governance/GOV-008_CYCLE_II_INSTITUTIONAL_RECONCILIATION.md [IDENTIFIER_REFERENCE; MEDIUM; line 53],YES,DOCUMENTARY_DEPENDENCY,43,docs/audits/documentation/AUD-002_AUD-001_EVIDENCE_INCORPORATION.md [IDENTIFIER_REFERENCE; MEDIUM; line 113] | docs/audits/documentation/AUD-002_AUD-001_EVIDENCE_INCORPORATION.md [IDENTIFIER_REFERENCE; MEDIUM; line 117] | docs/audits/documentation/AUD-002_AUD-001_EVIDENCE_INCORPORATION.md [IDENTIFIER_REFERENCE; MEDIUM; line 12] | docs/audits/documentation/AUD-002_AUD-001_EVIDENCE_INCORPORATION.md [IDENTIFIER_REFERENCE; MEDIUM; line 16] | docs/audits/documentation/AUD-002_AUD-001_EVIDENCE_INCORPORATION.md [IDENTIFIER_REFERENCE; MEDIUM; line 1] | docs/audits/documentation/AUD-002_AUD-001_EVIDENCE_INCORPORATION.md [IDENTIFIER_REFERENCE; MEDIUM; line 20] | docs/audits/documentation/AUD-002_AUD-001_EVIDENCE_INCORPORATION.md [IDENTIFIER_REFERENCE; MEDIUM; line 24] | docs/audits/documentation/AUD-002_AUD-001_EVIDENCE_INCORPORATION.md [IDENTIFIER_REFERENCE; MEDIUM; line 31] | docs/audits/documentation/AUD-002_AUD-001_EVIDENCE_INCORPORATION.md [IDENTIFIER_REFERENCE; MEDIUM; line 32] | docs/audits/documentation/AUD-002_AUD-001_EVIDENCE_INCORPORATION.md [IDENTIFIER_REFERENCE; MEDIUM; line 33] | docs/audits/documentation/AUD-002_AUD-001_EVIDENCE_INCORPORATION.md [IDENTIFIER_REFERENCE; MEDIUM; line 43] | docs/audits/documentation/AUD-002_AUD-001_EVIDENCE_INCORPORATION.md [IDENTIFIER_REFERENCE; MEDIUM; line 50] | docs/audits/documentation/AUD-002_AUD-001_EVIDENCE_INCORPORATION.md [IDENTIFIER_REFERENCE; MEDIUM; line 5] | docs/audits/documentation/AUD-002_AUD-001_EVIDENCE_INCORPORATION.md [IDENTIFIER_REFERENCE; MEDIUM; line 60] | docs/audits/documentation/AUD-002_AUD-001_EVIDENCE_INCORPORATION.md [IDENTIFIER_REFERENCE; MEDIUM; line 62] | docs/audits/documentation/AUD-002_AUD-001_EVIDENCE_INCORPORATION.md [IDENTIFIER_REFERENCE; MEDIUM; line 64] | docs/audits/documentation/AUD-002_AUD-001_EVIDENCE_INCORPORATION.md [IDENTIFIER_REFERENCE; MEDIUM; line 68] | docs/audits/documentation/AUD-002_AUD-001_EVIDENCE_INCORPORATION.md [IDENTIFIER_REFERENCE; MEDIUM; line 69] | docs/audits/documentation/AUD-002_AUD-001_EVIDENCE_INCORPORATION.md [IDENTIFIER_REFERENCE; MEDIUM; line 70] | docs/audits/documentation/AUD-002_AUD-001_EVIDENCE_INCORPORATION.md [IDENTIFIER_REFERENCE; MEDIUM; line 76] | docs/audits/documentation/AUD-002_AUD-001_EVIDENCE_INCORPORATION.md [IDENTIFIER_REFERENCE; MEDIUM; line 77] | docs/audits/documentation/AUD-002_AUD-001_EVIDENCE_INCORPORATION.md [IDENTIFIER_REFERENCE; MEDIUM; line 84] | docs/audits/documentation/AUD-002_AUD-001_EVIDENCE_INCORPORATION.md [IDENTIFIER_REFERENCE; MEDIUM; line 91] | docs/audits/documentation/AUD-002_AUD-001_EVIDENCE_INCORPORATION.md [IDENTIFIER_REFERENCE; MEDIUM; line 92] | docs/audits/documentation/AUD-002_AUD-001_EVIDENCE_INCORPORATION.md [IDENTIFIER_REFERENCE; MEDIUM; line 99] | docs/audits/documentation/AUD-002_AUD-001_EVIDENCE_INCORPORATION.md [PATH_REFERENCE; HIGH; line 43] | docs/audits/documentation/AUD-002_AUD-001_EVIDENCE_INCORPORATION.md [PATH_REFERENCE; HIGH; line 76] | docs/audits/documentation/AUD-003_OPS-004_TEXTUAL_INTEGRITY_ASSESSMENT.md [FILENAME_REFERENCE; MEDIUM; line 60] | docs/audits/documentation/AUD-003_OPS-004_TEXTUAL_INTEGRITY_ASSESSMENT.md [IDENTIFIER_REFERENCE; MEDIUM; line 60] | docs/audits/documentation/AUD-003_OPS-004_TEXTUAL_INTEGRITY_ASSESSMENT.md [IDENTIFIER_REFERENCE; MEDIUM; line 61] | docs/audits/documentation/AUD-003_OPS-004_TEXTUAL_INTEGRITY_ASSESSMENT.md [IDENTIFIER_REFERENCE; MEDIUM; line 75] | docs/audits/documentation/AUD-003_OPS-004_TEXTUAL_INTEGRITY_ASSESSMENT.md [IDENTIFIER_REFERENCE; MEDIUM; line 83] | docs/governance/GOV-008_CYCLE_II_INSTITUTIONAL_RECONCILIATION.md [IDENTIFIER_REFERENCE; MEDIUM; line 104] | docs/governance/GOV-008_CYCLE_II_INSTITUTIONAL_RECONCILIATION.md [IDENTIFIER_REFERENCE; MEDIUM; line 106] | docs/governance/GOV-008_CYCLE_II_INSTITUTIONAL_RECONCILIATION.md [IDENTIFIER_REFERENCE; MEDIUM; line 280] | docs/governance/GOV-008_CYCLE_II_INSTITUTIONAL_RECONCILIATION.md [IDENTIFIER_REFERENCE; MEDIUM; line 308] | docs/governance/GOV-008_CYCLE_II_INSTITUTIONAL_RECONCILIATION.md [IDENTIFIER_REFERENCE; MEDIUM; line 318] | docs/governance/GOV-008_CYCLE_II_INSTITUTIONAL_RECONCILIATION.md [IDENTIFIER_REFERENCE; MEDIUM; line 329] | docs/governance/GOV-008_CYCLE_II_INSTITUTIONAL_RECONCILIATION.md [IDENTIFIER_REFERENCE; MEDIUM; line 349] | docs/governance/GOV-008_CYCLE_II_INSTITUTIONAL_RECONCILIATION.md [IDENTIFIER_REFERENCE; MEDIUM; line 363] | docs/governance/GOV-008_CYCLE_II_INSTITUTIONAL_RECONCILIATION.md [IDENTIFIER_REFERENCE; MEDIUM; line 53],94,.vscode/extensions.json [PATH_REFERENCE; HIGH; line 77] | .vscode/tasks.json [PATH_REFERENCE; HIGH; line 78] | docs/adr/ADR-001_MONOLITO_MODULAR_INCREMENTAL.md [IDENTIFIER_REFERENCE; MEDIUM; line 118] | docs/adr/ADR-001_MONOLITO_MODULAR_INCREMENTAL.md [IDENTIFIER_REFERENCE; MEDIUM; line 177] | docs/adr/ADR-006_FEDERATED_CATALOG_AUTHORITY.md [IDENTIFIER_REFERENCE; MEDIUM; line 102] | docs/adr/ADR-006_FEDERATED_CATALOG_AUTHORITY.md [IDENTIFIER_REFERENCE; MEDIUM; line 116] | docs/adr/ADR-006_FEDERATED_CATALOG_AUTHORITY.md [IDENTIFIER_REFERENCE; MEDIUM; line 118] | docs/adr/ADR-006_FEDERATED_CATALOG_AUTHORITY.md [IDENTIFIER_REFERENCE; MEDIUM; line 177] | docs/adr/ADR-006_FEDERATED_CATALOG_AUTHORITY.md [IDENTIFIER_REFERENCE; MEDIUM; line 198] | docs/adr/ADR-006_FEDERATED_CATALOG_AUTHORITY.md [IDENTIFIER_REFERENCE; MEDIUM; line 80] | docs/adr/ADR-006_FEDERATED_CATALOG_AUTHORITY.md [PATH_REFERENCE; HIGH; line 80] | docs/adr/INDEX.md [PATH_REFERENCE; HIGH; line 73] | docs/arquitetura/CKO-ARCH-002_ECOSYSTEM_EVOLUTION_ARCHITECTURE.md [IDENTIFIER_REFERENCE; MEDIUM; line 102] | docs/arquitetura/CKO-ARCH-002_ECOSYSTEM_EVOLUTION_ARCHITECTURE.md [IDENTIFIER_REFERENCE; MEDIUM; line 104] | docs/arquitetura/CKO-ARCH-002_ECOSYSTEM_EVOLUTION_ARCHITECTURE.md [IDENTIFIER_REFERENCE; MEDIUM; line 106] | docs/arquitetura/CKO-ARCH-002_ECOSYSTEM_EVOLUTION_ARCHITECTURE.md [IDENTIFIER_REFERENCE; MEDIUM; line 198] | docs/arquitetura/CKO-ARCH-002_ECOSYSTEM_EVOLUTION_ARCHITECTURE.md [IDENTIFIER_REFERENCE; MEDIUM; line 81] | docs/arquitetura/CKO-ARCH-002_ECOSYSTEM_EVOLUTION_ARCHITECTURE.md [PATH_REFERENCE; HIGH; line 81] | docs/audits/documentation/AUD-002_AUD-001_EVIDENCE_INCORPORATION.md [IDENTIFIER_REFERENCE; MEDIUM; line 196] | docs/audits/documentation/AUD-002_AUD-001_EVIDENCE_INCORPORATION.md [IDENTIFIER_REFERENCE; MEDIUM; line 210] | docs/audits/documentation/AUD-002_AUD-001_EVIDENCE_INCORPORATION.md [IDENTIFIER_REFERENCE; MEDIUM; line 24] | docs/audits/documentation/AUD-002_AUD-001_EVIDENCE_INCORPORATION.md [IDENTIFIER_REFERENCE; MEDIUM; line 38] | docs/audits/documentation/AUD-002_AUD-001_EVIDENCE_INCORPORATION.md [IDENTIFIER_REFERENCE; MEDIUM; line 67] | docs/governance/GOV-002_CYCLE_II_EXECUTION_PROGRAM.md [IDENTIFIER_REFERENCE; MEDIUM; line 102] | docs/governance/GOV-002_CYCLE_II_EXECUTION_PROGRAM.md [IDENTIFIER_REFERENCE; MEDIUM; line 108] | docs/governance/GOV-002_CYCLE_II_EXECUTION_PROGRAM.md [IDENTIFIER_REFERENCE; MEDIUM; line 110] | docs/governance/GOV-002_CYCLE_II_EXECUTION_PROGRAM.md [IDENTIFIER_REFERENCE; MEDIUM; line 198] | docs/governance/GOV-002_CYCLE_II_EXECUTION_PROGRAM.md [IDENTIFIER_REFERENCE; MEDIUM; line 82] | docs/governance/GOV-002_CYCLE_II_EXECUTION_PROGRAM.md [PATH_REFERENCE; HIGH; line 82] | docs/governance/GOV-003_ADR_GOVERNANCE_RECONCILIATION.md [IDENTIFIER_REFERENCE; MEDIUM; line 102] | docs/governance/GOV-003_ADR_GOVERNANCE_RECONCILIATION.md [IDENTIFIER_REFERENCE; MEDIUM; line 112] | docs/governance/GOV-003_ADR_GOVERNANCE_RECONCILIATION.md [IDENTIFIER_REFERENCE; MEDIUM; line 114] | docs/governance/GOV-003_ADR_GOVERNANCE_RECONCILIATION.md [IDENTIFIER_REFERENCE; MEDIUM; line 198] | docs/governance/GOV-003_ADR_GOVERNANCE_RECONCILIATION.md [IDENTIFIER_REFERENCE; MEDIUM; line 83] | docs/governance/GOV-003_ADR_GOVERNANCE_RECONCILIATION.md [PATH_REFERENCE; HIGH; line 83] | docs/governance/GOV-006_PROJECT_DOSSIER.md [IDENTIFIER_REFERENCE; MEDIUM; line 102] | docs/governance/GOV-006_PROJECT_DOSSIER.md [IDENTIFIER_REFERENCE; MEDIUM; line 132] | docs/governance/GOV-006_PROJECT_DOSSIER.md [IDENTIFIER_REFERENCE; MEDIUM; line 134] | docs/governance/GOV-006_PROJECT_DOSSIER.md [IDENTIFIER_REFERENCE; MEDIUM; line 198] | docs/governance/GOV-006_PROJECT_DOSSIER.md [IDENTIFIER_REFERENCE; MEDIUM; line 84] | docs/governance/GOV-006_PROJECT_DOSSIER.md [PATH_REFERENCE; HIGH; line 84] | docs/governance/GOV-007_REPOSITORY_CANONICAL_ORGANIZATION.md [IDENTIFIER_REFERENCE; MEDIUM; line 102] | docs/governance/GOV-007_REPOSITORY_CANONICAL_ORGANIZATION.md [IDENTIFIER_REFERENCE; MEDIUM; line 136] | docs/governance/GOV-007_REPOSITORY_CANONICAL_ORGANIZATION.md [IDENTIFIER_REFERENCE; MEDIUM; line 138] | docs/governance/GOV-007_REPOSITORY_CANONICAL_ORGANIZATION.md [IDENTIFIER_REFERENCE; MEDIUM; line 198] | docs/governance/GOV-007_REPOSITORY_CANONICAL_ORGANIZATION.md [IDENTIFIER_REFERENCE; MEDIUM; line 85] | docs/governance/GOV-007_REPOSITORY_CANONICAL_ORGANIZATION.md [PATH_REFERENCE; HIGH; line 85] | docs/governance/GOV-008_CYCLE_II_INSTITUTIONAL_RECONCILIATION.md [IDENTIFIER_REFERENCE; MEDIUM; line 146] | docs/governance/GOV-008_CYCLE_II_INSTITUTIONAL_RECONCILIATION.md [IDENTIFIER_REFERENCE; MEDIUM; line 192] | docs/governance/GOV-008_CYCLE_II_INSTITUTIONAL_RECONCILIATION.md [IDENTIFIER_REFERENCE; MEDIUM; line 196] | docs/governance/GOV-008_CYCLE_II_INSTITUTIONAL_RECONCILIATION.md [IDENTIFIER_REFERENCE; MEDIUM; line 198] | docs/governance/GOV-008_CYCLE_II_INSTITUTIONAL_RECONCILIATION.md [IDENTIFIER_REFERENCE; MEDIUM; line 202] | docs/governance/GOV-008_CYCLE_II_INSTITUTIONAL_RECONCILIATION.md [IDENTIFIER_REFERENCE; MEDIUM; line 24] | docs/governance/GOV-008_CYCLE_II_INSTITUTIONAL_RECONCILIATION.md [IDENTIFIER_REFERENCE; MEDIUM; line 26] | docs/governance/GOV-008_CYCLE_II_INSTITUTIONAL_RECONCILIATION.md [IDENTIFIER_REFERENCE; MEDIUM; line 32] | docs/governance/GOV-008_CYCLE_II_INSTITUTIONAL_RECONCILIATION.md [IDENTIFIER_REFERENCE; MEDIUM; line 67] | docs/governance/OPS-004_REPOSITORY_CANONICAL_MIGRATION_PLAN.md [IDENTIFIER_REFERENCE; MEDIUM; line 102] | docs/governance/OPS-004_REPOSITORY_CANONICAL_MIGRATION_PLAN.md [IDENTIFIER_REFERENCE; MEDIUM; line 140] | docs/governance/OPS-004_REPOSITORY_CANONICAL_MIGRATION_PLAN.md [IDENTIFIER_REFERENCE; MEDIUM; line 142] | docs/governance/OPS-004_REPOSITORY_CANONICAL_MIGRATION_PLAN.md [IDENTIFIER_REFERENCE; MEDIUM; line 150] | docs/governance/OPS-004_REPOSITORY_CANONICAL_MIGRATION_PLAN.md [IDENTIFIER_REFERENCE; MEDIUM; line 154] | docs/governance/OPS-004_REPOSITORY_CANONICAL_MIGRATION_PLAN.md [IDENTIFIER_REFERENCE; MEDIUM; line 180] | docs/governance/OPS-004_REPOSITORY_CANONICAL_MIGRATION_PLAN.md [IDENTIFIER_REFERENCE; MEDIUM; line 186] | docs/governance/OPS-004_REPOSITORY_CANONICAL_MIGRATION_PLAN.md [IDENTIFIER_REFERENCE; MEDIUM; line 198] | docs/governance/OPS-004_REPOSITORY_CANONICAL_MIGRATION_PLAN.md [IDENTIFIER_REFERENCE; MEDIUM; line 209] | docs/governance/OPS-004_REPOSITORY_CANONICAL_MIGRATION_PLAN.md [IDENTIFIER_REFERENCE; MEDIUM; line 42] | docs/governance/OPS-004_REPOSITORY_CANONICAL_MIGRATION_PLAN.md [IDENTIFIER_REFERENCE; MEDIUM; line 86] | docs/governance/OPS-004_REPOSITORY_CANONICAL_MIGRATION_PLAN.md [PATH_REFERENCE; HIGH; line 86] | docs/rfc/RFC-002_FEDERATED_CATALOG_PROTOCOL.md [IDENTIFIER_REFERENCE; MEDIUM; line 102] | docs/rfc/RFC-002_FEDERATED_CATALOG_PROTOCOL.md [IDENTIFIER_REFERENCE; MEDIUM; line 120] | docs/rfc/RFC-002_FEDERATED_CATALOG_PROTOCOL.md [IDENTIFIER_REFERENCE; MEDIUM; line 122] | docs/rfc/RFC-002_FEDERATED_CATALOG_PROTOCOL.md [IDENTIFIER_REFERENCE; MEDIUM; line 126] | docs/rfc/RFC-002_FEDERATED_CATALOG_PROTOCOL.md [IDENTIFIER_REFERENCE; MEDIUM; line 178] | docs/rfc/RFC-002_FEDERATED_CATALOG_PROTOCOL.md [IDENTIFIER_REFERENCE; MEDIUM; line 186] | docs/rfc/RFC-002_FEDERATED_CATALOG_PROTOCOL.md [IDENTIFIER_REFERENCE; MEDIUM; line 198] | docs/rfc/RFC-002_FEDERATED_CATALOG_PROTOCOL.md [IDENTIFIER_REFERENCE; MEDIUM; line 87] | docs/rfc/RFC-002_FEDERATED_CATALOG_PROTOCOL.md [PATH_REFERENCE; HIGH; line 87] | docs/sprints/SPR-018_TERMO_DE_ABERTURA.md [PATH_REFERENCE; HIGH; line 88] | GOV-005_PROJECT_EFFORT_AUDIT.md [IDENTIFIER_REFERENCE; MEDIUM; line 102] | GOV-005_PROJECT_EFFORT_AUDIT.md [IDENTIFIER_REFERENCE; MEDIUM; line 128] | GOV-005_PROJECT_EFFORT_AUDIT.md [IDENTIFIER_REFERENCE; MEDIUM; line 130] | GOV-005_PROJECT_EFFORT_AUDIT.md [IDENTIFIER_REFERENCE; MEDIUM; line 198] | GOV-005_PROJECT_EFFORT_AUDIT.md [IDENTIFIER_REFERENCE; MEDIUM; line 79] | GOV-005_PROJECT_EFFORT_AUDIT.md [PATH_REFERENCE; HIGH; line 79] | inventory.txt [PATH_REFERENCE; HIGH; line 158] | inventory.txt [PATH_REFERENCE; HIGH; line 89] | src/cko.egg-info/dependency_links.txt [PATH_REFERENCE; HIGH; line 92] | src/cko.egg-info/PKG-INFO [PATH_REFERENCE; HIGH; line 90] | src/cko.egg-info/SOURCES.txt [PATH_REFERENCE; HIGH; line 91] | src/cko.egg-info/top_level.txt [PATH_REFERENCE; HIGH; line 93] | src/main.py.txt [PATH_REFERENCE; HIGH; line 158] | src/main.py.txt [PATH_REFERENCE; HIGH; line 94],24,113,MEDIUM_REFERENCE_RISK,HIGH,NO,Confirmed HIGH/MEDIUM references recorded in AUD-004 reference matrix.
INV-0080,docs/audits/documentation/AUD-002_AUD-001_EVIDENCE_INCORPORATION.md,KEEP,YES,docs/audits/documentation/AUD-001_WORKING_TREE_CONSOLIDATION_AUDIT.md [IDENTIFIER_REFERENCE; MEDIUM; line 196] | docs/audits/documentation/AUD-001_WORKING_TREE_CONSOLIDATION_AUDIT.md [IDENTIFIER_REFERENCE; MEDIUM; line 210] | docs/audits/documentation/AUD-001_WORKING_TREE_CONSOLIDATION_AUDIT.md [IDENTIFIER_REFERENCE; MEDIUM; line 24] | docs/audits/documentation/AUD-001_WORKING_TREE_CONSOLIDATION_AUDIT.md [IDENTIFIER_REFERENCE; MEDIUM; line 38] | docs/audits/documentation/AUD-001_WORKING_TREE_CONSOLIDATION_AUDIT.md [IDENTIFIER_REFERENCE; MEDIUM; line 67] | docs/audits/documentation/AUD-003_OPS-004_TEXTUAL_INTEGRITY_ASSESSMENT.md [FILENAME_REFERENCE; MEDIUM; line 61] | docs/audits/documentation/AUD-003_OPS-004_TEXTUAL_INTEGRITY_ASSESSMENT.md [IDENTIFIER_REFERENCE; MEDIUM; line 61] | docs/audits/documentation/AUD-003_OPS-004_TEXTUAL_INTEGRITY_ASSESSMENT.md [IDENTIFIER_REFERENCE; MEDIUM; line 76] | docs/audits/documentation/AUD-003_OPS-004_TEXTUAL_INTEGRITY_ASSESSMENT.md [IDENTIFIER_REFERENCE; MEDIUM; line 83],YES,DOCUMENTARY_DEPENDENCY,10,docs/audits/documentation/AUD-001_WORKING_TREE_CONSOLIDATION_AUDIT.md [IDENTIFIER_REFERENCE; MEDIUM; line 196] | docs/audits/documentation/AUD-001_WORKING_TREE_CONSOLIDATION_AUDIT.md [IDENTIFIER_REFERENCE; MEDIUM; line 210] | docs/audits/documentation/AUD-001_WORKING_TREE_CONSOLIDATION_AUDIT.md [IDENTIFIER_REFERENCE; MEDIUM; line 24] | docs/audits/documentation/AUD-001_WORKING_TREE_CONSOLIDATION_AUDIT.md [IDENTIFIER_REFERENCE; MEDIUM; line 38] | docs/audits/documentation/AUD-001_WORKING_TREE_CONSOLIDATION_AUDIT.md [IDENTIFIER_REFERENCE; MEDIUM; line 67] | docs/audits/documentation/AUD-003_OPS-004_TEXTUAL_INTEGRITY_ASSESSMENT.md [FILENAME_REFERENCE; MEDIUM; line 61] | docs/audits/documentation/AUD-003_OPS-004_TEXTUAL_INTEGRITY_ASSESSMENT.md [IDENTIFIER_REFERENCE; MEDIUM; line 61] | docs/audits/documentation/AUD-003_OPS-004_TEXTUAL_INTEGRITY_ASSESSMENT.md [IDENTIFIER_REFERENCE; MEDIUM; line 76] | docs/audits/documentation/AUD-003_OPS-004_TEXTUAL_INTEGRITY_ASSESSMENT.md [IDENTIFIER_REFERENCE; MEDIUM; line 83],69,docs/adr/ADR-006_FEDERATED_CATALOG_AUTHORITY.md [IDENTIFIER_REFERENCE; MEDIUM; line 24] | docs/arquitetura/CKO-ARCH-002_ECOSYSTEM_EVOLUTION_ARCHITECTURE.md [IDENTIFIER_REFERENCE; MEDIUM; line 24] | docs/audits/documentation/AUD-001_WORKING_TREE_CONSOLIDATION_AUDIT.md [IDENTIFIER_REFERENCE; MEDIUM; line 113] | docs/audits/documentation/AUD-001_WORKING_TREE_CONSOLIDATION_AUDIT.md [IDENTIFIER_REFERENCE; MEDIUM; line 117] | docs/audits/documentation/AUD-001_WORKING_TREE_CONSOLIDATION_AUDIT.md [IDENTIFIER_REFERENCE; MEDIUM; line 12] | docs/audits/documentation/AUD-001_WORKING_TREE_CONSOLIDATION_AUDIT.md [IDENTIFIER_REFERENCE; MEDIUM; line 16] | docs/audits/documentation/AUD-001_WORKING_TREE_CONSOLIDATION_AUDIT.md [IDENTIFIER_REFERENCE; MEDIUM; line 1] | docs/audits/documentation/AUD-001_WORKING_TREE_CONSOLIDATION_AUDIT.md [IDENTIFIER_REFERENCE; MEDIUM; line 20] | docs/audits/documentation/AUD-001_WORKING_TREE_CONSOLIDATION_AUDIT.md [IDENTIFIER_REFERENCE; MEDIUM; line 24] | docs/audits/documentation/AUD-001_WORKING_TREE_CONSOLIDATION_AUDIT.md [IDENTIFIER_REFERENCE; MEDIUM; line 31] | docs/audits/documentation/AUD-001_WORKING_TREE_CONSOLIDATION_AUDIT.md [IDENTIFIER_REFERENCE; MEDIUM; line 32] | docs/audits/documentation/AUD-001_WORKING_TREE_CONSOLIDATION_AUDIT.md [IDENTIFIER_REFERENCE; MEDIUM; line 33] | docs/audits/documentation/AUD-001_WORKING_TREE_CONSOLIDATION_AUDIT.md [IDENTIFIER_REFERENCE; MEDIUM; line 43] | docs/audits/documentation/AUD-001_WORKING_TREE_CONSOLIDATION_AUDIT.md [IDENTIFIER_REFERENCE; MEDIUM; line 50] | docs/audits/documentation/AUD-001_WORKING_TREE_CONSOLIDATION_AUDIT.md [IDENTIFIER_REFERENCE; MEDIUM; line 5] | docs/audits/documentation/AUD-001_WORKING_TREE_CONSOLIDATION_AUDIT.md [IDENTIFIER_REFERENCE; MEDIUM; line 60] | docs/audits/documentation/AUD-001_WORKING_TREE_CONSOLIDATION_AUDIT.md [IDENTIFIER_REFERENCE; MEDIUM; line 62] | docs/audits/documentation/AUD-001_WORKING_TREE_CONSOLIDATION_AUDIT.md [IDENTIFIER_REFERENCE; MEDIUM; line 64] | docs/audits/documentation/AUD-001_WORKING_TREE_CONSOLIDATION_AUDIT.md [IDENTIFIER_REFERENCE; MEDIUM; line 68] | docs/audits/documentation/AUD-001_WORKING_TREE_CONSOLIDATION_AUDIT.md [IDENTIFIER_REFERENCE; MEDIUM; line 69] | docs/audits/documentation/AUD-001_WORKING_TREE_CONSOLIDATION_AUDIT.md [IDENTIFIER_REFERENCE; MEDIUM; line 70] | docs/audits/documentation/AUD-001_WORKING_TREE_CONSOLIDATION_AUDIT.md [IDENTIFIER_REFERENCE; MEDIUM; line 76] | docs/audits/documentation/AUD-001_WORKING_TREE_CONSOLIDATION_AUDIT.md [IDENTIFIER_REFERENCE; MEDIUM; line 77] | docs/audits/documentation/AUD-001_WORKING_TREE_CONSOLIDATION_AUDIT.md [IDENTIFIER_REFERENCE; MEDIUM; line 84] | docs/audits/documentation/AUD-001_WORKING_TREE_CONSOLIDATION_AUDIT.md [IDENTIFIER_REFERENCE; MEDIUM; line 91] | docs/audits/documentation/AUD-001_WORKING_TREE_CONSOLIDATION_AUDIT.md [IDENTIFIER_REFERENCE; MEDIUM; line 92] | docs/audits/documentation/AUD-001_WORKING_TREE_CONSOLIDATION_AUDIT.md [IDENTIFIER_REFERENCE; MEDIUM; line 99] | docs/audits/documentation/AUD-001_WORKING_TREE_CONSOLIDATION_AUDIT.md [PATH_REFERENCE; HIGH; line 43] | docs/audits/documentation/AUD-001_WORKING_TREE_CONSOLIDATION_AUDIT.md [PATH_REFERENCE; HIGH; line 76] | docs/governance/GOV-002_CYCLE_II_EXECUTION_PROGRAM.md [IDENTIFIER_REFERENCE; MEDIUM; line 24] | docs/governance/GOV-003_ADR_GOVERNANCE_RECONCILIATION.md [IDENTIFIER_REFERENCE; MEDIUM; line 24] | docs/governance/GOV-006_PROJECT_DOSSIER.md [IDENTIFIER_REFERENCE; MEDIUM; line 24] | docs/governance/GOV-007_REPOSITORY_CANONICAL_ORGANIZATION.md [IDENTIFIER_REFERENCE; MEDIUM; line 16] | docs/governance/GOV-007_REPOSITORY_CANONICAL_ORGANIZATION.md [IDENTIFIER_REFERENCE; MEDIUM; line 22] | docs/governance/GOV-007_REPOSITORY_CANONICAL_ORGANIZATION.md [IDENTIFIER_REFERENCE; MEDIUM; line 29] | docs/governance/GOV-007_REPOSITORY_CANONICAL_ORGANIZATION.md [IDENTIFIER_REFERENCE; MEDIUM; line 39] | docs/governance/GOV-007_REPOSITORY_CANONICAL_ORGANIZATION.md [PATH_REFERENCE; HIGH; line 22] | docs/governance/GOV-008_CYCLE_II_INSTITUTIONAL_RECONCILIATION.md [IDENTIFIER_REFERENCE; MEDIUM; line 101] | docs/governance/GOV-008_CYCLE_II_INSTITUTIONAL_RECONCILIATION.md [IDENTIFIER_REFERENCE; MEDIUM; line 113] | docs/governance/GOV-008_CYCLE_II_INSTITUTIONAL_RECONCILIATION.md [IDENTIFIER_REFERENCE; MEDIUM; line 117] | docs/governance/GOV-008_CYCLE_II_INSTITUTIONAL_RECONCILIATION.md [IDENTIFIER_REFERENCE; MEDIUM; line 12] | docs/governance/GOV-008_CYCLE_II_INSTITUTIONAL_RECONCILIATION.md [IDENTIFIER_REFERENCE; MEDIUM; line 16] | docs/governance/GOV-008_CYCLE_II_INSTITUTIONAL_RECONCILIATION.md [IDENTIFIER_REFERENCE; MEDIUM; line 21] | docs/governance/GOV-008_CYCLE_II_INSTITUTIONAL_RECONCILIATION.md [IDENTIFIER_REFERENCE; MEDIUM; line 29] | docs/governance/GOV-008_CYCLE_II_INSTITUTIONAL_RECONCILIATION.md [IDENTIFIER_REFERENCE; MEDIUM; line 30] | docs/governance/GOV-008_CYCLE_II_INSTITUTIONAL_RECONCILIATION.md [IDENTIFIER_REFERENCE; MEDIUM; line 39] | docs/governance/GOV-008_CYCLE_II_INSTITUTIONAL_RECONCILIATION.md [IDENTIFIER_REFERENCE; MEDIUM; line 50] | docs/governance/GOV-008_CYCLE_II_INSTITUTIONAL_RECONCILIATION.md [IDENTIFIER_REFERENCE; MEDIUM; line 52] | docs/governance/GOV-008_CYCLE_II_INSTITUTIONAL_RECONCILIATION.md [IDENTIFIER_REFERENCE; MEDIUM; line 58] | docs/governance/GOV-008_CYCLE_II_INSTITUTIONAL_RECONCILIATION.md [IDENTIFIER_REFERENCE; MEDIUM; line 60] | docs/governance/GOV-008_CYCLE_II_INSTITUTIONAL_RECONCILIATION.md [IDENTIFIER_REFERENCE; MEDIUM; line 62] | docs/governance/GOV-008_CYCLE_II_INSTITUTIONAL_RECONCILIATION.md [IDENTIFIER_REFERENCE; MEDIUM; line 64] | docs/governance/GOV-008_CYCLE_II_INSTITUTIONAL_RECONCILIATION.md [IDENTIFIER_REFERENCE; MEDIUM; line 68] | docs/governance/GOV-008_CYCLE_II_INSTITUTIONAL_RECONCILIATION.md [IDENTIFIER_REFERENCE; MEDIUM; line 69] | docs/governance/GOV-008_CYCLE_II_INSTITUTIONAL_RECONCILIATION.md [IDENTIFIER_REFERENCE; MEDIUM; line 70] | docs/governance/GOV-008_CYCLE_II_INSTITUTIONAL_RECONCILIATION.md [IDENTIFIER_REFERENCE; MEDIUM; line 83] | docs/governance/GOV-008_CYCLE_II_INSTITUTIONAL_RECONCILIATION.md [IDENTIFIER_REFERENCE; MEDIUM; line 92] | docs/governance/GOV-008_CYCLE_II_INSTITUTIONAL_RECONCILIATION.md [IDENTIFIER_REFERENCE; MEDIUM; line 95] | docs/governance/GOV-008_CYCLE_II_INSTITUTIONAL_RECONCILIATION.md [PATH_REFERENCE; HIGH; line 21] | docs/governance/OPS-004_REPOSITORY_CANONICAL_MIGRATION_PLAN.md [IDENTIFIER_REFERENCE; MEDIUM; line 105] | docs/governance/OPS-004_REPOSITORY_CANONICAL_MIGRATION_PLAN.md [IDENTIFIER_REFERENCE; MEDIUM; line 24] | docs/rfc/RFC-002_FEDERATED_CATALOG_PROTOCOL.md [IDENTIFIER_REFERENCE; MEDIUM; line 103] | docs/rfc/RFC-002_FEDERATED_CATALOG_PROTOCOL.md [IDENTIFIER_REFERENCE; MEDIUM; line 24] | GOV-005_PROJECT_EFFORT_AUDIT.md [IDENTIFIER_REFERENCE; MEDIUM; line 24],5,74,MEDIUM_REFERENCE_RISK,HIGH,NO,Confirmed HIGH/MEDIUM references recorded in AUD-004 reference matrix.
INV-0081,docs/audits/documentation/AUD-003_OPS-004_TEXTUAL_INTEGRITY_ASSESSMENT.md,KEEP,YES,docs/governance/GOV-007_REPOSITORY_CANONICAL_ORGANIZATION.md [IDENTIFIER_REFERENCE; MEDIUM; line 416],YES,DOCUMENTARY_DEPENDENCY,1,docs/governance/GOV-007_REPOSITORY_CANONICAL_ORGANIZATION.md [IDENTIFIER_REFERENCE; MEDIUM; line 416],37,CKO_SPR_003_INVENTARIO_SEGURO.zip [PATH_REFERENCE; HIGH; line 63] | CKO_SPR_004_INVENTARIO_CANONICO.zip [PATH_REFERENCE; HIGH; line 63] | docs/audits/documentation/AUD-001_WORKING_TREE_CONSOLIDATION_AUDIT.md [FILENAME_REFERENCE; MEDIUM; line 60] | docs/audits/documentation/AUD-001_WORKING_TREE_CONSOLIDATION_AUDIT.md [IDENTIFIER_REFERENCE; MEDIUM; line 60] | docs/audits/documentation/AUD-001_WORKING_TREE_CONSOLIDATION_AUDIT.md [IDENTIFIER_REFERENCE; MEDIUM; line 61] | docs/audits/documentation/AUD-001_WORKING_TREE_CONSOLIDATION_AUDIT.md [IDENTIFIER_REFERENCE; MEDIUM; line 75] | docs/audits/documentation/AUD-001_WORKING_TREE_CONSOLIDATION_AUDIT.md [IDENTIFIER_REFERENCE; MEDIUM; line 83] | docs/audits/documentation/AUD-002_AUD-001_EVIDENCE_INCORPORATION.md [FILENAME_REFERENCE; MEDIUM; line 61] | docs/audits/documentation/AUD-002_AUD-001_EVIDENCE_INCORPORATION.md [IDENTIFIER_REFERENCE; MEDIUM; line 61] | docs/audits/documentation/AUD-002_AUD-001_EVIDENCE_INCORPORATION.md [IDENTIFIER_REFERENCE; MEDIUM; line 76] | docs/audits/documentation/AUD-002_AUD-001_EVIDENCE_INCORPORATION.md [IDENTIFIER_REFERENCE; MEDIUM; line 83] | docs/governance/GOV-008_CYCLE_II_INSTITUTIONAL_RECONCILIATION.md [FILENAME_REFERENCE; MEDIUM; line 62] | docs/governance/GOV-008_CYCLE_II_INSTITUTIONAL_RECONCILIATION.md [IDENTIFIER_REFERENCE; MEDIUM; line 133] | docs/governance/GOV-008_CYCLE_II_INSTITUTIONAL_RECONCILIATION.md [IDENTIFIER_REFERENCE; MEDIUM; line 137] | docs/governance/GOV-008_CYCLE_II_INSTITUTIONAL_RECONCILIATION.md [IDENTIFIER_REFERENCE; MEDIUM; line 16] | docs/governance/GOV-008_CYCLE_II_INSTITUTIONAL_RECONCILIATION.md [IDENTIFIER_REFERENCE; MEDIUM; line 62] | docs/governance/GOV-008_CYCLE_II_INSTITUTIONAL_RECONCILIATION.md [IDENTIFIER_REFERENCE; MEDIUM; line 74] | docs/governance/GOV-008_CYCLE_II_INSTITUTIONAL_RECONCILIATION.md [IDENTIFIER_REFERENCE; MEDIUM; line 83] | docs/governance/OPS-004_REPOSITORY_CANONICAL_MIGRATION_PLAN.md [IDENTIFIER_REFERENCE; MEDIUM; line 112] | docs/governance/OPS-004_REPOSITORY_CANONICAL_MIGRATION_PLAN.md [IDENTIFIER_REFERENCE; MEDIUM; line 115] | docs/governance/OPS-004_REPOSITORY_CANONICAL_MIGRATION_PLAN.md [IDENTIFIER_REFERENCE; MEDIUM; line 131] | docs/governance/OPS-004_REPOSITORY_CANONICAL_MIGRATION_PLAN.md [IDENTIFIER_REFERENCE; MEDIUM; line 137] | docs/governance/OPS-004_REPOSITORY_CANONICAL_MIGRATION_PLAN.md [IDENTIFIER_REFERENCE; MEDIUM; line 141] | docs/governance/OPS-004_REPOSITORY_CANONICAL_MIGRATION_PLAN.md [IDENTIFIER_REFERENCE; MEDIUM; line 14] | docs/governance/OPS-004_REPOSITORY_CANONICAL_MIGRATION_PLAN.md [IDENTIFIER_REFERENCE; MEDIUM; line 16] | docs/governance/OPS-004_REPOSITORY_CANONICAL_MIGRATION_PLAN.md [IDENTIFIER_REFERENCE; MEDIUM; line 18] | docs/governance/OPS-004_REPOSITORY_CANONICAL_MIGRATION_PLAN.md [IDENTIFIER_REFERENCE; MEDIUM; line 1] | docs/governance/OPS-004_REPOSITORY_CANONICAL_MIGRATION_PLAN.md [IDENTIFIER_REFERENCE; MEDIUM; line 4] | docs/governance/OPS-004_REPOSITORY_CANONICAL_MIGRATION_PLAN.md [IDENTIFIER_REFERENCE; MEDIUM; line 57] | docs/governance/OPS-004_REPOSITORY_CANONICAL_MIGRATION_PLAN.md [IDENTIFIER_REFERENCE; MEDIUM; line 60] | docs/governance/OPS-004_REPOSITORY_CANONICAL_MIGRATION_PLAN.md [IDENTIFIER_REFERENCE; MEDIUM; line 61] | docs/governance/OPS-004_REPOSITORY_CANONICAL_MIGRATION_PLAN.md [IDENTIFIER_REFERENCE; MEDIUM; line 62] | docs/governance/OPS-004_REPOSITORY_CANONICAL_MIGRATION_PLAN.md [IDENTIFIER_REFERENCE; MEDIUM; line 63] | docs/governance/OPS-004_REPOSITORY_CANONICAL_MIGRATION_PLAN.md [IDENTIFIER_REFERENCE; MEDIUM; line 64] | docs/governance/OPS-004_REPOSITORY_CANONICAL_MIGRATION_PLAN.md [IDENTIFIER_REFERENCE; MEDIUM; line 71] | docs/governance/OPS-004_REPOSITORY_CANONICAL_MIGRATION_PLAN.md [IDENTIFIER_REFERENCE; MEDIUM; line 77] | docs/governance/OPS-004_REPOSITORY_CANONICAL_MIGRATION_PLAN.md [PATH_REFERENCE; HIGH; line 4],6,32,MEDIUM_REFERENCE_RISK,HIGH,NO,Confirmed HIGH/MEDIUM references recorded in AUD-004 reference matrix.
INV-0082,docs/decisoes/ADR-005A-001_PERSISTENCIA_ADITIVA.md,KEEP,YES,ARCH-001_CKO_CORE_MASTER_ARCHITECTURE.md [IDENTIFIER_REFERENCE; MEDIUM; line 1262] | ARCH-001_CKO_CORE_MASTER_ARCHITECTURE_v1.1.md [IDENTIFIER_REFERENCE; MEDIUM; line 868] | CKO_CORE_BASELINE_CONSOLIDATION_REPORT.md [IDENTIFIER_REFERENCE; MEDIUM; line 309] | CKO_CORE_BASELINE_CONSOLIDATION_REPORT.md [PATH_REFERENCE; HIGH; line 309] | CKO_CORE_BASELINE_EXECUTION_REPORT.md [IDENTIFIER_REFERENCE; MEDIUM; line 112] | CKO_CORE_BASELINE_EXECUTION_REPORT.md [PATH_REFERENCE; HIGH; line 112] | docs/adr/INDEX.md [FILENAME_REFERENCE; MEDIUM; line 13] | docs/adr/INDEX.md [IDENTIFIER_REFERENCE; MEDIUM; line 13] | docs/governance/GOV-003_ADR_GOVERNANCE_RECONCILIATION.md [IDENTIFIER_REFERENCE; MEDIUM; line 107] | docs/governance/GOV-003_ADR_GOVERNANCE_RECONCILIATION.md [IDENTIFIER_REFERENCE; MEDIUM; line 22] | docs/governance/GOV-003_ADR_GOVERNANCE_RECONCILIATION.md [IDENTIFIER_REFERENCE; MEDIUM; line 25] | docs/governance/GOV-003_ADR_GOVERNANCE_RECONCILIATION.md [IDENTIFIER_REFERENCE; MEDIUM; line 45] | docs/governance/GOV-003_ADR_GOVERNANCE_RECONCILIATION.md [PATH_REFERENCE; HIGH; line 22] | docs/governance/GOV-006_PROJECT_DOSSIER.md [IDENTIFIER_REFERENCE; MEDIUM; line 210] | docs/governance/GOV-006_PROJECT_DOSSIER.md [IDENTIFIER_REFERENCE; MEDIUM; line 368] | docs/governance/GOV-006_PROJECT_DOSSIER.md [IDENTIFIER_REFERENCE; MEDIUM; line 679] | docs/governance/GOV-006_PROJECT_DOSSIER.md [IDENTIFIER_REFERENCE; MEDIUM; line 716] | docs/governance/GOV-006_PROJECT_DOSSIER.md [PATH_REFERENCE; HIGH; line 716] | docs/governance/OPS-004_REPOSITORY_CANONICAL_MIGRATION_PLAN.md [IDENTIFIER_REFERENCE; MEDIUM; line 120] | docs/governance/OPS-004_REPOSITORY_CANONICAL_MIGRATION_PLAN.md [IDENTIFIER_REFERENCE; MEDIUM; line 128] | docs/governance/OPS-004_REPOSITORY_CANONICAL_MIGRATION_PLAN.md [IDENTIFIER_REFERENCE; MEDIUM; line 63] | docs/governance/OPS-004_REPOSITORY_CANONICAL_MIGRATION_PLAN.md [IDENTIFIER_REFERENCE; MEDIUM; line 66] | docs/governance/OPS-004_REPOSITORY_CANONICAL_MIGRATION_PLAN.md [IDENTIFIER_REFERENCE; MEDIUM; line 67] | docs/governance/OPS-004_REPOSITORY_CANONICAL_MIGRATION_PLAN.md [PATH_REFERENCE; HIGH; line 120] | docs/governance/OPS-004_REPOSITORY_CANONICAL_MIGRATION_PLAN.md [PATH_REFERENCE; HIGH; line 128] | docs/governance/OPS-004_REPOSITORY_CANONICAL_MIGRATION_PLAN.md [PATH_REFERENCE; HIGH; line 63] | GOV-005_PROJECT_EFFORT_AUDIT.md [IDENTIFIER_REFERENCE; MEDIUM; line 285],YES,DOCUMENTARY_DEPENDENCY,37,ARCH-001_CKO_CORE_MASTER_ARCHITECTURE.md [IDENTIFIER_REFERENCE; MEDIUM; line 1262] | ARCH-001_CKO_CORE_MASTER_ARCHITECTURE_v1.1.md [IDENTIFIER_REFERENCE; MEDIUM; line 868] | CKO_CORE_BASELINE_CONSOLIDATION_REPORT.md [IDENTIFIER_REFERENCE; MEDIUM; line 309] | CKO_CORE_BASELINE_CONSOLIDATION_REPORT.md [PATH_REFERENCE; HIGH; line 309] | CKO_CORE_BASELINE_EXECUTION_REPORT.md [IDENTIFIER_REFERENCE; MEDIUM; line 112] | CKO_CORE_BASELINE_EXECUTION_REPORT.md [PATH_REFERENCE; HIGH; line 112] | docs/adr/INDEX.md [FILENAME_REFERENCE; MEDIUM; line 13] | docs/adr/INDEX.md [IDENTIFIER_REFERENCE; MEDIUM; line 13] | docs/governance/GOV-003_ADR_GOVERNANCE_RECONCILIATION.md [IDENTIFIER_REFERENCE; MEDIUM; line 107] | docs/governance/GOV-003_ADR_GOVERNANCE_RECONCILIATION.md [IDENTIFIER_REFERENCE; MEDIUM; line 22] | docs/governance/GOV-003_ADR_GOVERNANCE_RECONCILIATION.md [IDENTIFIER_REFERENCE; MEDIUM; line 25] | docs/governance/GOV-003_ADR_GOVERNANCE_RECONCILIATION.md [IDENTIFIER_REFERENCE; MEDIUM; line 45] | docs/governance/GOV-003_ADR_GOVERNANCE_RECONCILIATION.md [PATH_REFERENCE; HIGH; line 22] | docs/governance/GOV-006_PROJECT_DOSSIER.md [IDENTIFIER_REFERENCE; MEDIUM; line 210] | docs/governance/GOV-006_PROJECT_DOSSIER.md [IDENTIFIER_REFERENCE; MEDIUM; line 368] | docs/governance/GOV-006_PROJECT_DOSSIER.md [IDENTIFIER_REFERENCE; MEDIUM; line 679] | docs/governance/GOV-006_PROJECT_DOSSIER.md [IDENTIFIER_REFERENCE; MEDIUM; line 716] | docs/governance/GOV-006_PROJECT_DOSSIER.md [PATH_REFERENCE; HIGH; line 716] | docs/governance/OPS-004_REPOSITORY_CANONICAL_MIGRATION_PLAN.md [IDENTIFIER_REFERENCE; MEDIUM; line 120] | docs/governance/OPS-004_REPOSITORY_CANONICAL_MIGRATION_PLAN.md [IDENTIFIER_REFERENCE; MEDIUM; line 128] | docs/governance/OPS-004_REPOSITORY_CANONICAL_MIGRATION_PLAN.md [IDENTIFIER_REFERENCE; MEDIUM; line 63] | docs/governance/OPS-004_REPOSITORY_CANONICAL_MIGRATION_PLAN.md [IDENTIFIER_REFERENCE; MEDIUM; line 66] | docs/governance/OPS-004_REPOSITORY_CANONICAL_MIGRATION_PLAN.md [IDENTIFIER_REFERENCE; MEDIUM; line 67] | docs/governance/OPS-004_REPOSITORY_CANONICAL_MIGRATION_PLAN.md [PATH_REFERENCE; HIGH; line 120] | docs/governance/OPS-004_REPOSITORY_CANONICAL_MIGRATION_PLAN.md [PATH_REFERENCE; HIGH; line 128] | docs/governance/OPS-004_REPOSITORY_CANONICAL_MIGRATION_PLAN.md [PATH_REFERENCE; HIGH; line 63] | GOV-005_PROJECT_EFFORT_AUDIT.md [IDENTIFIER_REFERENCE; MEDIUM; line 285],1,docs/sprint/CKO-SPR-005A_TERMO_OFICIAL.md [IDENTIFIER_REFERENCE; MEDIUM; line 6],11,27,MEDIUM_REFERENCE_RISK,HIGH,NO,Confirmed HIGH/MEDIUM references recorded in AUD-004 reference matrix.
INV-0083,docs/governance/BASELINE_PREPARATION_REPORT.md,KEEP,YES,CKO_CORE_BASELINE_CONSOLIDATION_REPORT.md [FILENAME_REFERENCE; MEDIUM; line 189] | CKO_CORE_BASELINE_CONSOLIDATION_REPORT.md [FILENAME_REFERENCE; MEDIUM; line 191] | CKO_CORE_BASELINE_CONSOLIDATION_REPORT.md [FILENAME_REFERENCE; MEDIUM; line 192] | CKO_CORE_BASELINE_CONSOLIDATION_REPORT.md [FILENAME_REFERENCE; MEDIUM; line 319] | CKO_CORE_BASELINE_CONSOLIDATION_REPORT.md [PATH_REFERENCE; HIGH; line 310] | CKO_CORE_BASELINE_EXECUTION_REPORT.md [PATH_REFERENCE; HIGH; line 589] | docs/governance/OPS-004_REPOSITORY_CANONICAL_MIGRATION_PLAN.md [FILENAME_REFERENCE; MEDIUM; line 143] | SPR018_DISCOVERY_AND_SCOPE.md [FILENAME_REFERENCE; MEDIUM; line 127],YES,DOCUMENTARY_DEPENDENCY,8,CKO_CORE_BASELINE_CONSOLIDATION_REPORT.md [FILENAME_REFERENCE; MEDIUM; line 189] | CKO_CORE_BASELINE_CONSOLIDATION_REPORT.md [FILENAME_REFERENCE; MEDIUM; line 191] | CKO_CORE_BASELINE_CONSOLIDATION_REPORT.md [FILENAME_REFERENCE; MEDIUM; line 192] | CKO_CORE_BASELINE_CONSOLIDATION_REPORT.md [FILENAME_REFERENCE; MEDIUM; line 319] | CKO_CORE_BASELINE_CONSOLIDATION_REPORT.md [PATH_REFERENCE; HIGH; line 310] | CKO_CORE_BASELINE_EXECUTION_REPORT.md [PATH_REFERENCE; HIGH; line 589] | docs/governance/OPS-004_REPOSITORY_CANONICAL_MIGRATION_PLAN.md [FILENAME_REFERENCE; MEDIUM; line 143] | SPR018_DISCOVERY_AND_SCOPE.md [FILENAME_REFERENCE; MEDIUM; line 127],27,.gitignore [PATH_REFERENCE; HIGH; line 12] | .gitignore [PATH_REFERENCE; HIGH; line 19] | .gitignore [PATH_REFERENCE; HIGH; line 92] | .gitignore [PATH_REFERENCE; HIGH; line 94] | .vscode/extensions.json [FILENAME_REFERENCE; MEDIUM; line 103] | .vscode/extensions.json [PATH_REFERENCE; HIGH; line 26] | .vscode/settings.json [FILENAME_REFERENCE; MEDIUM; line 103] | .vscode/settings.json [PATH_REFERENCE; HIGH; line 98] | .vscode/tasks.json [FILENAME_REFERENCE; MEDIUM; line 103] | .vscode/tasks.json [PATH_REFERENCE; HIGH; line 27] | advanced_engine.py [PATH_REFERENCE; HIGH; line 35] | ARQUITETURA_ATUAL.txt [PATH_REFERENCE; HIGH; line 28] | inventory.txt [PATH_REFERENCE; HIGH; line 38] | pyproject.toml [PATH_REFERENCE; HIGH; line 110] | pyproject.toml [PATH_REFERENCE; HIGH; line 115] | pyproject.toml [PATH_REFERENCE; HIGH; line 12] | pyproject.toml [PATH_REFERENCE; HIGH; line 20] | pyproject.toml [PATH_REFERENCE; HIGH; line 63] | pyproject.toml [PATH_REFERENCE; HIGH; line 66] | pyproject.toml [PATH_REFERENCE; HIGH; line 68] | README_SPR_003.md [PATH_REFERENCE; HIGH; line 29] | README_SPR_004.md [PATH_REFERENCE; HIGH; line 30] | reports/SPR007B_ADVANCED_REPORT.json [PATH_REFERENCE; HIGH; line 99] | SPR005_MANIFEST.json [PATH_REFERENCE; HIGH; line 31] | SPR006A_MANIFEST.json [PATH_REFERENCE; HIGH; line 32] | SPR007B_ADVANCED_ENGINE.cmd [PATH_REFERENCE; HIGH; line 33] | SPR007B_ADVANCED_ENGINE.ps1 [PATH_REFERENCE; HIGH; line 34],35,0,MEDIUM_REFERENCE_RISK,HIGH,NO,Confirmed HIGH/MEDIUM references recorded in AUD-004 reference matrix.
INV-0084,docs/governance/GOV-002_CYCLE_II_EXECUTION_PROGRAM.md,KEEP,YES,docs/adr/ADR-006_FEDERATED_CATALOG_AUTHORITY.md [FILENAME_REFERENCE; MEDIUM; line 580] | docs/adr/ADR-006_FEDERATED_CATALOG_AUTHORITY.md [IDENTIFIER_REFERENCE; MEDIUM; line 31] | docs/adr/ADR-006_FEDERATED_CATALOG_AUTHORITY.md [IDENTIFIER_REFERENCE; MEDIUM; line 408] | docs/adr/ADR-006_FEDERATED_CATALOG_AUTHORITY.md [IDENTIFIER_REFERENCE; MEDIUM; line 505] | docs/adr/ADR-006_FEDERATED_CATALOG_AUTHORITY.md [IDENTIFIER_REFERENCE; MEDIUM; line 520] | docs/adr/ADR-006_FEDERATED_CATALOG_AUTHORITY.md [IDENTIFIER_REFERENCE; MEDIUM; line 530] | docs/adr/ADR-006_FEDERATED_CATALOG_AUTHORITY.md [IDENTIFIER_REFERENCE; MEDIUM; line 553] | docs/adr/ADR-006_FEDERATED_CATALOG_AUTHORITY.md [IDENTIFIER_REFERENCE; MEDIUM; line 572] | docs/adr/ADR-006_FEDERATED_CATALOG_AUTHORITY.md [IDENTIFIER_REFERENCE; MEDIUM; line 580] | docs/adr/ADR-006_FEDERATED_CATALOG_AUTHORITY.md [IDENTIFIER_REFERENCE; MEDIUM; line 9] | docs/audits/documentation/AUD-001_WORKING_TREE_CONSOLIDATION_AUDIT.md [IDENTIFIER_REFERENCE; MEDIUM; line 102] | docs/audits/documentation/AUD-001_WORKING_TREE_CONSOLIDATION_AUDIT.md [IDENTIFIER_REFERENCE; MEDIUM; line 108] | docs/audits/documentation/AUD-001_WORKING_TREE_CONSOLIDATION_AUDIT.md [IDENTIFIER_REFERENCE; MEDIUM; line 110] | docs/audits/documentation/AUD-001_WORKING_TREE_CONSOLIDATION_AUDIT.md [IDENTIFIER_REFERENCE; MEDIUM; line 198] | docs/audits/documentation/AUD-001_WORKING_TREE_CONSOLIDATION_AUDIT.md [IDENTIFIER_REFERENCE; MEDIUM; line 82] | docs/audits/documentation/AUD-001_WORKING_TREE_CONSOLIDATION_AUDIT.md [PATH_REFERENCE; HIGH; line 82] | docs/audits/documentation/AUD-002_AUD-001_EVIDENCE_INCORPORATION.md [IDENTIFIER_REFERENCE; MEDIUM; line 24] | docs/governance/GOV-006_PROJECT_DOSSIER.md [IDENTIFIER_REFERENCE; MEDIUM; line 142] | docs/governance/GOV-006_PROJECT_DOSSIER.md [IDENTIFIER_REFERENCE; MEDIUM; line 213] | docs/governance/GOV-006_PROJECT_DOSSIER.md [IDENTIFIER_REFERENCE; MEDIUM; line 303] | docs/governance/GOV-006_PROJECT_DOSSIER.md [IDENTIFIER_REFERENCE; MEDIUM; line 346] | docs/governance/GOV-006_PROJECT_DOSSIER.md [IDENTIFIER_REFERENCE; MEDIUM; line 390] | docs/governance/GOV-006_PROJECT_DOSSIER.md [IDENTIFIER_REFERENCE; MEDIUM; line 46] | docs/governance/GOV-006_PROJECT_DOSSIER.md [IDENTIFIER_REFERENCE; MEDIUM; line 600] | docs/governance/GOV-006_PROJECT_DOSSIER.md [IDENTIFIER_REFERENCE; MEDIUM; line 676] | docs/governance/GOV-006_PROJECT_DOSSIER.md [IDENTIFIER_REFERENCE; MEDIUM; line 687] | docs/governance/GOV-006_PROJECT_DOSSIER.md [IDENTIFIER_REFERENCE; MEDIUM; line 705] | docs/governance/GOV-006_PROJECT_DOSSIER.md [IDENTIFIER_REFERENCE; MEDIUM; line 806] | docs/governance/GOV-006_PROJECT_DOSSIER.md [IDENTIFIER_REFERENCE; MEDIUM; line 818] | docs/governance/GOV-006_PROJECT_DOSSIER.md [IDENTIFIER_REFERENCE; MEDIUM; line 92] | docs/governance/GOV-006_PROJECT_DOSSIER.md [PATH_REFERENCE; HIGH; line 705] | docs/governance/GOV-007_REPOSITORY_CANONICAL_ORGANIZATION.md [FILENAME_REFERENCE; MEDIUM; line 844] | docs/governance/GOV-007_REPOSITORY_CANONICAL_ORGANIZATION.md [IDENTIFIER_REFERENCE; MEDIUM; line 799] | docs/governance/GOV-007_REPOSITORY_CANONICAL_ORGANIZATION.md [IDENTIFIER_REFERENCE; MEDIUM; line 844] | docs/governance/GOV-007_REPOSITORY_CANONICAL_ORGANIZATION.md [IDENTIFIER_REFERENCE; MEDIUM; line 91] | docs/governance/GOV-008_CYCLE_II_INSTITUTIONAL_RECONCILIATION.md [IDENTIFIER_REFERENCE; MEDIUM; line 112] | docs/governance/GOV-008_CYCLE_II_INSTITUTIONAL_RECONCILIATION.md [IDENTIFIER_REFERENCE; MEDIUM; line 114] | docs/governance/GOV-008_CYCLE_II_INSTITUTIONAL_RECONCILIATION.md [IDENTIFIER_REFERENCE; MEDIUM; line 19] | docs/governance/GOV-008_CYCLE_II_INSTITUTIONAL_RECONCILIATION.md [IDENTIFIER_REFERENCE; MEDIUM; line 29] | docs/governance/GOV-008_CYCLE_II_INSTITUTIONAL_RECONCILIATION.md [IDENTIFIER_REFERENCE; MEDIUM; line 320] | docs/governance/GOV-008_CYCLE_II_INSTITUTIONAL_RECONCILIATION.md [IDENTIFIER_REFERENCE; MEDIUM; line 337] | docs/governance/GOV-008_CYCLE_II_INSTITUTIONAL_RECONCILIATION.md [IDENTIFIER_REFERENCE; MEDIUM; line 74] | docs/governance/GOV-008_CYCLE_II_INSTITUTIONAL_RECONCILIATION.md [IDENTIFIER_REFERENCE; MEDIUM; line 94] | docs/governance/GOV-008_CYCLE_II_INSTITUTIONAL_RECONCILIATION.md [IDENTIFIER_REFERENCE; MEDIUM; line 95] | docs/governance/GOV-008_CYCLE_II_INSTITUTIONAL_RECONCILIATION.md [IDENTIFIER_REFERENCE; MEDIUM; line 97] | docs/governance/GOV-008_CYCLE_II_INSTITUTIONAL_RECONCILIATION.md [IDENTIFIER_REFERENCE; MEDIUM; line 99] | docs/rfc/RFC-002_FEDERATED_CATALOG_PROTOCOL.md [FILENAME_REFERENCE; MEDIUM; line 763] | docs/rfc/RFC-002_FEDERATED_CATALOG_PROTOCOL.md [IDENTIFIER_REFERENCE; MEDIUM; line 11] | docs/rfc/RFC-002_FEDERATED_CATALOG_PROTOCOL.md [IDENTIFIER_REFERENCE; MEDIUM; line 612] | docs/rfc/RFC-002_FEDERATED_CATALOG_PROTOCOL.md [IDENTIFIER_REFERENCE; MEDIUM; line 672] | docs/rfc/RFC-002_FEDERATED_CATALOG_PROTOCOL.md [IDENTIFIER_REFERENCE; MEDIUM; line 736] | docs/rfc/RFC-002_FEDERATED_CATALOG_PROTOCOL.md [IDENTIFIER_REFERENCE; MEDIUM; line 755] | docs/rfc/RFC-002_FEDERATED_CATALOG_PROTOCOL.md [IDENTIFIER_REFERENCE; MEDIUM; line 763] | docs/sprints/SPR-018_TERMO_DE_ABERTURA.md [IDENTIFIER_REFERENCE; MEDIUM; line 13] | docs/sprints/SPR-018_TERMO_DE_ABERTURA.md [IDENTIFIER_REFERENCE; MEDIUM; line 169] | docs/sprints/SPR-018_TERMO_DE_ABERTURA.md [IDENTIFIER_REFERENCE; MEDIUM; line 192] | docs/sprints/SPR-018_TERMO_DE_ABERTURA.md [IDENTIFIER_REFERENCE; MEDIUM; line 283] | docs/sprints/SPR-018_TERMO_DE_ABERTURA.md [IDENTIFIER_REFERENCE; MEDIUM; line 328] | docs/sprints/SPR-018_TERMO_DE_ABERTURA.md [IDENTIFIER_REFERENCE; MEDIUM; line 461] | docs/sprints/SPR-018_TERMO_DE_ABERTURA.md [IDENTIFIER_REFERENCE; MEDIUM; line 485] | docs/sprints/SPR-018_TERMO_DE_ABERTURA.md [IDENTIFIER_REFERENCE; MEDIUM; line 549] | docs/sprints/SPR-018_TERMO_DE_ABERTURA.md [IDENTIFIER_REFERENCE; MEDIUM; line 564] | docs/sprints/SPR-018_TERMO_DE_ABERTURA.md [IDENTIFIER_REFERENCE; MEDIUM; line 60] | docs/sprints/SPR-018_TERMO_DE_ABERTURA.md [PATH_REFERENCE; HIGH; line 192] | GOV-005_PROJECT_EFFORT_AUDIT.md [IDENTIFIER_REFERENCE; MEDIUM; line 171] | GOV-005_PROJECT_EFFORT_AUDIT.md [IDENTIFIER_REFERENCE; MEDIUM; line 260] | GOV-005_PROJECT_EFFORT_AUDIT.md [IDENTIFIER_REFERENCE; MEDIUM; line 262] | GOV-005_PROJECT_EFFORT_AUDIT.md [IDENTIFIER_REFERENCE; MEDIUM; line 339] | GOV-005_PROJECT_EFFORT_AUDIT.md [IDENTIFIER_REFERENCE; MEDIUM; line 518],YES,DOCUMENTARY_DEPENDENCY,71,docs/adr/ADR-006_FEDERATED_CATALOG_AUTHORITY.md [FILENAME_REFERENCE; MEDIUM; line 580] | docs/adr/ADR-006_FEDERATED_CATALOG_AUTHORITY.md [IDENTIFIER_REFERENCE; MEDIUM; line 31] | docs/adr/ADR-006_FEDERATED_CATALOG_AUTHORITY.md [IDENTIFIER_REFERENCE; MEDIUM; line 408] | docs/adr/ADR-006_FEDERATED_CATALOG_AUTHORITY.md [IDENTIFIER_REFERENCE; MEDIUM; line 505] | docs/adr/ADR-006_FEDERATED_CATALOG_AUTHORITY.md [IDENTIFIER_REFERENCE; MEDIUM; line 520] | docs/adr/ADR-006_FEDERATED_CATALOG_AUTHORITY.md [IDENTIFIER_REFERENCE; MEDIUM; line 530] | docs/adr/ADR-006_FEDERATED_CATALOG_AUTHORITY.md [IDENTIFIER_REFERENCE; MEDIUM; line 553] | docs/adr/ADR-006_FEDERATED_CATALOG_AUTHORITY.md [IDENTIFIER_REFERENCE; MEDIUM; line 572] | docs/adr/ADR-006_FEDERATED_CATALOG_AUTHORITY.md [IDENTIFIER_REFERENCE; MEDIUM; line 580] | docs/adr/ADR-006_FEDERATED_CATALOG_AUTHORITY.md [IDENTIFIER_REFERENCE; MEDIUM; line 9] | docs/audits/documentation/AUD-001_WORKING_TREE_CONSOLIDATION_AUDIT.md [IDENTIFIER_REFERENCE; MEDIUM; line 102] | docs/audits/documentation/AUD-001_WORKING_TREE_CONSOLIDATION_AUDIT.md [IDENTIFIER_REFERENCE; MEDIUM; line 108] | docs/audits/documentation/AUD-001_WORKING_TREE_CONSOLIDATION_AUDIT.md [IDENTIFIER_REFERENCE; MEDIUM; line 110] | docs/audits/documentation/AUD-001_WORKING_TREE_CONSOLIDATION_AUDIT.md [IDENTIFIER_REFERENCE; MEDIUM; line 198] | docs/audits/documentation/AUD-001_WORKING_TREE_CONSOLIDATION_AUDIT.md [IDENTIFIER_REFERENCE; MEDIUM; line 82] | docs/audits/documentation/AUD-001_WORKING_TREE_CONSOLIDATION_AUDIT.md [PATH_REFERENCE; HIGH; line 82] | docs/audits/documentation/AUD-002_AUD-001_EVIDENCE_INCORPORATION.md [IDENTIFIER_REFERENCE; MEDIUM; line 24] | docs/governance/GOV-006_PROJECT_DOSSIER.md [IDENTIFIER_REFERENCE; MEDIUM; line 142] | docs/governance/GOV-006_PROJECT_DOSSIER.md [IDENTIFIER_REFERENCE; MEDIUM; line 213] | docs/governance/GOV-006_PROJECT_DOSSIER.md [IDENTIFIER_REFERENCE; MEDIUM; line 303] | docs/governance/GOV-006_PROJECT_DOSSIER.md [IDENTIFIER_REFERENCE; MEDIUM; line 346] | docs/governance/GOV-006_PROJECT_DOSSIER.md [IDENTIFIER_REFERENCE; MEDIUM; line 390] | docs/governance/GOV-006_PROJECT_DOSSIER.md [IDENTIFIER_REFERENCE; MEDIUM; line 46] | docs/governance/GOV-006_PROJECT_DOSSIER.md [IDENTIFIER_REFERENCE; MEDIUM; line 600] | docs/governance/GOV-006_PROJECT_DOSSIER.md [IDENTIFIER_REFERENCE; MEDIUM; line 676] | docs/governance/GOV-006_PROJECT_DOSSIER.md [IDENTIFIER_REFERENCE; MEDIUM; line 687] | docs/governance/GOV-006_PROJECT_DOSSIER.md [IDENTIFIER_REFERENCE; MEDIUM; line 705] | docs/governance/GOV-006_PROJECT_DOSSIER.md [IDENTIFIER_REFERENCE; MEDIUM; line 806] | docs/governance/GOV-006_PROJECT_DOSSIER.md [IDENTIFIER_REFERENCE; MEDIUM; line 818] | docs/governance/GOV-006_PROJECT_DOSSIER.md [IDENTIFIER_REFERENCE; MEDIUM; line 92] | docs/governance/GOV-006_PROJECT_DOSSIER.md [PATH_REFERENCE; HIGH; line 705] | docs/governance/GOV-007_REPOSITORY_CANONICAL_ORGANIZATION.md [FILENAME_REFERENCE; MEDIUM; line 844] | docs/governance/GOV-007_REPOSITORY_CANONICAL_ORGANIZATION.md [IDENTIFIER_REFERENCE; MEDIUM; line 799] | docs/governance/GOV-007_REPOSITORY_CANONICAL_ORGANIZATION.md [IDENTIFIER_REFERENCE; MEDIUM; line 844] | docs/governance/GOV-007_REPOSITORY_CANONICAL_ORGANIZATION.md [IDENTIFIER_REFERENCE; MEDIUM; line 91] | docs/governance/GOV-008_CYCLE_II_INSTITUTIONAL_RECONCILIATION.md [IDENTIFIER_REFERENCE; MEDIUM; line 112] | docs/governance/GOV-008_CYCLE_II_INSTITUTIONAL_RECONCILIATION.md [IDENTIFIER_REFERENCE; MEDIUM; line 114] | docs/governance/GOV-008_CYCLE_II_INSTITUTIONAL_RECONCILIATION.md [IDENTIFIER_REFERENCE; MEDIUM; line 19] | docs/governance/GOV-008_CYCLE_II_INSTITUTIONAL_RECONCILIATION.md [IDENTIFIER_REFERENCE; MEDIUM; line 29] | docs/governance/GOV-008_CYCLE_II_INSTITUTIONAL_RECONCILIATION.md [IDENTIFIER_REFERENCE; MEDIUM; line 320] | docs/governance/GOV-008_CYCLE_II_INSTITUTIONAL_RECONCILIATION.md [IDENTIFIER_REFERENCE; MEDIUM; line 337] | docs/governance/GOV-008_CYCLE_II_INSTITUTIONAL_RECONCILIATION.md [IDENTIFIER_REFERENCE; MEDIUM; line 74] | docs/governance/GOV-008_CYCLE_II_INSTITUTIONAL_RECONCILIATION.md [IDENTIFIER_REFERENCE; MEDIUM; line 94] | docs/governance/GOV-008_CYCLE_II_INSTITUTIONAL_RECONCILIATION.md [IDENTIFIER_REFERENCE; MEDIUM; line 95] | docs/governance/GOV-008_CYCLE_II_INSTITUTIONAL_RECONCILIATION.md [IDENTIFIER_REFERENCE; MEDIUM; line 97] | docs/governance/GOV-008_CYCLE_II_INSTITUTIONAL_RECONCILIATION.md [IDENTIFIER_REFERENCE; MEDIUM; line 99] | docs/rfc/RFC-002_FEDERATED_CATALOG_PROTOCOL.md [FILENAME_REFERENCE; MEDIUM; line 763] | docs/rfc/RFC-002_FEDERATED_CATALOG_PROTOCOL.md [IDENTIFIER_REFERENCE; MEDIUM; line 11] | docs/rfc/RFC-002_FEDERATED_CATALOG_PROTOCOL.md [IDENTIFIER_REFERENCE; MEDIUM; line 612] | docs/rfc/RFC-002_FEDERATED_CATALOG_PROTOCOL.md [IDENTIFIER_REFERENCE; MEDIUM; line 672] | docs/rfc/RFC-002_FEDERATED_CATALOG_PROTOCOL.md [IDENTIFIER_REFERENCE; MEDIUM; line 736] | docs/rfc/RFC-002_FEDERATED_CATALOG_PROTOCOL.md [IDENTIFIER_REFERENCE; MEDIUM; line 755] | docs/rfc/RFC-002_FEDERATED_CATALOG_PROTOCOL.md [IDENTIFIER_REFERENCE; MEDIUM; line 763] | docs/sprints/SPR-018_TERMO_DE_ABERTURA.md [IDENTIFIER_REFERENCE; MEDIUM; line 13] | docs/sprints/SPR-018_TERMO_DE_ABERTURA.md [IDENTIFIER_REFERENCE; MEDIUM; line 169] | docs/sprints/SPR-018_TERMO_DE_ABERTURA.md [IDENTIFIER_REFERENCE; MEDIUM; line 192] | docs/sprints/SPR-018_TERMO_DE_ABERTURA.md [IDENTIFIER_REFERENCE; MEDIUM; line 283] | docs/sprints/SPR-018_TERMO_DE_ABERTURA.md [IDENTIFIER_REFERENCE; MEDIUM; line 328] | docs/sprints/SPR-018_TERMO_DE_ABERTURA.md [IDENTIFIER_REFERENCE; MEDIUM; line 461] | docs/sprints/SPR-018_TERMO_DE_ABERTURA.md [IDENTIFIER_REFERENCE; MEDIUM; line 485] | docs/sprints/SPR-018_TERMO_DE_ABERTURA.md [IDENTIFIER_REFERENCE; MEDIUM; line 549] | docs/sprints/SPR-018_TERMO_DE_ABERTURA.md [IDENTIFIER_REFERENCE; MEDIUM; line 564] | docs/sprints/SPR-018_TERMO_DE_ABERTURA.md [IDENTIFIER_REFERENCE; MEDIUM; line 60] | docs/sprints/SPR-018_TERMO_DE_ABERTURA.md [PATH_REFERENCE; HIGH; line 192] | GOV-005_PROJECT_EFFORT_AUDIT.md [IDENTIFIER_REFERENCE; MEDIUM; line 171] | GOV-005_PROJECT_EFFORT_AUDIT.md [IDENTIFIER_REFERENCE; MEDIUM; line 260] | GOV-005_PROJECT_EFFORT_AUDIT.md [IDENTIFIER_REFERENCE; MEDIUM; line 262] | GOV-005_PROJECT_EFFORT_AUDIT.md [IDENTIFIER_REFERENCE; MEDIUM; line 339] | GOV-005_PROJECT_EFFORT_AUDIT.md [IDENTIFIER_REFERENCE; MEDIUM; line 518],15,docs/adr/INDEX.md [FILENAME_REFERENCE; MEDIUM; line 729] | docs/adr/INDEX.md [FILENAME_REFERENCE; MEDIUM; line 730] | docs/arquitetura/CKO-ARCH-002_ECOSYSTEM_EVOLUTION_ARCHITECTURE.md [FILENAME_REFERENCE; MEDIUM; line 726] | docs/arquitetura/CKO-ARCH-002_ECOSYSTEM_EVOLUTION_ARCHITECTURE.md [IDENTIFIER_REFERENCE; MEDIUM; line 13] | docs/arquitetura/CKO-ARCH-002_ECOSYSTEM_EVOLUTION_ARCHITECTURE.md [IDENTIFIER_REFERENCE; MEDIUM; line 141] | docs/arquitetura/CKO-ARCH-002_ECOSYSTEM_EVOLUTION_ARCHITECTURE.md [IDENTIFIER_REFERENCE; MEDIUM; line 154] | docs/arquitetura/CKO-ARCH-002_ECOSYSTEM_EVOLUTION_ARCHITECTURE.md [IDENTIFIER_REFERENCE; MEDIUM; line 30] | docs/arquitetura/CKO-ARCH-002_ECOSYSTEM_EVOLUTION_ARCHITECTURE.md [IDENTIFIER_REFERENCE; MEDIUM; line 64] | docs/arquitetura/CKO-ARCH-002_ECOSYSTEM_EVOLUTION_ARCHITECTURE.md [IDENTIFIER_REFERENCE; MEDIUM; line 690] | docs/arquitetura/CKO-ARCH-002_ECOSYSTEM_EVOLUTION_ARCHITECTURE.md [IDENTIFIER_REFERENCE; MEDIUM; line 714] | docs/arquitetura/CKO-ARCH-002_ECOSYSTEM_EVOLUTION_ARCHITECTURE.md [IDENTIFIER_REFERENCE; MEDIUM; line 71] | docs/arquitetura/CKO-ARCH-002_ECOSYSTEM_EVOLUTION_ARCHITECTURE.md [IDENTIFIER_REFERENCE; MEDIUM; line 726] | docs/arquitetura/CKO-ARCH-002_ECOSYSTEM_EVOLUTION_ARCHITECTURE.md [IDENTIFIER_REFERENCE; MEDIUM; line 8] | docs/arquitetura/CKO-ARCH-002_ECOSYSTEM_EVOLUTION_ARCHITECTURE.md [IDENTIFIER_REFERENCE; MEDIUM; line 96],9,77,MEDIUM_REFERENCE_RISK,HIGH,NO,Confirmed HIGH/MEDIUM references recorded in AUD-004 reference matrix.
INV-0085,docs/governance/GOV-003_ADR_GOVERNANCE_RECONCILIATION.md,KEEP,YES,docs/adr/INDEX.md [FILENAME_REFERENCE; MEDIUM; line 23] | docs/adr/INDEX.md [IDENTIFIER_REFERENCE; MEDIUM; line 19] | docs/adr/INDEX.md [IDENTIFIER_REFERENCE; MEDIUM; line 23] | docs/adr/INDEX.md [IDENTIFIER_REFERENCE; MEDIUM; line 3] | docs/audits/documentation/AUD-001_WORKING_TREE_CONSOLIDATION_AUDIT.md [IDENTIFIER_REFERENCE; MEDIUM; line 102] | docs/audits/documentation/AUD-001_WORKING_TREE_CONSOLIDATION_AUDIT.md [IDENTIFIER_REFERENCE; MEDIUM; line 112] | docs/audits/documentation/AUD-001_WORKING_TREE_CONSOLIDATION_AUDIT.md [IDENTIFIER_REFERENCE; MEDIUM; line 114] | docs/audits/documentation/AUD-001_WORKING_TREE_CONSOLIDATION_AUDIT.md [IDENTIFIER_REFERENCE; MEDIUM; line 198] | docs/audits/documentation/AUD-001_WORKING_TREE_CONSOLIDATION_AUDIT.md [IDENTIFIER_REFERENCE; MEDIUM; line 83] | docs/audits/documentation/AUD-001_WORKING_TREE_CONSOLIDATION_AUDIT.md [PATH_REFERENCE; HIGH; line 83] | docs/audits/documentation/AUD-002_AUD-001_EVIDENCE_INCORPORATION.md [IDENTIFIER_REFERENCE; MEDIUM; line 24] | docs/governance/GOV-006_PROJECT_DOSSIER.md [IDENTIFIER_REFERENCE; MEDIUM; line 142] | docs/governance/GOV-006_PROJECT_DOSSIER.md [IDENTIFIER_REFERENCE; MEDIUM; line 214] | docs/governance/GOV-006_PROJECT_DOSSIER.md [IDENTIFIER_REFERENCE; MEDIUM; line 347] | docs/governance/GOV-006_PROJECT_DOSSIER.md [IDENTIFIER_REFERENCE; MEDIUM; line 359] | docs/governance/GOV-006_PROJECT_DOSSIER.md [IDENTIFIER_REFERENCE; MEDIUM; line 372] | docs/governance/GOV-006_PROJECT_DOSSIER.md [IDENTIFIER_REFERENCE; MEDIUM; line 516] | docs/governance/GOV-006_PROJECT_DOSSIER.md [IDENTIFIER_REFERENCE; MEDIUM; line 601] | docs/governance/GOV-006_PROJECT_DOSSIER.md [IDENTIFIER_REFERENCE; MEDIUM; line 676] | docs/governance/GOV-006_PROJECT_DOSSIER.md [IDENTIFIER_REFERENCE; MEDIUM; line 706] | docs/governance/GOV-006_PROJECT_DOSSIER.md [IDENTIFIER_REFERENCE; MEDIUM; line 807] | docs/governance/GOV-006_PROJECT_DOSSIER.md [IDENTIFIER_REFERENCE; MEDIUM; line 91] | docs/governance/GOV-006_PROJECT_DOSSIER.md [IDENTIFIER_REFERENCE; MEDIUM; line 92] | docs/governance/GOV-006_PROJECT_DOSSIER.md [PATH_REFERENCE; HIGH; line 706] | docs/governance/GOV-007_REPOSITORY_CANONICAL_ORGANIZATION.md [FILENAME_REFERENCE; MEDIUM; line 845] | docs/governance/GOV-007_REPOSITORY_CANONICAL_ORGANIZATION.md [IDENTIFIER_REFERENCE; MEDIUM; line 311] | docs/governance/GOV-007_REPOSITORY_CANONICAL_ORGANIZATION.md [IDENTIFIER_REFERENCE; MEDIUM; line 435] | docs/governance/GOV-007_REPOSITORY_CANONICAL_ORGANIZATION.md [IDENTIFIER_REFERENCE; MEDIUM; line 800] | docs/governance/GOV-007_REPOSITORY_CANONICAL_ORGANIZATION.md [IDENTIFIER_REFERENCE; MEDIUM; line 845] | docs/governance/GOV-007_REPOSITORY_CANONICAL_ORGANIZATION.md [IDENTIFIER_REFERENCE; MEDIUM; line 90] | docs/governance/GOV-007_REPOSITORY_CANONICAL_ORGANIZATION.md [IDENTIFIER_REFERENCE; MEDIUM; line 91] | docs/governance/GOV-008_CYCLE_II_INSTITUTIONAL_RECONCILIATION.md [IDENTIFIER_REFERENCE; MEDIUM; line 102] | docs/governance/GOV-008_CYCLE_II_INSTITUTIONAL_RECONCILIATION.md [IDENTIFIER_REFERENCE; MEDIUM; line 116] | docs/governance/GOV-008_CYCLE_II_INSTITUTIONAL_RECONCILIATION.md [IDENTIFIER_REFERENCE; MEDIUM; line 118] | docs/governance/GOV-008_CYCLE_II_INSTITUTIONAL_RECONCILIATION.md [IDENTIFIER_REFERENCE; MEDIUM; line 122] | docs/governance/GOV-008_CYCLE_II_INSTITUTIONAL_RECONCILIATION.md [IDENTIFIER_REFERENCE; MEDIUM; line 19] | docs/governance/GOV-008_CYCLE_II_INSTITUTIONAL_RECONCILIATION.md [IDENTIFIER_REFERENCE; MEDIUM; line 29] | docs/governance/GOV-008_CYCLE_II_INSTITUTIONAL_RECONCILIATION.md [IDENTIFIER_REFERENCE; MEDIUM; line 321] | docs/governance/GOV-008_CYCLE_II_INSTITUTIONAL_RECONCILIATION.md [IDENTIFIER_REFERENCE; MEDIUM; line 337] | docs/governance/GOV-008_CYCLE_II_INSTITUTIONAL_RECONCILIATION.md [IDENTIFIER_REFERENCE; MEDIUM; line 44] | docs/governance/GOV-008_CYCLE_II_INSTITUTIONAL_RECONCILIATION.md [IDENTIFIER_REFERENCE; MEDIUM; line 74] | docs/governance/GOV-008_CYCLE_II_INSTITUTIONAL_RECONCILIATION.md [IDENTIFIER_REFERENCE; MEDIUM; line 96] | docs/governance/GOV-008_CYCLE_II_INSTITUTIONAL_RECONCILIATION.md [IDENTIFIER_REFERENCE; MEDIUM; line 97] | docs/rfc/RFC-002_FEDERATED_CATALOG_PROTOCOL.md [FILENAME_REFERENCE; MEDIUM; line 761] | docs/rfc/RFC-002_FEDERATED_CATALOG_PROTOCOL.md [IDENTIFIER_REFERENCE; MEDIUM; line 612] | docs/rfc/RFC-002_FEDERATED_CATALOG_PROTOCOL.md [IDENTIFIER_REFERENCE; MEDIUM; line 673] | docs/rfc/RFC-002_FEDERATED_CATALOG_PROTOCOL.md [IDENTIFIER_REFERENCE; MEDIUM; line 736] | docs/rfc/RFC-002_FEDERATED_CATALOG_PROTOCOL.md [IDENTIFIER_REFERENCE; MEDIUM; line 761] | docs/sprints/SPR-018_TERMO_DE_ABERTURA.md [IDENTIFIER_REFERENCE; MEDIUM; line 14] | docs/sprints/SPR-018_TERMO_DE_ABERTURA.md [IDENTIFIER_REFERENCE; MEDIUM; line 170] | docs/sprints/SPR-018_TERMO_DE_ABERTURA.md [IDENTIFIER_REFERENCE; MEDIUM; line 193] | docs/sprints/SPR-018_TERMO_DE_ABERTURA.md [IDENTIFIER_REFERENCE; MEDIUM; line 283] | docs/sprints/SPR-018_TERMO_DE_ABERTURA.md [IDENTIFIER_REFERENCE; MEDIUM; line 328] | docs/sprints/SPR-018_TERMO_DE_ABERTURA.md [IDENTIFIER_REFERENCE; MEDIUM; line 329] | docs/sprints/SPR-018_TERMO_DE_ABERTURA.md [IDENTIFIER_REFERENCE; MEDIUM; line 60] | docs/sprints/SPR-018_TERMO_DE_ABERTURA.md [PATH_REFERENCE; HIGH; line 193] | GOV-005_PROJECT_EFFORT_AUDIT.md [IDENTIFIER_REFERENCE; MEDIUM; line 171] | GOV-005_PROJECT_EFFORT_AUDIT.md [IDENTIFIER_REFERENCE; MEDIUM; line 277] | GOV-005_PROJECT_EFFORT_AUDIT.md [IDENTIFIER_REFERENCE; MEDIUM; line 339] | GOV-005_PROJECT_EFFORT_AUDIT.md [IDENTIFIER_REFERENCE; MEDIUM; line 417],YES,DOCUMENTARY_DEPENDENCY,63,docs/adr/INDEX.md [FILENAME_REFERENCE; MEDIUM; line 23] | docs/adr/INDEX.md [IDENTIFIER_REFERENCE; MEDIUM; line 19] | docs/adr/INDEX.md [IDENTIFIER_REFERENCE; MEDIUM; line 23] | docs/adr/INDEX.md [IDENTIFIER_REFERENCE; MEDIUM; line 3] | docs/audits/documentation/AUD-001_WORKING_TREE_CONSOLIDATION_AUDIT.md [IDENTIFIER_REFERENCE; MEDIUM; line 102] | docs/audits/documentation/AUD-001_WORKING_TREE_CONSOLIDATION_AUDIT.md [IDENTIFIER_REFERENCE; MEDIUM; line 112] | docs/audits/documentation/AUD-001_WORKING_TREE_CONSOLIDATION_AUDIT.md [IDENTIFIER_REFERENCE; MEDIUM; line 114] | docs/audits/documentation/AUD-001_WORKING_TREE_CONSOLIDATION_AUDIT.md [IDENTIFIER_REFERENCE; MEDIUM; line 198] | docs/audits/documentation/AUD-001_WORKING_TREE_CONSOLIDATION_AUDIT.md [IDENTIFIER_REFERENCE; MEDIUM; line 83] | docs/audits/documentation/AUD-001_WORKING_TREE_CONSOLIDATION_AUDIT.md [PATH_REFERENCE; HIGH; line 83] | docs/audits/documentation/AUD-002_AUD-001_EVIDENCE_INCORPORATION.md [IDENTIFIER_REFERENCE; MEDIUM; line 24] | docs/governance/GOV-006_PROJECT_DOSSIER.md [IDENTIFIER_REFERENCE; MEDIUM; line 142] | docs/governance/GOV-006_PROJECT_DOSSIER.md [IDENTIFIER_REFERENCE; MEDIUM; line 214] | docs/governance/GOV-006_PROJECT_DOSSIER.md [IDENTIFIER_REFERENCE; MEDIUM; line 347] | docs/governance/GOV-006_PROJECT_DOSSIER.md [IDENTIFIER_REFERENCE; MEDIUM; line 359] | docs/governance/GOV-006_PROJECT_DOSSIER.md [IDENTIFIER_REFERENCE; MEDIUM; line 372] | docs/governance/GOV-006_PROJECT_DOSSIER.md [IDENTIFIER_REFERENCE; MEDIUM; line 516] | docs/governance/GOV-006_PROJECT_DOSSIER.md [IDENTIFIER_REFERENCE; MEDIUM; line 601] | docs/governance/GOV-006_PROJECT_DOSSIER.md [IDENTIFIER_REFERENCE; MEDIUM; line 676] | docs/governance/GOV-006_PROJECT_DOSSIER.md [IDENTIFIER_REFERENCE; MEDIUM; line 706] | docs/governance/GOV-006_PROJECT_DOSSIER.md [IDENTIFIER_REFERENCE; MEDIUM; line 807] | docs/governance/GOV-006_PROJECT_DOSSIER.md [IDENTIFIER_REFERENCE; MEDIUM; line 91] | docs/governance/GOV-006_PROJECT_DOSSIER.md [IDENTIFIER_REFERENCE; MEDIUM; line 92] | docs/governance/GOV-006_PROJECT_DOSSIER.md [PATH_REFERENCE; HIGH; line 706] | docs/governance/GOV-007_REPOSITORY_CANONICAL_ORGANIZATION.md [FILENAME_REFERENCE; MEDIUM; line 845] | docs/governance/GOV-007_REPOSITORY_CANONICAL_ORGANIZATION.md [IDENTIFIER_REFERENCE; MEDIUM; line 311] | docs/governance/GOV-007_REPOSITORY_CANONICAL_ORGANIZATION.md [IDENTIFIER_REFERENCE; MEDIUM; line 435] | docs/governance/GOV-007_REPOSITORY_CANONICAL_ORGANIZATION.md [IDENTIFIER_REFERENCE; MEDIUM; line 800] | docs/governance/GOV-007_REPOSITORY_CANONICAL_ORGANIZATION.md [IDENTIFIER_REFERENCE; MEDIUM; line 845] | docs/governance/GOV-007_REPOSITORY_CANONICAL_ORGANIZATION.md [IDENTIFIER_REFERENCE; MEDIUM; line 90] | docs/governance/GOV-007_REPOSITORY_CANONICAL_ORGANIZATION.md [IDENTIFIER_REFERENCE; MEDIUM; line 91] | docs/governance/GOV-008_CYCLE_II_INSTITUTIONAL_RECONCILIATION.md [IDENTIFIER_REFERENCE; MEDIUM; line 102] | docs/governance/GOV-008_CYCLE_II_INSTITUTIONAL_RECONCILIATION.md [IDENTIFIER_REFERENCE; MEDIUM; line 116] | docs/governance/GOV-008_CYCLE_II_INSTITUTIONAL_RECONCILIATION.md [IDENTIFIER_REFERENCE; MEDIUM; line 118] | docs/governance/GOV-008_CYCLE_II_INSTITUTIONAL_RECONCILIATION.md [IDENTIFIER_REFERENCE; MEDIUM; line 122] | docs/governance/GOV-008_CYCLE_II_INSTITUTIONAL_RECONCILIATION.md [IDENTIFIER_REFERENCE; MEDIUM; line 19] | docs/governance/GOV-008_CYCLE_II_INSTITUTIONAL_RECONCILIATION.md [IDENTIFIER_REFERENCE; MEDIUM; line 29] | docs/governance/GOV-008_CYCLE_II_INSTITUTIONAL_RECONCILIATION.md [IDENTIFIER_REFERENCE; MEDIUM; line 321] | docs/governance/GOV-008_CYCLE_II_INSTITUTIONAL_RECONCILIATION.md [IDENTIFIER_REFERENCE; MEDIUM; line 337] | docs/governance/GOV-008_CYCLE_II_INSTITUTIONAL_RECONCILIATION.md [IDENTIFIER_REFERENCE; MEDIUM; line 44] | docs/governance/GOV-008_CYCLE_II_INSTITUTIONAL_RECONCILIATION.md [IDENTIFIER_REFERENCE; MEDIUM; line 74] | docs/governance/GOV-008_CYCLE_II_INSTITUTIONAL_RECONCILIATION.md [IDENTIFIER_REFERENCE; MEDIUM; line 96] | docs/governance/GOV-008_CYCLE_II_INSTITUTIONAL_RECONCILIATION.md [IDENTIFIER_REFERENCE; MEDIUM; line 97] | docs/rfc/RFC-002_FEDERATED_CATALOG_PROTOCOL.md [FILENAME_REFERENCE; MEDIUM; line 761] | docs/rfc/RFC-002_FEDERATED_CATALOG_PROTOCOL.md [IDENTIFIER_REFERENCE; MEDIUM; line 612] | docs/rfc/RFC-002_FEDERATED_CATALOG_PROTOCOL.md [IDENTIFIER_REFERENCE; MEDIUM; line 673] | docs/rfc/RFC-002_FEDERATED_CATALOG_PROTOCOL.md [IDENTIFIER_REFERENCE; MEDIUM; line 736] | docs/rfc/RFC-002_FEDERATED_CATALOG_PROTOCOL.md [IDENTIFIER_REFERENCE; MEDIUM; line 761] | docs/sprints/SPR-018_TERMO_DE_ABERTURA.md [IDENTIFIER_REFERENCE; MEDIUM; line 14] | docs/sprints/SPR-018_TERMO_DE_ABERTURA.md [IDENTIFIER_REFERENCE; MEDIUM; line 170] | docs/sprints/SPR-018_TERMO_DE_ABERTURA.md [IDENTIFIER_REFERENCE; MEDIUM; line 193] | docs/sprints/SPR-018_TERMO_DE_ABERTURA.md [IDENTIFIER_REFERENCE; MEDIUM; line 283] | docs/sprints/SPR-018_TERMO_DE_ABERTURA.md [IDENTIFIER_REFERENCE; MEDIUM; line 328] | docs/sprints/SPR-018_TERMO_DE_ABERTURA.md [IDENTIFIER_REFERENCE; MEDIUM; line 329] | docs/sprints/SPR-018_TERMO_DE_ABERTURA.md [IDENTIFIER_REFERENCE; MEDIUM; line 60] | docs/sprints/SPR-018_TERMO_DE_ABERTURA.md [PATH_REFERENCE; HIGH; line 193] | GOV-005_PROJECT_EFFORT_AUDIT.md [IDENTIFIER_REFERENCE; MEDIUM; line 171] | GOV-005_PROJECT_EFFORT_AUDIT.md [IDENTIFIER_REFERENCE; MEDIUM; line 277] | GOV-005_PROJECT_EFFORT_AUDIT.md [IDENTIFIER_REFERENCE; MEDIUM; line 339] | GOV-005_PROJECT_EFFORT_AUDIT.md [IDENTIFIER_REFERENCE; MEDIUM; line 417],33,docs/adr/ADR-001_MONOLITO_MODULAR_INCREMENTAL.md [IDENTIFIER_REFERENCE; MEDIUM; line 107] | docs/adr/ADR-001_MONOLITO_MODULAR_INCREMENTAL.md [IDENTIFIER_REFERENCE; MEDIUM; line 18] | docs/adr/ADR-001_MONOLITO_MODULAR_INCREMENTAL.md [IDENTIFIER_REFERENCE; MEDIUM; line 31] | docs/adr/ADR-001_MONOLITO_MODULAR_INCREMENTAL.md [PATH_REFERENCE; HIGH; line 18] | docs/adr/ADR-002_IDENTIDADE_DOCUMENTAL.md [IDENTIFIER_REFERENCE; MEDIUM; line 107] | docs/adr/ADR-002_IDENTIDADE_DOCUMENTAL.md [IDENTIFIER_REFERENCE; MEDIUM; line 19] | docs/adr/ADR-002_IDENTIDADE_DOCUMENTAL.md [PATH_REFERENCE; HIGH; line 19] | docs/adr/ADR-003_PRESERVACAO_DO_LEGADO.md [IDENTIFIER_REFERENCE; MEDIUM; line 107] | docs/adr/ADR-003_PRESERVACAO_DO_LEGADO.md [IDENTIFIER_REFERENCE; MEDIUM; line 20] | docs/adr/ADR-003_PRESERVACAO_DO_LEGADO.md [PATH_REFERENCE; HIGH; line 20] | docs/adr/ADR-004_BANCO_CANONICO_SEPARADO.md [IDENTIFIER_REFERENCE; MEDIUM; line 107] | docs/adr/ADR-004_BANCO_CANONICO_SEPARADO.md [IDENTIFIER_REFERENCE; MEDIUM; line 21] | docs/adr/ADR-004_BANCO_CANONICO_SEPARADO.md [PATH_REFERENCE; HIGH; line 21] | docs/adr/ADR-006_FEDERATED_CATALOG_AUTHORITY.md [IDENTIFIER_REFERENCE; MEDIUM; line 108] | docs/adr/ADR-006_FEDERATED_CATALOG_AUTHORITY.md [IDENTIFIER_REFERENCE; MEDIUM; line 110] | docs/adr/ADR-006_FEDERATED_CATALOG_AUTHORITY.md [IDENTIFIER_REFERENCE; MEDIUM; line 23] | docs/adr/ADR-006_FEDERATED_CATALOG_AUTHORITY.md [IDENTIFIER_REFERENCE; MEDIUM; line 31] | docs/adr/ADR-006_FEDERATED_CATALOG_AUTHORITY.md [PATH_REFERENCE; HIGH; line 23] | docs/adr/INDEX.md [FILENAME_REFERENCE; MEDIUM; line 46] | docs/adr/INDEX.md [PATH_REFERENCE; HIGH; line 35] | docs/decisoes/ADR-005A-001_PERSISTENCIA_ADITIVA.md [IDENTIFIER_REFERENCE; MEDIUM; line 107] | docs/decisoes/ADR-005A-001_PERSISTENCIA_ADITIVA.md [IDENTIFIER_REFERENCE; MEDIUM; line 22] | docs/decisoes/ADR-005A-001_PERSISTENCIA_ADITIVA.md [IDENTIFIER_REFERENCE; MEDIUM; line 25] | docs/decisoes/ADR-005A-001_PERSISTENCIA_ADITIVA.md [IDENTIFIER_REFERENCE; MEDIUM; line 45] | docs/decisoes/ADR-005A-001_PERSISTENCIA_ADITIVA.md [PATH_REFERENCE; HIGH; line 22],14,82,MEDIUM_REFERENCE_RISK,HIGH,NO,Confirmed HIGH/MEDIUM references recorded in AUD-004 reference matrix.
INV-0086,docs/governance/GOV-006_PROJECT_DOSSIER.md,KEEP,YES,docs/audits/documentation/AUD-001_WORKING_TREE_CONSOLIDATION_AUDIT.md [IDENTIFIER_REFERENCE; MEDIUM; line 102] | docs/audits/documentation/AUD-001_WORKING_TREE_CONSOLIDATION_AUDIT.md [IDENTIFIER_REFERENCE; MEDIUM; line 132] | docs/audits/documentation/AUD-001_WORKING_TREE_CONSOLIDATION_AUDIT.md [IDENTIFIER_REFERENCE; MEDIUM; line 134] | docs/audits/documentation/AUD-001_WORKING_TREE_CONSOLIDATION_AUDIT.md [IDENTIFIER_REFERENCE; MEDIUM; line 198] | docs/audits/documentation/AUD-001_WORKING_TREE_CONSOLIDATION_AUDIT.md [IDENTIFIER_REFERENCE; MEDIUM; line 84] | docs/audits/documentation/AUD-001_WORKING_TREE_CONSOLIDATION_AUDIT.md [PATH_REFERENCE; HIGH; line 84] | docs/audits/documentation/AUD-002_AUD-001_EVIDENCE_INCORPORATION.md [IDENTIFIER_REFERENCE; MEDIUM; line 24] | docs/governance/GOV-007_REPOSITORY_CANONICAL_ORGANIZATION.md [FILENAME_REFERENCE; MEDIUM; line 847] | docs/governance/GOV-007_REPOSITORY_CANONICAL_ORGANIZATION.md [IDENTIFIER_REFERENCE; MEDIUM; line 802] | docs/governance/GOV-007_REPOSITORY_CANONICAL_ORGANIZATION.md [IDENTIFIER_REFERENCE; MEDIUM; line 847] | docs/governance/GOV-007_REPOSITORY_CANONICAL_ORGANIZATION.md [IDENTIFIER_REFERENCE; MEDIUM; line 91] | docs/governance/GOV-008_CYCLE_II_INSTITUTIONAL_RECONCILIATION.md [IDENTIFIER_REFERENCE; MEDIUM; line 100] | docs/governance/GOV-008_CYCLE_II_INSTITUTIONAL_RECONCILIATION.md [IDENTIFIER_REFERENCE; MEDIUM; line 101] | docs/governance/GOV-008_CYCLE_II_INSTITUTIONAL_RECONCILIATION.md [IDENTIFIER_REFERENCE; MEDIUM; line 102] | docs/governance/GOV-008_CYCLE_II_INSTITUTIONAL_RECONCILIATION.md [IDENTIFIER_REFERENCE; MEDIUM; line 134] | docs/governance/GOV-008_CYCLE_II_INSTITUTIONAL_RECONCILIATION.md [IDENTIFIER_REFERENCE; MEDIUM; line 136] | docs/governance/GOV-008_CYCLE_II_INSTITUTIONAL_RECONCILIATION.md [IDENTIFIER_REFERENCE; MEDIUM; line 138] | docs/governance/GOV-008_CYCLE_II_INSTITUTIONAL_RECONCILIATION.md [IDENTIFIER_REFERENCE; MEDIUM; line 19] | docs/governance/GOV-008_CYCLE_II_INSTITUTIONAL_RECONCILIATION.md [IDENTIFIER_REFERENCE; MEDIUM; line 29] | docs/governance/GOV-008_CYCLE_II_INSTITUTIONAL_RECONCILIATION.md [IDENTIFIER_REFERENCE; MEDIUM; line 324] | docs/governance/GOV-008_CYCLE_II_INSTITUTIONAL_RECONCILIATION.md [IDENTIFIER_REFERENCE; MEDIUM; line 337] | docs/governance/GOV-008_CYCLE_II_INSTITUTIONAL_RECONCILIATION.md [IDENTIFIER_REFERENCE; MEDIUM; line 74],YES,DOCUMENTARY_DEPENDENCY,22,docs/audits/documentation/AUD-001_WORKING_TREE_CONSOLIDATION_AUDIT.md [IDENTIFIER_REFERENCE; MEDIUM; line 102] | docs/audits/documentation/AUD-001_WORKING_TREE_CONSOLIDATION_AUDIT.md [IDENTIFIER_REFERENCE; MEDIUM; line 132] | docs/audits/documentation/AUD-001_WORKING_TREE_CONSOLIDATION_AUDIT.md [IDENTIFIER_REFERENCE; MEDIUM; line 134] | docs/audits/documentation/AUD-001_WORKING_TREE_CONSOLIDATION_AUDIT.md [IDENTIFIER_REFERENCE; MEDIUM; line 198] | docs/audits/documentation/AUD-001_WORKING_TREE_CONSOLIDATION_AUDIT.md [IDENTIFIER_REFERENCE; MEDIUM; line 84] | docs/audits/documentation/AUD-001_WORKING_TREE_CONSOLIDATION_AUDIT.md [PATH_REFERENCE; HIGH; line 84] | docs/audits/documentation/AUD-002_AUD-001_EVIDENCE_INCORPORATION.md [IDENTIFIER_REFERENCE; MEDIUM; line 24] | docs/governance/GOV-007_REPOSITORY_CANONICAL_ORGANIZATION.md [FILENAME_REFERENCE; MEDIUM; line 847] | docs/governance/GOV-007_REPOSITORY_CANONICAL_ORGANIZATION.md [IDENTIFIER_REFERENCE; MEDIUM; line 802] | docs/governance/GOV-007_REPOSITORY_CANONICAL_ORGANIZATION.md [IDENTIFIER_REFERENCE; MEDIUM; line 847] | docs/governance/GOV-007_REPOSITORY_CANONICAL_ORGANIZATION.md [IDENTIFIER_REFERENCE; MEDIUM; line 91] | docs/governance/GOV-008_CYCLE_II_INSTITUTIONAL_RECONCILIATION.md [IDENTIFIER_REFERENCE; MEDIUM; line 100] | docs/governance/GOV-008_CYCLE_II_INSTITUTIONAL_RECONCILIATION.md [IDENTIFIER_REFERENCE; MEDIUM; line 101] | docs/governance/GOV-008_CYCLE_II_INSTITUTIONAL_RECONCILIATION.md [IDENTIFIER_REFERENCE; MEDIUM; line 102] | docs/governance/GOV-008_CYCLE_II_INSTITUTIONAL_RECONCILIATION.md [IDENTIFIER_REFERENCE; MEDIUM; line 134] | docs/governance/GOV-008_CYCLE_II_INSTITUTIONAL_RECONCILIATION.md [IDENTIFIER_REFERENCE; MEDIUM; line 136] | docs/governance/GOV-008_CYCLE_II_INSTITUTIONAL_RECONCILIATION.md [IDENTIFIER_REFERENCE; MEDIUM; line 138] | docs/governance/GOV-008_CYCLE_II_INSTITUTIONAL_RECONCILIATION.md [IDENTIFIER_REFERENCE; MEDIUM; line 19] | docs/governance/GOV-008_CYCLE_II_INSTITUTIONAL_RECONCILIATION.md [IDENTIFIER_REFERENCE; MEDIUM; line 29] | docs/governance/GOV-008_CYCLE_II_INSTITUTIONAL_RECONCILIATION.md [IDENTIFIER_REFERENCE; MEDIUM; line 324] | docs/governance/GOV-008_CYCLE_II_INSTITUTIONAL_RECONCILIATION.md [IDENTIFIER_REFERENCE; MEDIUM; line 337] | docs/governance/GOV-008_CYCLE_II_INSTITUTIONAL_RECONCILIATION.md [IDENTIFIER_REFERENCE; MEDIUM; line 74],172,ARCH-001_CKO_CORE_MASTER_ARCHITECTURE.md [PATH_REFERENCE; HIGH; line 701] | ARCH-001_CKO_CORE_MASTER_ARCHITECTURE_v1.1.md [PATH_REFERENCE; HIGH; line 702] | ARCH-001_CKO_CORE_MASTER_ARCHITECTURE_v1.2.md [PATH_REFERENCE; HIGH; line 703] | CHANGELOG.md [PATH_REFERENCE; HIGH; line 735] | CKO_CORE_BASELINE_CONSOLIDATION_REPORT.md [PATH_REFERENCE; HIGH; line 723] | CKO_CORE_BASELINE_EXECUTION_REPORT.md [PATH_REFERENCE; HIGH; line 724] | CKO_CORE_V1_PUBLIC_API_CATALOG.md [PATH_REFERENCE; HIGH; line 725] | CKO_CORE_V1_RELEASE_CERTIFICATION.md [PATH_REFERENCE; HIGH; line 727] | CKO_CORE_V1_TEST_AND_COVERAGE_REPORT.md [PATH_REFERENCE; HIGH; line 726] | docs/adr/ADR-001_MONOLITO_MODULAR_INCREMENTAL.md [IDENTIFIER_REFERENCE; MEDIUM; line 210] | docs/adr/ADR-001_MONOLITO_MODULAR_INCREMENTAL.md [IDENTIFIER_REFERENCE; MEDIUM; line 364] | docs/adr/ADR-001_MONOLITO_MODULAR_INCREMENTAL.md [IDENTIFIER_REFERENCE; MEDIUM; line 371] | docs/adr/ADR-001_MONOLITO_MODULAR_INCREMENTAL.md [IDENTIFIER_REFERENCE; MEDIUM; line 679] | docs/adr/ADR-001_MONOLITO_MODULAR_INCREMENTAL.md [IDENTIFIER_REFERENCE; MEDIUM; line 712] | docs/adr/ADR-001_MONOLITO_MODULAR_INCREMENTAL.md [IDENTIFIER_REFERENCE; MEDIUM; line 809] | docs/adr/ADR-001_MONOLITO_MODULAR_INCREMENTAL.md [PATH_REFERENCE; HIGH; line 712] | docs/adr/ADR-002_IDENTIDADE_DOCUMENTAL.md [IDENTIFIER_REFERENCE; MEDIUM; line 365] | docs/adr/ADR-002_IDENTIDADE_DOCUMENTAL.md [IDENTIFIER_REFERENCE; MEDIUM; line 713] | docs/adr/ADR-002_IDENTIDADE_DOCUMENTAL.md [PATH_REFERENCE; HIGH; line 713] | docs/adr/ADR-003_PRESERVACAO_DO_LEGADO.md [IDENTIFIER_REFERENCE; MEDIUM; line 366] | docs/adr/ADR-003_PRESERVACAO_DO_LEGADO.md [IDENTIFIER_REFERENCE; MEDIUM; line 714] | docs/adr/ADR-003_PRESERVACAO_DO_LEGADO.md [PATH_REFERENCE; HIGH; line 714] | docs/adr/ADR-004_BANCO_CANONICO_SEPARADO.md [IDENTIFIER_REFERENCE; MEDIUM; line 367] | docs/adr/ADR-004_BANCO_CANONICO_SEPARADO.md [IDENTIFIER_REFERENCE; MEDIUM; line 715] | docs/adr/ADR-004_BANCO_CANONICO_SEPARADO.md [PATH_REFERENCE; HIGH; line 715] | docs/adr/ADR-006_FEDERATED_CATALOG_AUTHORITY.md [IDENTIFIER_REFERENCE; MEDIUM; line 142] | docs/adr/ADR-006_FEDERATED_CATALOG_AUTHORITY.md [IDENTIFIER_REFERENCE; MEDIUM; line 158] | docs/adr/ADR-006_FEDERATED_CATALOG_AUTHORITY.md [IDENTIFIER_REFERENCE; MEDIUM; line 215] | docs/adr/ADR-006_FEDERATED_CATALOG_AUTHORITY.md [IDENTIFIER_REFERENCE; MEDIUM; line 369] | docs/adr/ADR-006_FEDERATED_CATALOG_AUTHORITY.md [IDENTIFIER_REFERENCE; MEDIUM; line 371] | docs/adr/ADR-006_FEDERATED_CATALOG_AUTHORITY.md [IDENTIFIER_REFERENCE; MEDIUM; line 372] | docs/adr/ADR-006_FEDERATED_CATALOG_AUTHORITY.md [IDENTIFIER_REFERENCE; MEDIUM; line 48] | docs/adr/ADR-006_FEDERATED_CATALOG_AUTHORITY.md [IDENTIFIER_REFERENCE; MEDIUM; line 602] | docs/adr/ADR-006_FEDERATED_CATALOG_AUTHORITY.md [IDENTIFIER_REFERENCE; MEDIUM; line 679] | docs/adr/ADR-006_FEDERATED_CATALOG_AUTHORITY.md [IDENTIFIER_REFERENCE; MEDIUM; line 717] | docs/adr/ADR-006_FEDERATED_CATALOG_AUTHORITY.md [IDENTIFIER_REFERENCE; MEDIUM; line 762] | docs/adr/ADR-006_FEDERATED_CATALOG_AUTHORITY.md [IDENTIFIER_REFERENCE; MEDIUM; line 807] | docs/adr/ADR-006_FEDERATED_CATALOG_AUTHORITY.md [PATH_REFERENCE; HIGH; line 717] | docs/adr/INDEX.md [PATH_REFERENCE; HIGH; line 359] | docs/adr/INDEX.md [PATH_REFERENCE; HIGH; line 711] | docs/arquitetura/CKO-ARCH-002_ECOSYSTEM_EVOLUTION_ARCHITECTURE.md [IDENTIFIER_REFERENCE; MEDIUM; line 142] | docs/arquitetura/CKO-ARCH-002_ECOSYSTEM_EVOLUTION_ARCHITECTURE.md [IDENTIFIER_REFERENCE; MEDIUM; line 201] | docs/arquitetura/CKO-ARCH-002_ECOSYSTEM_EVOLUTION_ARCHITECTURE.md [IDENTIFIER_REFERENCE; MEDIUM; line 213] | docs/arquitetura/CKO-ARCH-002_ECOSYSTEM_EVOLUTION_ARCHITECTURE.md [IDENTIFIER_REFERENCE; MEDIUM; line 321] | docs/arquitetura/CKO-ARCH-002_ECOSYSTEM_EVOLUTION_ARCHITECTURE.md [IDENTIFIER_REFERENCE; MEDIUM; line 390] | docs/arquitetura/CKO-ARCH-002_ECOSYSTEM_EVOLUTION_ARCHITECTURE.md [IDENTIFIER_REFERENCE; MEDIUM; line 45] | docs/arquitetura/CKO-ARCH-002_ECOSYSTEM_EVOLUTION_ARCHITECTURE.md [IDENTIFIER_REFERENCE; MEDIUM; line 599] | docs/arquitetura/CKO-ARCH-002_ECOSYSTEM_EVOLUTION_ARCHITECTURE.md [IDENTIFIER_REFERENCE; MEDIUM; line 675] | docs/arquitetura/CKO-ARCH-002_ECOSYSTEM_EVOLUTION_ARCHITECTURE.md [IDENTIFIER_REFERENCE; MEDIUM; line 687] | docs/arquitetura/CKO-ARCH-002_ECOSYSTEM_EVOLUTION_ARCHITECTURE.md [IDENTIFIER_REFERENCE; MEDIUM; line 704] | docs/arquitetura/CKO-ARCH-002_ECOSYSTEM_EVOLUTION_ARCHITECTURE.md [IDENTIFIER_REFERENCE; MEDIUM; line 805] | docs/arquitetura/CKO-ARCH-002_ECOSYSTEM_EVOLUTION_ARCHITECTURE.md [IDENTIFIER_REFERENCE; MEDIUM; line 90] | docs/arquitetura/CKO-ARCH-002_ECOSYSTEM_EVOLUTION_ARCHITECTURE.md [PATH_REFERENCE; HIGH; line 704] | docs/decisoes/ADR-005A-001_PERSISTENCIA_ADITIVA.md [IDENTIFIER_REFERENCE; MEDIUM; line 210] | docs/decisoes/ADR-005A-001_PERSISTENCIA_ADITIVA.md [IDENTIFIER_REFERENCE; MEDIUM; line 368] | docs/decisoes/ADR-005A-001_PERSISTENCIA_ADITIVA.md [IDENTIFIER_REFERENCE; MEDIUM; line 679] | docs/decisoes/ADR-005A-001_PERSISTENCIA_ADITIVA.md [IDENTIFIER_REFERENCE; MEDIUM; line 716] | docs/decisoes/ADR-005A-001_PERSISTENCIA_ADITIVA.md [PATH_REFERENCE; HIGH; line 716] | docs/governance/GOV-002_CYCLE_II_EXECUTION_PROGRAM.md [IDENTIFIER_REFERENCE; MEDIUM; line 142] | docs/governance/GOV-002_CYCLE_II_EXECUTION_PROGRAM.md [IDENTIFIER_REFERENCE; MEDIUM; line 213] | docs/governance/GOV-002_CYCLE_II_EXECUTION_PROGRAM.md [IDENTIFIER_REFERENCE; MEDIUM; line 303] | docs/governance/GOV-002_CYCLE_II_EXECUTION_PROGRAM.md [IDENTIFIER_REFERENCE; MEDIUM; line 346] | docs/governance/GOV-002_CYCLE_II_EXECUTION_PROGRAM.md [IDENTIFIER_REFERENCE; MEDIUM; line 390] | docs/governance/GOV-002_CYCLE_II_EXECUTION_PROGRAM.md [IDENTIFIER_REFERENCE; MEDIUM; line 46] | docs/governance/GOV-002_CYCLE_II_EXECUTION_PROGRAM.md [IDENTIFIER_REFERENCE; MEDIUM; line 600] | docs/governance/GOV-002_CYCLE_II_EXECUTION_PROGRAM.md [IDENTIFIER_REFERENCE; MEDIUM; line 676] | docs/governance/GOV-002_CYCLE_II_EXECUTION_PROGRAM.md [IDENTIFIER_REFERENCE; MEDIUM; line 687] | docs/governance/GOV-002_CYCLE_II_EXECUTION_PROGRAM.md [IDENTIFIER_REFERENCE; MEDIUM; line 705] | docs/governance/GOV-002_CYCLE_II_EXECUTION_PROGRAM.md [IDENTIFIER_REFERENCE; MEDIUM; line 806] | docs/governance/GOV-002_CYCLE_II_EXECUTION_PROGRAM.md [IDENTIFIER_REFERENCE; MEDIUM; line 818] | docs/governance/GOV-002_CYCLE_II_EXECUTION_PROGRAM.md [IDENTIFIER_REFERENCE; MEDIUM; line 92] | docs/governance/GOV-002_CYCLE_II_EXECUTION_PROGRAM.md [PATH_REFERENCE; HIGH; line 705] | docs/governance/GOV-003_ADR_GOVERNANCE_RECONCILIATION.md [IDENTIFIER_REFERENCE; MEDIUM; line 142] | docs/governance/GOV-003_ADR_GOVERNANCE_RECONCILIATION.md [IDENTIFIER_REFERENCE; MEDIUM; line 214] | docs/governance/GOV-003_ADR_GOVERNANCE_RECONCILIATION.md [IDENTIFIER_REFERENCE; MEDIUM; line 347] | docs/governance/GOV-003_ADR_GOVERNANCE_RECONCILIATION.md [IDENTIFIER_REFERENCE; MEDIUM; line 359] | docs/governance/GOV-003_ADR_GOVERNANCE_RECONCILIATION.md [IDENTIFIER_REFERENCE; MEDIUM; line 372] | docs/governance/GOV-003_ADR_GOVERNANCE_RECONCILIATION.md [IDENTIFIER_REFERENCE; MEDIUM; line 516] | docs/governance/GOV-003_ADR_GOVERNANCE_RECONCILIATION.md [IDENTIFIER_REFERENCE; MEDIUM; line 601] | docs/governance/GOV-003_ADR_GOVERNANCE_RECONCILIATION.md [IDENTIFIER_REFERENCE; MEDIUM; line 676] | docs/governance/GOV-003_ADR_GOVERNANCE_RECONCILIATION.md [IDENTIFIER_REFERENCE; MEDIUM; line 706] | docs/governance/GOV-003_ADR_GOVERNANCE_RECONCILIATION.md [IDENTIFIER_REFERENCE; MEDIUM; line 807] | docs/governance/GOV-003_ADR_GOVERNANCE_RECONCILIATION.md [IDENTIFIER_REFERENCE; MEDIUM; line 91] | docs/governance/GOV-003_ADR_GOVERNANCE_RECONCILIATION.md [IDENTIFIER_REFERENCE; MEDIUM; line 92] | docs/governance/GOV-003_ADR_GOVERNANCE_RECONCILIATION.md [PATH_REFERENCE; HIGH; line 706] | docs/rfc/RFC-002_FEDERATED_CATALOG_PROTOCOL.md [IDENTIFIER_REFERENCE; MEDIUM; line 142] | docs/rfc/RFC-002_FEDERATED_CATALOG_PROTOCOL.md [IDENTIFIER_REFERENCE; MEDIUM; line 215] | docs/rfc/RFC-002_FEDERATED_CATALOG_PROTOCOL.md [IDENTIFIER_REFERENCE; MEDIUM; line 305] | docs/rfc/RFC-002_FEDERATED_CATALOG_PROTOCOL.md [IDENTIFIER_REFERENCE; MEDIUM; line 383] | docs/rfc/RFC-002_FEDERATED_CATALOG_PROTOCOL.md [IDENTIFIER_REFERENCE; MEDIUM; line 386] | docs/rfc/RFC-002_FEDERATED_CATALOG_PROTOCOL.md [IDENTIFIER_REFERENCE; MEDIUM; line 48] | docs/rfc/RFC-002_FEDERATED_CATALOG_PROTOCOL.md [IDENTIFIER_REFERENCE; MEDIUM; line 603] | docs/rfc/RFC-002_FEDERATED_CATALOG_PROTOCOL.md [IDENTIFIER_REFERENCE; MEDIUM; line 606] | docs/rfc/RFC-002_FEDERATED_CATALOG_PROTOCOL.md [IDENTIFIER_REFERENCE; MEDIUM; line 618] | docs/rfc/RFC-002_FEDERATED_CATALOG_PROTOCOL.md [IDENTIFIER_REFERENCE; MEDIUM; line 680] | docs/rfc/RFC-002_FEDERATED_CATALOG_PROTOCOL.md [IDENTIFIER_REFERENCE; MEDIUM; line 719] | docs/rfc/RFC-002_FEDERATED_CATALOG_PROTOCOL.md [IDENTIFIER_REFERENCE; MEDIUM; line 762] | docs/rfc/RFC-002_FEDERATED_CATALOG_PROTOCOL.md [IDENTIFIER_REFERENCE; MEDIUM; line 811] | docs/rfc/RFC-002_FEDERATED_CATALOG_PROTOCOL.md [PATH_REFERENCE; HIGH; line 719] | docs/sprints/SPR-018_TERMO_DE_ABERTURA.md [PATH_REFERENCE; HIGH; line 734] | GOV-005_PROJECT_EFFORT_AUDIT.md [IDENTIFIER_REFERENCE; MEDIUM; line 143] | GOV-005_PROJECT_EFFORT_AUDIT.md [IDENTIFIER_REFERENCE; MEDIUM; line 160] | GOV-005_PROJECT_EFFORT_AUDIT.md [IDENTIFIER_REFERENCE; MEDIUM; line 217] | GOV-005_PROJECT_EFFORT_AUDIT.md [IDENTIFIER_REFERENCE; MEDIUM; line 348] | GOV-005_PROJECT_EFFORT_AUDIT.md [IDENTIFIER_REFERENCE; MEDIUM; line 41] | GOV-005_PROJECT_EFFORT_AUDIT.md [IDENTIFIER_REFERENCE; MEDIUM; line 427] | GOV-005_PROJECT_EFFORT_AUDIT.md [IDENTIFIER_REFERENCE; MEDIUM; line 42] | GOV-005_PROJECT_EFFORT_AUDIT.md [IDENTIFIER_REFERENCE; MEDIUM; line 521] | GOV-005_PROJECT_EFFORT_AUDIT.md [IDENTIFIER_REFERENCE; MEDIUM; line 529] | GOV-005_PROJECT_EFFORT_AUDIT.md [IDENTIFIER_REFERENCE; MEDIUM; line 530] | GOV-005_PROJECT_EFFORT_AUDIT.md [IDENTIFIER_REFERENCE; MEDIUM; line 540] | GOV-005_PROJECT_EFFORT_AUDIT.md [IDENTIFIER_REFERENCE; MEDIUM; line 541] | GOV-005_PROJECT_EFFORT_AUDIT.md [IDENTIFIER_REFERENCE; MEDIUM; line 545] | GOV-005_PROJECT_EFFORT_AUDIT.md [IDENTIFIER_REFERENCE; MEDIUM; line 546] | GOV-005_PROJECT_EFFORT_AUDIT.md [IDENTIFIER_REFERENCE; MEDIUM; line 547] | GOV-005_PROJECT_EFFORT_AUDIT.md [IDENTIFIER_REFERENCE; MEDIUM; line 560] | GOV-005_PROJECT_EFFORT_AUDIT.md [IDENTIFIER_REFERENCE; MEDIUM; line 677] | GOV-005_PROJECT_EFFORT_AUDIT.md [IDENTIFIER_REFERENCE; MEDIUM; line 691] | GOV-005_PROJECT_EFFORT_AUDIT.md [IDENTIFIER_REFERENCE; MEDIUM; line 707] | GOV-005_PROJECT_EFFORT_AUDIT.md [IDENTIFIER_REFERENCE; MEDIUM; line 808] | GOV-005_PROJECT_EFFORT_AUDIT.md [IDENTIFIER_REFERENCE; MEDIUM; line 93] | GOV-005_PROJECT_EFFORT_AUDIT.md [PATH_REFERENCE; HIGH; line 707] | pyproject.toml [PATH_REFERENCE; HIGH; line 230] | pyproject.toml [PATH_REFERENCE; HIGH; line 735] | README.md [PATH_REFERENCE; HIGH; line 735] | ROADMAP.md [PATH_REFERENCE; HIGH; line 403] | ROADMAP.md [PATH_REFERENCE; HIGH; line 687] | ROADMAP.md [PATH_REFERENCE; HIGH; line 735] | ROADMAP.md [PATH_REFERENCE; HIGH; line 818] | SPR008A_IMPLEMENTATION_REPORT.md [IDENTIFIER_REFERENCE; MEDIUM; line 135] | SPR008A_IMPLEMENTATION_REPORT.md [IDENTIFIER_REFERENCE; MEDIUM; line 257] | SPR008A_IMPLEMENTATION_REPORT.md [IDENTIFIER_REFERENCE; MEDIUM; line 413] | SPR008A_IMPLEMENTATION_REPORT.md [IDENTIFIER_REFERENCE; MEDIUM; line 682] | SPR008F_IMPLEMENTATION_REPORT.md [IDENTIFIER_REFERENCE; MEDIUM; line 258] | SPR008I_IMPLEMENTATION_REPORT.md [IDENTIFIER_REFERENCE; MEDIUM; line 259] | SPR008J_IMPLEMENTATION_REPORT.md [IDENTIFIER_REFERENCE; MEDIUM; line 136] | SPR008J_IMPLEMENTATION_REPORT.md [IDENTIFIER_REFERENCE; MEDIUM; line 414] | SPR008R_IMPLEMENTATION_REPORT.md [IDENTIFIER_REFERENCE; MEDIUM; line 137] | SPR008R_IMPLEMENTATION_REPORT.md [IDENTIFIER_REFERENCE; MEDIUM; line 260] | SPR008R_IMPLEMENTATION_REPORT.md [IDENTIFIER_REFERENCE; MEDIUM; line 415] | SPR008W_IMPLEMENTATION_REPORT.md [IDENTIFIER_REFERENCE; MEDIUM; line 261] | SPR009A_IMPLEMENTATION_REPORT.md [IDENTIFIER_REFERENCE; MEDIUM; line 111] | SPR009A_IMPLEMENTATION_REPORT.md [IDENTIFIER_REFERENCE; MEDIUM; line 138] | SPR009A_IMPLEMENTATION_REPORT.md [IDENTIFIER_REFERENCE; MEDIUM; line 151] | SPR009A_IMPLEMENTATION_REPORT.md [IDENTIFIER_REFERENCE; MEDIUM; line 230] | SPR009A_IMPLEMENTATION_REPORT.md [IDENTIFIER_REFERENCE; MEDIUM; line 245] | SPR009A_IMPLEMENTATION_REPORT.md [IDENTIFIER_REFERENCE; MEDIUM; line 262] | SPR010_IMPLEMENTATION_REPORT.md [IDENTIFIER_REFERENCE; MEDIUM; line 112] | SPR010_IMPLEMENTATION_REPORT.md [IDENTIFIER_REFERENCE; MEDIUM; line 139] | SPR010_IMPLEMENTATION_REPORT.md [IDENTIFIER_REFERENCE; MEDIUM; line 191] | SPR010_IMPLEMENTATION_REPORT.md [IDENTIFIER_REFERENCE; MEDIUM; line 231] | SPR010_IMPLEMENTATION_REPORT.md [IDENTIFIER_REFERENCE; MEDIUM; line 246] | SPR010_IMPLEMENTATION_REPORT.md [IDENTIFIER_REFERENCE; MEDIUM; line 263] | SPR010_IMPLEMENTATION_REPORT.md [IDENTIFIER_REFERENCE; MEDIUM; line 417] | SPR010_IMPLEMENTATION_REPORT.md [IDENTIFIER_REFERENCE; MEDIUM; line 683] | SPR011_IMPLEMENTATION_REPORT.md [IDENTIFIER_REFERENCE; MEDIUM; line 418] | SPR012_IMPLEMENTATION_REPORT.md [IDENTIFIER_REFERENCE; MEDIUM; line 419] | SPR013_IMPLEMENTATION_REPORT.md [IDENTIFIER_REFERENCE; MEDIUM; line 420] | SPR014_IMPLEMENTATION_REPORT.md [IDENTIFIER_REFERENCE; MEDIUM; line 421] | SPR015_IMPLEMENTATION_REPORT.md [IDENTIFIER_REFERENCE; MEDIUM; line 264] | SPR015_IMPLEMENTATION_REPORT.md [IDENTIFIER_REFERENCE; MEDIUM; line 422] | SPR017_HOMOLOGATION_REPORT.md [PATH_REFERENCE; HIGH; line 733] | SPR017_IMPLEMENTATION_REPORT.md [PATH_REFERENCE; HIGH; line 732] | SPR017_TECHNICAL_SPECIFICATION.md [PATH_REFERENCE; HIGH; line 728] | SPR017_TECHNICAL_SPECIFICATION_AUDIT.md [PATH_REFERENCE; HIGH; line 729] | SPR017E_NOVA_AUDITORIA_FORMAL.md [IDENTIFIER_REFERENCE; MEDIUM; line 730] | SPR017E_NOVA_AUDITORIA_FORMAL.md [PATH_REFERENCE; HIGH; line 730] | SPR017G_VERIFICACAO_FINAL.md [IDENTIFIER_REFERENCE; MEDIUM; line 731] | SPR017G_VERIFICACAO_FINAL.md [PATH_REFERENCE; HIGH; line 731],38,156,MEDIUM_REFERENCE_RISK,HIGH,NO,Confirmed HIGH/MEDIUM references recorded in AUD-004 reference matrix.
INV-0087,docs/governance/GOV-007_REPOSITORY_CANONICAL_ORGANIZATION.md,KEEP,YES,docs/audits/documentation/AUD-001_WORKING_TREE_CONSOLIDATION_AUDIT.md [IDENTIFIER_REFERENCE; MEDIUM; line 102] | docs/audits/documentation/AUD-001_WORKING_TREE_CONSOLIDATION_AUDIT.md [IDENTIFIER_REFERENCE; MEDIUM; line 136] | docs/audits/documentation/AUD-001_WORKING_TREE_CONSOLIDATION_AUDIT.md [IDENTIFIER_REFERENCE; MEDIUM; line 138] | docs/audits/documentation/AUD-001_WORKING_TREE_CONSOLIDATION_AUDIT.md [IDENTIFIER_REFERENCE; MEDIUM; line 198] | docs/audits/documentation/AUD-001_WORKING_TREE_CONSOLIDATION_AUDIT.md [IDENTIFIER_REFERENCE; MEDIUM; line 85] | docs/audits/documentation/AUD-001_WORKING_TREE_CONSOLIDATION_AUDIT.md [PATH_REFERENCE; HIGH; line 85] | docs/audits/documentation/AUD-002_AUD-001_EVIDENCE_INCORPORATION.md [IDENTIFIER_REFERENCE; MEDIUM; line 16] | docs/audits/documentation/AUD-002_AUD-001_EVIDENCE_INCORPORATION.md [IDENTIFIER_REFERENCE; MEDIUM; line 22] | docs/audits/documentation/AUD-002_AUD-001_EVIDENCE_INCORPORATION.md [IDENTIFIER_REFERENCE; MEDIUM; line 29] | docs/audits/documentation/AUD-002_AUD-001_EVIDENCE_INCORPORATION.md [IDENTIFIER_REFERENCE; MEDIUM; line 39] | docs/audits/documentation/AUD-002_AUD-001_EVIDENCE_INCORPORATION.md [PATH_REFERENCE; HIGH; line 22] | docs/governance/GOV-008_CYCLE_II_INSTITUTIONAL_RECONCILIATION.md [IDENTIFIER_REFERENCE; MEDIUM; line 100] | docs/governance/GOV-008_CYCLE_II_INSTITUTIONAL_RECONCILIATION.md [IDENTIFIER_REFERENCE; MEDIUM; line 101] | docs/governance/GOV-008_CYCLE_II_INSTITUTIONAL_RECONCILIATION.md [IDENTIFIER_REFERENCE; MEDIUM; line 102] | docs/governance/GOV-008_CYCLE_II_INSTITUTIONAL_RECONCILIATION.md [IDENTIFIER_REFERENCE; MEDIUM; line 103] | docs/governance/GOV-008_CYCLE_II_INSTITUTIONAL_RECONCILIATION.md [IDENTIFIER_REFERENCE; MEDIUM; line 134] | docs/governance/GOV-008_CYCLE_II_INSTITUTIONAL_RECONCILIATION.md [IDENTIFIER_REFERENCE; MEDIUM; line 140] | docs/governance/GOV-008_CYCLE_II_INSTITUTIONAL_RECONCILIATION.md [IDENTIFIER_REFERENCE; MEDIUM; line 142] | docs/governance/GOV-008_CYCLE_II_INSTITUTIONAL_RECONCILIATION.md [IDENTIFIER_REFERENCE; MEDIUM; line 19] | docs/governance/GOV-008_CYCLE_II_INSTITUTIONAL_RECONCILIATION.md [IDENTIFIER_REFERENCE; MEDIUM; line 294] | docs/governance/GOV-008_CYCLE_II_INSTITUTIONAL_RECONCILIATION.md [IDENTIFIER_REFERENCE; MEDIUM; line 29] | docs/governance/GOV-008_CYCLE_II_INSTITUTIONAL_RECONCILIATION.md [IDENTIFIER_REFERENCE; MEDIUM; line 325] | docs/governance/GOV-008_CYCLE_II_INSTITUTIONAL_RECONCILIATION.md [IDENTIFIER_REFERENCE; MEDIUM; line 337] | docs/governance/GOV-008_CYCLE_II_INSTITUTIONAL_RECONCILIATION.md [IDENTIFIER_REFERENCE; MEDIUM; line 74] | docs/governance/OPS-004_REPOSITORY_CANONICAL_MIGRATION_PLAN.md [IDENTIFIER_REFERENCE; MEDIUM; line 100] | docs/governance/OPS-004_REPOSITORY_CANONICAL_MIGRATION_PLAN.md [IDENTIFIER_REFERENCE; MEDIUM; line 101] | docs/governance/OPS-004_REPOSITORY_CANONICAL_MIGRATION_PLAN.md [IDENTIFIER_REFERENCE; MEDIUM; line 102] | docs/governance/OPS-004_REPOSITORY_CANONICAL_MIGRATION_PLAN.md [IDENTIFIER_REFERENCE; MEDIUM; line 103] | docs/governance/OPS-004_REPOSITORY_CANONICAL_MIGRATION_PLAN.md [IDENTIFIER_REFERENCE; MEDIUM; line 104] | docs/governance/OPS-004_REPOSITORY_CANONICAL_MIGRATION_PLAN.md [IDENTIFIER_REFERENCE; MEDIUM; line 105] | docs/governance/OPS-004_REPOSITORY_CANONICAL_MIGRATION_PLAN.md [IDENTIFIER_REFERENCE; MEDIUM; line 106] | docs/governance/OPS-004_REPOSITORY_CANONICAL_MIGRATION_PLAN.md [IDENTIFIER_REFERENCE; MEDIUM; line 107] | docs/governance/OPS-004_REPOSITORY_CANONICAL_MIGRATION_PLAN.md [IDENTIFIER_REFERENCE; MEDIUM; line 108] | docs/governance/OPS-004_REPOSITORY_CANONICAL_MIGRATION_PLAN.md [IDENTIFIER_REFERENCE; MEDIUM; line 109] | docs/governance/OPS-004_REPOSITORY_CANONICAL_MIGRATION_PLAN.md [IDENTIFIER_REFERENCE; MEDIUM; line 110] | docs/governance/OPS-004_REPOSITORY_CANONICAL_MIGRATION_PLAN.md [IDENTIFIER_REFERENCE; MEDIUM; line 111] | docs/governance/OPS-004_REPOSITORY_CANONICAL_MIGRATION_PLAN.md [IDENTIFIER_REFERENCE; MEDIUM; line 112] | docs/governance/OPS-004_REPOSITORY_CANONICAL_MIGRATION_PLAN.md [IDENTIFIER_REFERENCE; MEDIUM; line 18] | docs/governance/OPS-004_REPOSITORY_CANONICAL_MIGRATION_PLAN.md [IDENTIFIER_REFERENCE; MEDIUM; line 23] | docs/governance/OPS-004_REPOSITORY_CANONICAL_MIGRATION_PLAN.md [IDENTIFIER_REFERENCE; MEDIUM; line 46] | docs/governance/OPS-004_REPOSITORY_CANONICAL_MIGRATION_PLAN.md [IDENTIFIER_REFERENCE; MEDIUM; line 54] | docs/governance/OPS-004_REPOSITORY_CANONICAL_MIGRATION_PLAN.md [IDENTIFIER_REFERENCE; MEDIUM; line 55] | docs/governance/OPS-004_REPOSITORY_CANONICAL_MIGRATION_PLAN.md [IDENTIFIER_REFERENCE; MEDIUM; line 56] | docs/governance/OPS-004_REPOSITORY_CANONICAL_MIGRATION_PLAN.md [IDENTIFIER_REFERENCE; MEDIUM; line 57] | docs/governance/OPS-004_REPOSITORY_CANONICAL_MIGRATION_PLAN.md [IDENTIFIER_REFERENCE; MEDIUM; line 58] | docs/governance/OPS-004_REPOSITORY_CANONICAL_MIGRATION_PLAN.md [IDENTIFIER_REFERENCE; MEDIUM; line 59] | docs/governance/OPS-004_REPOSITORY_CANONICAL_MIGRATION_PLAN.md [IDENTIFIER_REFERENCE; MEDIUM; line 60] | docs/governance/OPS-004_REPOSITORY_CANONICAL_MIGRATION_PLAN.md [IDENTIFIER_REFERENCE; MEDIUM; line 61] | docs/governance/OPS-004_REPOSITORY_CANONICAL_MIGRATION_PLAN.md [IDENTIFIER_REFERENCE; MEDIUM; line 62] | docs/governance/OPS-004_REPOSITORY_CANONICAL_MIGRATION_PLAN.md [IDENTIFIER_REFERENCE; MEDIUM; line 63] | docs/governance/OPS-004_REPOSITORY_CANONICAL_MIGRATION_PLAN.md [IDENTIFIER_REFERENCE; MEDIUM; line 64] | docs/governance/OPS-004_REPOSITORY_CANONICAL_MIGRATION_PLAN.md [IDENTIFIER_REFERENCE; MEDIUM; line 65] | docs/governance/OPS-004_REPOSITORY_CANONICAL_MIGRATION_PLAN.md [IDENTIFIER_REFERENCE; MEDIUM; line 66] | docs/governance/OPS-004_REPOSITORY_CANONICAL_MIGRATION_PLAN.md [IDENTIFIER_REFERENCE; MEDIUM; line 67] | docs/governance/OPS-004_REPOSITORY_CANONICAL_MIGRATION_PLAN.md [IDENTIFIER_REFERENCE; MEDIUM; line 68] | docs/governance/OPS-004_REPOSITORY_CANONICAL_MIGRATION_PLAN.md [IDENTIFIER_REFERENCE; MEDIUM; line 69] | docs/governance/OPS-004_REPOSITORY_CANONICAL_MIGRATION_PLAN.md [IDENTIFIER_REFERENCE; MEDIUM; line 70] | docs/governance/OPS-004_REPOSITORY_CANONICAL_MIGRATION_PLAN.md [IDENTIFIER_REFERENCE; MEDIUM; line 71] | docs/governance/OPS-004_REPOSITORY_CANONICAL_MIGRATION_PLAN.md [IDENTIFIER_REFERENCE; MEDIUM; line 72] | docs/governance/OPS-004_REPOSITORY_CANONICAL_MIGRATION_PLAN.md [IDENTIFIER_REFERENCE; MEDIUM; line 73] | docs/governance/OPS-004_REPOSITORY_CANONICAL_MIGRATION_PLAN.md [IDENTIFIER_REFERENCE; MEDIUM; line 74] | docs/governance/OPS-004_REPOSITORY_CANONICAL_MIGRATION_PLAN.md [IDENTIFIER_REFERENCE; MEDIUM; line 75] | docs/governance/OPS-004_REPOSITORY_CANONICAL_MIGRATION_PLAN.md [IDENTIFIER_REFERENCE; MEDIUM; line 76] | docs/governance/OPS-004_REPOSITORY_CANONICAL_MIGRATION_PLAN.md [IDENTIFIER_REFERENCE; MEDIUM; line 77] | docs/governance/OPS-004_REPOSITORY_CANONICAL_MIGRATION_PLAN.md [IDENTIFIER_REFERENCE; MEDIUM; line 78] | docs/governance/OPS-004_REPOSITORY_CANONICAL_MIGRATION_PLAN.md [IDENTIFIER_REFERENCE; MEDIUM; line 79] | docs/governance/OPS-004_REPOSITORY_CANONICAL_MIGRATION_PLAN.md [IDENTIFIER_REFERENCE; MEDIUM; line 7] | docs/governance/OPS-004_REPOSITORY_CANONICAL_MIGRATION_PLAN.md [IDENTIFIER_REFERENCE; MEDIUM; line 80] | docs/governance/OPS-004_REPOSITORY_CANONICAL_MIGRATION_PLAN.md [IDENTIFIER_REFERENCE; MEDIUM; line 81] | docs/governance/OPS-004_REPOSITORY_CANONICAL_MIGRATION_PLAN.md [IDENTIFIER_REFERENCE; MEDIUM; line 82] | docs/governance/OPS-004_REPOSITORY_CANONICAL_MIGRATION_PLAN.md [IDENTIFIER_REFERENCE; MEDIUM; line 83] | docs/governance/OPS-004_REPOSITORY_CANONICAL_MIGRATION_PLAN.md [IDENTIFIER_REFERENCE; MEDIUM; line 84] | docs/governance/OPS-004_REPOSITORY_CANONICAL_MIGRATION_PLAN.md [IDENTIFIER_REFERENCE; MEDIUM; line 85] | docs/governance/OPS-004_REPOSITORY_CANONICAL_MIGRATION_PLAN.md [IDENTIFIER_REFERENCE; MEDIUM; line 86] | docs/governance/OPS-004_REPOSITORY_CANONICAL_MIGRATION_PLAN.md [IDENTIFIER_REFERENCE; MEDIUM; line 87] | docs/governance/OPS-004_REPOSITORY_CANONICAL_MIGRATION_PLAN.md [IDENTIFIER_REFERENCE; MEDIUM; line 88] | docs/governance/OPS-004_REPOSITORY_CANONICAL_MIGRATION_PLAN.md [IDENTIFIER_REFERENCE; MEDIUM; line 89] | docs/governance/OPS-004_REPOSITORY_CANONICAL_MIGRATION_PLAN.md [IDENTIFIER_REFERENCE; MEDIUM; line 90] | docs/governance/OPS-004_REPOSITORY_CANONICAL_MIGRATION_PLAN.md [IDENTIFIER_REFERENCE; MEDIUM; line 91] | docs/governance/OPS-004_REPOSITORY_CANONICAL_MIGRATION_PLAN.md [IDENTIFIER_REFERENCE; MEDIUM; line 92] | docs/governance/OPS-004_REPOSITORY_CANONICAL_MIGRATION_PLAN.md [IDENTIFIER_REFERENCE; MEDIUM; line 93] | docs/governance/OPS-004_REPOSITORY_CANONICAL_MIGRATION_PLAN.md [IDENTIFIER_REFERENCE; MEDIUM; line 94] | docs/governance/OPS-004_REPOSITORY_CANONICAL_MIGRATION_PLAN.md [IDENTIFIER_REFERENCE; MEDIUM; line 95] | docs/governance/OPS-004_REPOSITORY_CANONICAL_MIGRATION_PLAN.md [IDENTIFIER_REFERENCE; MEDIUM; line 96] | docs/governance/OPS-004_REPOSITORY_CANONICAL_MIGRATION_PLAN.md [IDENTIFIER_REFERENCE; MEDIUM; line 97] | docs/governance/OPS-004_REPOSITORY_CANONICAL_MIGRATION_PLAN.md [IDENTIFIER_REFERENCE; MEDIUM; line 98] | docs/governance/OPS-004_REPOSITORY_CANONICAL_MIGRATION_PLAN.md [IDENTIFIER_REFERENCE; MEDIUM; line 99],YES,DOCUMENTARY_DEPENDENCY,101,docs/audits/documentation/AUD-001_WORKING_TREE_CONSOLIDATION_AUDIT.md [IDENTIFIER_REFERENCE; MEDIUM; line 102] | docs/audits/documentation/AUD-001_WORKING_TREE_CONSOLIDATION_AUDIT.md [IDENTIFIER_REFERENCE; MEDIUM; line 136] | docs/audits/documentation/AUD-001_WORKING_TREE_CONSOLIDATION_AUDIT.md [IDENTIFIER_REFERENCE; MEDIUM; line 138] | docs/audits/documentation/AUD-001_WORKING_TREE_CONSOLIDATION_AUDIT.md [IDENTIFIER_REFERENCE; MEDIUM; line 198] | docs/audits/documentation/AUD-001_WORKING_TREE_CONSOLIDATION_AUDIT.md [IDENTIFIER_REFERENCE; MEDIUM; line 85] | docs/audits/documentation/AUD-001_WORKING_TREE_CONSOLIDATION_AUDIT.md [PATH_REFERENCE; HIGH; line 85] | docs/audits/documentation/AUD-002_AUD-001_EVIDENCE_INCORPORATION.md [IDENTIFIER_REFERENCE; MEDIUM; line 16] | docs/audits/documentation/AUD-002_AUD-001_EVIDENCE_INCORPORATION.md [IDENTIFIER_REFERENCE; MEDIUM; line 22] | docs/audits/documentation/AUD-002_AUD-001_EVIDENCE_INCORPORATION.md [IDENTIFIER_REFERENCE; MEDIUM; line 29] | docs/audits/documentation/AUD-002_AUD-001_EVIDENCE_INCORPORATION.md [IDENTIFIER_REFERENCE; MEDIUM; line 39] | docs/audits/documentation/AUD-002_AUD-001_EVIDENCE_INCORPORATION.md [PATH_REFERENCE; HIGH; line 22] | docs/governance/GOV-008_CYCLE_II_INSTITUTIONAL_RECONCILIATION.md [IDENTIFIER_REFERENCE; MEDIUM; line 100] | docs/governance/GOV-008_CYCLE_II_INSTITUTIONAL_RECONCILIATION.md [IDENTIFIER_REFERENCE; MEDIUM; line 101] | docs/governance/GOV-008_CYCLE_II_INSTITUTIONAL_RECONCILIATION.md [IDENTIFIER_REFERENCE; MEDIUM; line 102] | docs/governance/GOV-008_CYCLE_II_INSTITUTIONAL_RECONCILIATION.md [IDENTIFIER_REFERENCE; MEDIUM; line 103] | docs/governance/GOV-008_CYCLE_II_INSTITUTIONAL_RECONCILIATION.md [IDENTIFIER_REFERENCE; MEDIUM; line 134] | docs/governance/GOV-008_CYCLE_II_INSTITUTIONAL_RECONCILIATION.md [IDENTIFIER_REFERENCE; MEDIUM; line 140] | docs/governance/GOV-008_CYCLE_II_INSTITUTIONAL_RECONCILIATION.md [IDENTIFIER_REFERENCE; MEDIUM; line 142] | docs/governance/GOV-008_CYCLE_II_INSTITUTIONAL_RECONCILIATION.md [IDENTIFIER_REFERENCE; MEDIUM; line 19] | docs/governance/GOV-008_CYCLE_II_INSTITUTIONAL_RECONCILIATION.md [IDENTIFIER_REFERENCE; MEDIUM; line 294] | docs/governance/GOV-008_CYCLE_II_INSTITUTIONAL_RECONCILIATION.md [IDENTIFIER_REFERENCE; MEDIUM; line 29] | docs/governance/GOV-008_CYCLE_II_INSTITUTIONAL_RECONCILIATION.md [IDENTIFIER_REFERENCE; MEDIUM; line 325] | docs/governance/GOV-008_CYCLE_II_INSTITUTIONAL_RECONCILIATION.md [IDENTIFIER_REFERENCE; MEDIUM; line 337] | docs/governance/GOV-008_CYCLE_II_INSTITUTIONAL_RECONCILIATION.md [IDENTIFIER_REFERENCE; MEDIUM; line 74] | docs/governance/OPS-004_REPOSITORY_CANONICAL_MIGRATION_PLAN.md [IDENTIFIER_REFERENCE; MEDIUM; line 100] | docs/governance/OPS-004_REPOSITORY_CANONICAL_MIGRATION_PLAN.md [IDENTIFIER_REFERENCE; MEDIUM; line 101] | docs/governance/OPS-004_REPOSITORY_CANONICAL_MIGRATION_PLAN.md [IDENTIFIER_REFERENCE; MEDIUM; line 102] | docs/governance/OPS-004_REPOSITORY_CANONICAL_MIGRATION_PLAN.md [IDENTIFIER_REFERENCE; MEDIUM; line 103] | docs/governance/OPS-004_REPOSITORY_CANONICAL_MIGRATION_PLAN.md [IDENTIFIER_REFERENCE; MEDIUM; line 104] | docs/governance/OPS-004_REPOSITORY_CANONICAL_MIGRATION_PLAN.md [IDENTIFIER_REFERENCE; MEDIUM; line 105] | docs/governance/OPS-004_REPOSITORY_CANONICAL_MIGRATION_PLAN.md [IDENTIFIER_REFERENCE; MEDIUM; line 106] | docs/governance/OPS-004_REPOSITORY_CANONICAL_MIGRATION_PLAN.md [IDENTIFIER_REFERENCE; MEDIUM; line 107] | docs/governance/OPS-004_REPOSITORY_CANONICAL_MIGRATION_PLAN.md [IDENTIFIER_REFERENCE; MEDIUM; line 108] | docs/governance/OPS-004_REPOSITORY_CANONICAL_MIGRATION_PLAN.md [IDENTIFIER_REFERENCE; MEDIUM; line 109] | docs/governance/OPS-004_REPOSITORY_CANONICAL_MIGRATION_PLAN.md [IDENTIFIER_REFERENCE; MEDIUM; line 110] | docs/governance/OPS-004_REPOSITORY_CANONICAL_MIGRATION_PLAN.md [IDENTIFIER_REFERENCE; MEDIUM; line 111] | docs/governance/OPS-004_REPOSITORY_CANONICAL_MIGRATION_PLAN.md [IDENTIFIER_REFERENCE; MEDIUM; line 112] | docs/governance/OPS-004_REPOSITORY_CANONICAL_MIGRATION_PLAN.md [IDENTIFIER_REFERENCE; MEDIUM; line 18] | docs/governance/OPS-004_REPOSITORY_CANONICAL_MIGRATION_PLAN.md [IDENTIFIER_REFERENCE; MEDIUM; line 23] | docs/governance/OPS-004_REPOSITORY_CANONICAL_MIGRATION_PLAN.md [IDENTIFIER_REFERENCE; MEDIUM; line 46] | docs/governance/OPS-004_REPOSITORY_CANONICAL_MIGRATION_PLAN.md [IDENTIFIER_REFERENCE; MEDIUM; line 54] | docs/governance/OPS-004_REPOSITORY_CANONICAL_MIGRATION_PLAN.md [IDENTIFIER_REFERENCE; MEDIUM; line 55] | docs/governance/OPS-004_REPOSITORY_CANONICAL_MIGRATION_PLAN.md [IDENTIFIER_REFERENCE; MEDIUM; line 56] | docs/governance/OPS-004_REPOSITORY_CANONICAL_MIGRATION_PLAN.md [IDENTIFIER_REFERENCE; MEDIUM; line 57] | docs/governance/OPS-004_REPOSITORY_CANONICAL_MIGRATION_PLAN.md [IDENTIFIER_REFERENCE; MEDIUM; line 58] | docs/governance/OPS-004_REPOSITORY_CANONICAL_MIGRATION_PLAN.md [IDENTIFIER_REFERENCE; MEDIUM; line 59] | docs/governance/OPS-004_REPOSITORY_CANONICAL_MIGRATION_PLAN.md [IDENTIFIER_REFERENCE; MEDIUM; line 60] | docs/governance/OPS-004_REPOSITORY_CANONICAL_MIGRATION_PLAN.md [IDENTIFIER_REFERENCE; MEDIUM; line 61] | docs/governance/OPS-004_REPOSITORY_CANONICAL_MIGRATION_PLAN.md [IDENTIFIER_REFERENCE; MEDIUM; line 62] | docs/governance/OPS-004_REPOSITORY_CANONICAL_MIGRATION_PLAN.md [IDENTIFIER_REFERENCE; MEDIUM; line 63] | docs/governance/OPS-004_REPOSITORY_CANONICAL_MIGRATION_PLAN.md [IDENTIFIER_REFERENCE; MEDIUM; line 64] | docs/governance/OPS-004_REPOSITORY_CANONICAL_MIGRATION_PLAN.md [IDENTIFIER_REFERENCE; MEDIUM; line 65] | docs/governance/OPS-004_REPOSITORY_CANONICAL_MIGRATION_PLAN.md [IDENTIFIER_REFERENCE; MEDIUM; line 66] | docs/governance/OPS-004_REPOSITORY_CANONICAL_MIGRATION_PLAN.md [IDENTIFIER_REFERENCE; MEDIUM; line 67] | docs/governance/OPS-004_REPOSITORY_CANONICAL_MIGRATION_PLAN.md [IDENTIFIER_REFERENCE; MEDIUM; line 68] | docs/governance/OPS-004_REPOSITORY_CANONICAL_MIGRATION_PLAN.md [IDENTIFIER_REFERENCE; MEDIUM; line 69] | docs/governance/OPS-004_REPOSITORY_CANONICAL_MIGRATION_PLAN.md [IDENTIFIER_REFERENCE; MEDIUM; line 70] | docs/governance/OPS-004_REPOSITORY_CANONICAL_MIGRATION_PLAN.md [IDENTIFIER_REFERENCE; MEDIUM; line 71] | docs/governance/OPS-004_REPOSITORY_CANONICAL_MIGRATION_PLAN.md [IDENTIFIER_REFERENCE; MEDIUM; line 72] | docs/governance/OPS-004_REPOSITORY_CANONICAL_MIGRATION_PLAN.md [IDENTIFIER_REFERENCE; MEDIUM; line 73] | docs/governance/OPS-004_REPOSITORY_CANONICAL_MIGRATION_PLAN.md [IDENTIFIER_REFERENCE; MEDIUM; line 74] | docs/governance/OPS-004_REPOSITORY_CANONICAL_MIGRATION_PLAN.md [IDENTIFIER_REFERENCE; MEDIUM; line 75] | docs/governance/OPS-004_REPOSITORY_CANONICAL_MIGRATION_PLAN.md [IDENTIFIER_REFERENCE; MEDIUM; line 76] | docs/governance/OPS-004_REPOSITORY_CANONICAL_MIGRATION_PLAN.md [IDENTIFIER_REFERENCE; MEDIUM; line 77] | docs/governance/OPS-004_REPOSITORY_CANONICAL_MIGRATION_PLAN.md [IDENTIFIER_REFERENCE; MEDIUM; line 78] | docs/governance/OPS-004_REPOSITORY_CANONICAL_MIGRATION_PLAN.md [IDENTIFIER_REFERENCE; MEDIUM; line 79] | docs/governance/OPS-004_REPOSITORY_CANONICAL_MIGRATION_PLAN.md [IDENTIFIER_REFERENCE; MEDIUM; line 7] | docs/governance/OPS-004_REPOSITORY_CANONICAL_MIGRATION_PLAN.md [IDENTIFIER_REFERENCE; MEDIUM; line 80] | docs/governance/OPS-004_REPOSITORY_CANONICAL_MIGRATION_PLAN.md [IDENTIFIER_REFERENCE; MEDIUM; line 81] | docs/governance/OPS-004_REPOSITORY_CANONICAL_MIGRATION_PLAN.md [IDENTIFIER_REFERENCE; MEDIUM; line 82] | docs/governance/OPS-004_REPOSITORY_CANONICAL_MIGRATION_PLAN.md [IDENTIFIER_REFERENCE; MEDIUM; line 83] | docs/governance/OPS-004_REPOSITORY_CANONICAL_MIGRATION_PLAN.md [IDENTIFIER_REFERENCE; MEDIUM; line 84] | docs/governance/OPS-004_REPOSITORY_CANONICAL_MIGRATION_PLAN.md [IDENTIFIER_REFERENCE; MEDIUM; line 85] | docs/governance/OPS-004_REPOSITORY_CANONICAL_MIGRATION_PLAN.md [IDENTIFIER_REFERENCE; MEDIUM; line 86] | docs/governance/OPS-004_REPOSITORY_CANONICAL_MIGRATION_PLAN.md [IDENTIFIER_REFERENCE; MEDIUM; line 87] | docs/governance/OPS-004_REPOSITORY_CANONICAL_MIGRATION_PLAN.md [IDENTIFIER_REFERENCE; MEDIUM; line 88] | docs/governance/OPS-004_REPOSITORY_CANONICAL_MIGRATION_PLAN.md [IDENTIFIER_REFERENCE; MEDIUM; line 89] | docs/governance/OPS-004_REPOSITORY_CANONICAL_MIGRATION_PLAN.md [IDENTIFIER_REFERENCE; MEDIUM; line 90] | docs/governance/OPS-004_REPOSITORY_CANONICAL_MIGRATION_PLAN.md [IDENTIFIER_REFERENCE; MEDIUM; line 91] | docs/governance/OPS-004_REPOSITORY_CANONICAL_MIGRATION_PLAN.md [IDENTIFIER_REFERENCE; MEDIUM; line 92] | docs/governance/OPS-004_REPOSITORY_CANONICAL_MIGRATION_PLAN.md [IDENTIFIER_REFERENCE; MEDIUM; line 93] | docs/governance/OPS-004_REPOSITORY_CANONICAL_MIGRATION_PLAN.md [IDENTIFIER_REFERENCE; MEDIUM; line 94] | docs/governance/OPS-004_REPOSITORY_CANONICAL_MIGRATION_PLAN.md [IDENTIFIER_REFERENCE; MEDIUM; line 95] | docs/governance/OPS-004_REPOSITORY_CANONICAL_MIGRATION_PLAN.md [IDENTIFIER_REFERENCE; MEDIUM; line 96] | docs/governance/OPS-004_REPOSITORY_CANONICAL_MIGRATION_PLAN.md [IDENTIFIER_REFERENCE; MEDIUM; line 97] | docs/governance/OPS-004_REPOSITORY_CANONICAL_MIGRATION_PLAN.md [IDENTIFIER_REFERENCE; MEDIUM; line 98] | docs/governance/OPS-004_REPOSITORY_CANONICAL_MIGRATION_PLAN.md [IDENTIFIER_REFERENCE; MEDIUM; line 99],57,ARCH-001_CKO_CORE_MASTER_ARCHITECTURE.md [PATH_REFERENCE; HIGH; line 412] | ARCH-001_CKO_CORE_MASTER_ARCHITECTURE.md [PATH_REFERENCE; HIGH; line 849] | CHANGELOG.md [PATH_REFERENCE; HIGH; line 269] | CKO_CORE_BASELINE_EXECUTION_REPORT.md [PATH_REFERENCE; HIGH; line 850] | CODE_OF_CONDUCT.md [PATH_REFERENCE; HIGH; line 273] | CONTRIBUTING.md [PATH_REFERENCE; HIGH; line 271] | docs/adr/ADR-006_FEDERATED_CATALOG_AUTHORITY.md [FILENAME_REFERENCE; MEDIUM; line 413] | docs/adr/ADR-006_FEDERATED_CATALOG_AUTHORITY.md [IDENTIFIER_REFERENCE; MEDIUM; line 413] | docs/adr/INDEX.md [FILENAME_REFERENCE; MEDIUM; line 204] | docs/adr/INDEX.md [FILENAME_REFERENCE; MEDIUM; line 219] | docs/adr/INDEX.md [FILENAME_REFERENCE; MEDIUM; line 221] | docs/adr/INDEX.md [FILENAME_REFERENCE; MEDIUM; line 223] | docs/adr/INDEX.md [FILENAME_REFERENCE; MEDIUM; line 260] | docs/adr/INDEX.md [FILENAME_REFERENCE; MEDIUM; line 311] | docs/adr/INDEX.md [FILENAME_REFERENCE; MEDIUM; line 516] | docs/adr/INDEX.md [FILENAME_REFERENCE; MEDIUM; line 517] | docs/adr/INDEX.md [FILENAME_REFERENCE; MEDIUM; line 518] | docs/adr/INDEX.md [FILENAME_REFERENCE; MEDIUM; line 520] | docs/adr/INDEX.md [FILENAME_REFERENCE; MEDIUM; line 521] | docs/adr/INDEX.md [FILENAME_REFERENCE; MEDIUM; line 525] | docs/adr/INDEX.md [FILENAME_REFERENCE; MEDIUM; line 848] | docs/adr/INDEX.md [PATH_REFERENCE; HIGH; line 519] | docs/arquitetura/CKO-ARCH-002_ECOSYSTEM_EVOLUTION_ARCHITECTURE.md [FILENAME_REFERENCE; MEDIUM; line 411] | docs/arquitetura/CKO-ARCH-002_ECOSYSTEM_EVOLUTION_ARCHITECTURE.md [FILENAME_REFERENCE; MEDIUM; line 843] | docs/arquitetura/CKO-ARCH-002_ECOSYSTEM_EVOLUTION_ARCHITECTURE.md [IDENTIFIER_REFERENCE; MEDIUM; line 411] | docs/arquitetura/CKO-ARCH-002_ECOSYSTEM_EVOLUTION_ARCHITECTURE.md [IDENTIFIER_REFERENCE; MEDIUM; line 804] | docs/arquitetura/CKO-ARCH-002_ECOSYSTEM_EVOLUTION_ARCHITECTURE.md [IDENTIFIER_REFERENCE; MEDIUM; line 843] | docs/arquitetura/CKO-ARCH-002_ECOSYSTEM_EVOLUTION_ARCHITECTURE.md [IDENTIFIER_REFERENCE; MEDIUM; line 89] | docs/audits/documentation/AUD-003_OPS-004_TEXTUAL_INTEGRITY_ASSESSMENT.md [IDENTIFIER_REFERENCE; MEDIUM; line 416] | docs/governance/GOV-002_CYCLE_II_EXECUTION_PROGRAM.md [FILENAME_REFERENCE; MEDIUM; line 844] | docs/governance/GOV-002_CYCLE_II_EXECUTION_PROGRAM.md [IDENTIFIER_REFERENCE; MEDIUM; line 799] | docs/governance/GOV-002_CYCLE_II_EXECUTION_PROGRAM.md [IDENTIFIER_REFERENCE; MEDIUM; line 844] | docs/governance/GOV-002_CYCLE_II_EXECUTION_PROGRAM.md [IDENTIFIER_REFERENCE; MEDIUM; line 91] | docs/governance/GOV-003_ADR_GOVERNANCE_RECONCILIATION.md [FILENAME_REFERENCE; MEDIUM; line 845] | docs/governance/GOV-003_ADR_GOVERNANCE_RECONCILIATION.md [IDENTIFIER_REFERENCE; MEDIUM; line 311] | docs/governance/GOV-003_ADR_GOVERNANCE_RECONCILIATION.md [IDENTIFIER_REFERENCE; MEDIUM; line 435] | docs/governance/GOV-003_ADR_GOVERNANCE_RECONCILIATION.md [IDENTIFIER_REFERENCE; MEDIUM; line 800] | docs/governance/GOV-003_ADR_GOVERNANCE_RECONCILIATION.md [IDENTIFIER_REFERENCE; MEDIUM; line 845] | docs/governance/GOV-003_ADR_GOVERNANCE_RECONCILIATION.md [IDENTIFIER_REFERENCE; MEDIUM; line 90] | docs/governance/GOV-003_ADR_GOVERNANCE_RECONCILIATION.md [IDENTIFIER_REFERENCE; MEDIUM; line 91] | docs/governance/GOV-006_PROJECT_DOSSIER.md [FILENAME_REFERENCE; MEDIUM; line 847] | docs/governance/GOV-006_PROJECT_DOSSIER.md [IDENTIFIER_REFERENCE; MEDIUM; line 802] | docs/governance/GOV-006_PROJECT_DOSSIER.md [IDENTIFIER_REFERENCE; MEDIUM; line 847] | docs/governance/GOV-006_PROJECT_DOSSIER.md [IDENTIFIER_REFERENCE; MEDIUM; line 91] | docs/rfc/RFC-002_FEDERATED_CATALOG_PROTOCOL.md [FILENAME_REFERENCE; MEDIUM; line 414] | docs/rfc/RFC-002_FEDERATED_CATALOG_PROTOCOL.md [IDENTIFIER_REFERENCE; MEDIUM; line 414] | GOV-005_PROJECT_EFFORT_AUDIT.md [IDENTIFIER_REFERENCE; MEDIUM; line 801] | GOV-005_PROJECT_EFFORT_AUDIT.md [IDENTIFIER_REFERENCE; MEDIUM; line 846] | GOV-005_PROJECT_EFFORT_AUDIT.md [IDENTIFIER_REFERENCE; MEDIUM; line 91] | GOV-005_PROJECT_EFFORT_AUDIT.md [PATH_REFERENCE; HIGH; line 846] | pyproject.toml [PATH_REFERENCE; HIGH; line 279] | README.md [PATH_REFERENCE; HIGH; line 203] | README.md [PATH_REFERENCE; HIGH; line 260] | README.md [PATH_REFERENCE; HIGH; line 268] | ROADMAP.md [PATH_REFERENCE; HIGH; line 270] | SECURITY.md [PATH_REFERENCE; HIGH; line 272],36,122,MEDIUM_REFERENCE_RISK,HIGH,NO,Confirmed HIGH/MEDIUM references recorded in AUD-004 reference matrix.
INV-0088,docs/governance/GOV-008_CYCLE_II_INSTITUTIONAL_RECONCILIATION.md,KEEP,YES,docs/audits/documentation/AUD-001_WORKING_TREE_CONSOLIDATION_AUDIT.md [IDENTIFIER_REFERENCE; MEDIUM; line 146] | docs/audits/documentation/AUD-001_WORKING_TREE_CONSOLIDATION_AUDIT.md [IDENTIFIER_REFERENCE; MEDIUM; line 192] | docs/audits/documentation/AUD-001_WORKING_TREE_CONSOLIDATION_AUDIT.md [IDENTIFIER_REFERENCE; MEDIUM; line 196] | docs/audits/documentation/AUD-001_WORKING_TREE_CONSOLIDATION_AUDIT.md [IDENTIFIER_REFERENCE; MEDIUM; line 198] | docs/audits/documentation/AUD-001_WORKING_TREE_CONSOLIDATION_AUDIT.md [IDENTIFIER_REFERENCE; MEDIUM; line 202] | docs/audits/documentation/AUD-001_WORKING_TREE_CONSOLIDATION_AUDIT.md [IDENTIFIER_REFERENCE; MEDIUM; line 24] | docs/audits/documentation/AUD-001_WORKING_TREE_CONSOLIDATION_AUDIT.md [IDENTIFIER_REFERENCE; MEDIUM; line 26] | docs/audits/documentation/AUD-001_WORKING_TREE_CONSOLIDATION_AUDIT.md [IDENTIFIER_REFERENCE; MEDIUM; line 32] | docs/audits/documentation/AUD-001_WORKING_TREE_CONSOLIDATION_AUDIT.md [IDENTIFIER_REFERENCE; MEDIUM; line 67] | docs/audits/documentation/AUD-002_AUD-001_EVIDENCE_INCORPORATION.md [IDENTIFIER_REFERENCE; MEDIUM; line 101] | docs/audits/documentation/AUD-002_AUD-001_EVIDENCE_INCORPORATION.md [IDENTIFIER_REFERENCE; MEDIUM; line 113] | docs/audits/documentation/AUD-002_AUD-001_EVIDENCE_INCORPORATION.md [IDENTIFIER_REFERENCE; MEDIUM; line 117] | docs/audits/documentation/AUD-002_AUD-001_EVIDENCE_INCORPORATION.md [IDENTIFIER_REFERENCE; MEDIUM; line 12] | docs/audits/documentation/AUD-002_AUD-001_EVIDENCE_INCORPORATION.md [IDENTIFIER_REFERENCE; MEDIUM; line 16] | docs/audits/documentation/AUD-002_AUD-001_EVIDENCE_INCORPORATION.md [IDENTIFIER_REFERENCE; MEDIUM; line 21] | docs/audits/documentation/AUD-002_AUD-001_EVIDENCE_INCORPORATION.md [IDENTIFIER_REFERENCE; MEDIUM; line 29] | docs/audits/documentation/AUD-002_AUD-001_EVIDENCE_INCORPORATION.md [IDENTIFIER_REFERENCE; MEDIUM; line 30] | docs/audits/documentation/AUD-002_AUD-001_EVIDENCE_INCORPORATION.md [IDENTIFIER_REFERENCE; MEDIUM; line 39] | docs/audits/documentation/AUD-002_AUD-001_EVIDENCE_INCORPORATION.md [IDENTIFIER_REFERENCE; MEDIUM; line 50] | docs/audits/documentation/AUD-002_AUD-001_EVIDENCE_INCORPORATION.md [IDENTIFIER_REFERENCE; MEDIUM; line 52] | docs/audits/documentation/AUD-002_AUD-001_EVIDENCE_INCORPORATION.md [IDENTIFIER_REFERENCE; MEDIUM; line 58] | docs/audits/documentation/AUD-002_AUD-001_EVIDENCE_INCORPORATION.md [IDENTIFIER_REFERENCE; MEDIUM; line 60] | docs/audits/documentation/AUD-002_AUD-001_EVIDENCE_INCORPORATION.md [IDENTIFIER_REFERENCE; MEDIUM; line 62] | docs/audits/documentation/AUD-002_AUD-001_EVIDENCE_INCORPORATION.md [IDENTIFIER_REFERENCE; MEDIUM; line 64] | docs/audits/documentation/AUD-002_AUD-001_EVIDENCE_INCORPORATION.md [IDENTIFIER_REFERENCE; MEDIUM; line 68] | docs/audits/documentation/AUD-002_AUD-001_EVIDENCE_INCORPORATION.md [IDENTIFIER_REFERENCE; MEDIUM; line 69] | docs/audits/documentation/AUD-002_AUD-001_EVIDENCE_INCORPORATION.md [IDENTIFIER_REFERENCE; MEDIUM; line 70] | docs/audits/documentation/AUD-002_AUD-001_EVIDENCE_INCORPORATION.md [IDENTIFIER_REFERENCE; MEDIUM; line 83] | docs/audits/documentation/AUD-002_AUD-001_EVIDENCE_INCORPORATION.md [IDENTIFIER_REFERENCE; MEDIUM; line 92] | docs/audits/documentation/AUD-002_AUD-001_EVIDENCE_INCORPORATION.md [IDENTIFIER_REFERENCE; MEDIUM; line 95] | docs/audits/documentation/AUD-002_AUD-001_EVIDENCE_INCORPORATION.md [PATH_REFERENCE; HIGH; line 21] | docs/audits/documentation/AUD-003_OPS-004_TEXTUAL_INTEGRITY_ASSESSMENT.md [FILENAME_REFERENCE; MEDIUM; line 62] | docs/audits/documentation/AUD-003_OPS-004_TEXTUAL_INTEGRITY_ASSESSMENT.md [IDENTIFIER_REFERENCE; MEDIUM; line 133] | docs/audits/documentation/AUD-003_OPS-004_TEXTUAL_INTEGRITY_ASSESSMENT.md [IDENTIFIER_REFERENCE; MEDIUM; line 137] | docs/audits/documentation/AUD-003_OPS-004_TEXTUAL_INTEGRITY_ASSESSMENT.md [IDENTIFIER_REFERENCE; MEDIUM; line 16] | docs/audits/documentation/AUD-003_OPS-004_TEXTUAL_INTEGRITY_ASSESSMENT.md [IDENTIFIER_REFERENCE; MEDIUM; line 62] | docs/audits/documentation/AUD-003_OPS-004_TEXTUAL_INTEGRITY_ASSESSMENT.md [IDENTIFIER_REFERENCE; MEDIUM; line 74] | docs/audits/documentation/AUD-003_OPS-004_TEXTUAL_INTEGRITY_ASSESSMENT.md [IDENTIFIER_REFERENCE; MEDIUM; line 83],YES,DOCUMENTARY_DEPENDENCY,43,docs/audits/documentation/AUD-001_WORKING_TREE_CONSOLIDATION_AUDIT.md [IDENTIFIER_REFERENCE; MEDIUM; line 146] | docs/audits/documentation/AUD-001_WORKING_TREE_CONSOLIDATION_AUDIT.md [IDENTIFIER_REFERENCE; MEDIUM; line 192] | docs/audits/documentation/AUD-001_WORKING_TREE_CONSOLIDATION_AUDIT.md [IDENTIFIER_REFERENCE; MEDIUM; line 196] | docs/audits/documentation/AUD-001_WORKING_TREE_CONSOLIDATION_AUDIT.md [IDENTIFIER_REFERENCE; MEDIUM; line 198] | docs/audits/documentation/AUD-001_WORKING_TREE_CONSOLIDATION_AUDIT.md [IDENTIFIER_REFERENCE; MEDIUM; line 202] | docs/audits/documentation/AUD-001_WORKING_TREE_CONSOLIDATION_AUDIT.md [IDENTIFIER_REFERENCE; MEDIUM; line 24] | docs/audits/documentation/AUD-001_WORKING_TREE_CONSOLIDATION_AUDIT.md [IDENTIFIER_REFERENCE; MEDIUM; line 26] | docs/audits/documentation/AUD-001_WORKING_TREE_CONSOLIDATION_AUDIT.md [IDENTIFIER_REFERENCE; MEDIUM; line 32] | docs/audits/documentation/AUD-001_WORKING_TREE_CONSOLIDATION_AUDIT.md [IDENTIFIER_REFERENCE; MEDIUM; line 67] | docs/audits/documentation/AUD-002_AUD-001_EVIDENCE_INCORPORATION.md [IDENTIFIER_REFERENCE; MEDIUM; line 101] | docs/audits/documentation/AUD-002_AUD-001_EVIDENCE_INCORPORATION.md [IDENTIFIER_REFERENCE; MEDIUM; line 113] | docs/audits/documentation/AUD-002_AUD-001_EVIDENCE_INCORPORATION.md [IDENTIFIER_REFERENCE; MEDIUM; line 117] | docs/audits/documentation/AUD-002_AUD-001_EVIDENCE_INCORPORATION.md [IDENTIFIER_REFERENCE; MEDIUM; line 12] | docs/audits/documentation/AUD-002_AUD-001_EVIDENCE_INCORPORATION.md [IDENTIFIER_REFERENCE; MEDIUM; line 16] | docs/audits/documentation/AUD-002_AUD-001_EVIDENCE_INCORPORATION.md [IDENTIFIER_REFERENCE; MEDIUM; line 21] | docs/audits/documentation/AUD-002_AUD-001_EVIDENCE_INCORPORATION.md [IDENTIFIER_REFERENCE; MEDIUM; line 29] | docs/audits/documentation/AUD-002_AUD-001_EVIDENCE_INCORPORATION.md [IDENTIFIER_REFERENCE; MEDIUM; line 30] | docs/audits/documentation/AUD-002_AUD-001_EVIDENCE_INCORPORATION.md [IDENTIFIER_REFERENCE; MEDIUM; line 39] | docs/audits/documentation/AUD-002_AUD-001_EVIDENCE_INCORPORATION.md [IDENTIFIER_REFERENCE; MEDIUM; line 50] | docs/audits/documentation/AUD-002_AUD-001_EVIDENCE_INCORPORATION.md [IDENTIFIER_REFERENCE; MEDIUM; line 52] | docs/audits/documentation/AUD-002_AUD-001_EVIDENCE_INCORPORATION.md [IDENTIFIER_REFERENCE; MEDIUM; line 58] | docs/audits/documentation/AUD-002_AUD-001_EVIDENCE_INCORPORATION.md [IDENTIFIER_REFERENCE; MEDIUM; line 60] | docs/audits/documentation/AUD-002_AUD-001_EVIDENCE_INCORPORATION.md [IDENTIFIER_REFERENCE; MEDIUM; line 62] | docs/audits/documentation/AUD-002_AUD-001_EVIDENCE_INCORPORATION.md [IDENTIFIER_REFERENCE; MEDIUM; line 64] | docs/audits/documentation/AUD-002_AUD-001_EVIDENCE_INCORPORATION.md [IDENTIFIER_REFERENCE; MEDIUM; line 68] | docs/audits/documentation/AUD-002_AUD-001_EVIDENCE_INCORPORATION.md [IDENTIFIER_REFERENCE; MEDIUM; line 69] | docs/audits/documentation/AUD-002_AUD-001_EVIDENCE_INCORPORATION.md [IDENTIFIER_REFERENCE; MEDIUM; line 70] | docs/audits/documentation/AUD-002_AUD-001_EVIDENCE_INCORPORATION.md [IDENTIFIER_REFERENCE; MEDIUM; line 83] | docs/audits/documentation/AUD-002_AUD-001_EVIDENCE_INCORPORATION.md [IDENTIFIER_REFERENCE; MEDIUM; line 92] | docs/audits/documentation/AUD-002_AUD-001_EVIDENCE_INCORPORATION.md [IDENTIFIER_REFERENCE; MEDIUM; line 95] | docs/audits/documentation/AUD-002_AUD-001_EVIDENCE_INCORPORATION.md [PATH_REFERENCE; HIGH; line 21] | docs/audits/documentation/AUD-003_OPS-004_TEXTUAL_INTEGRITY_ASSESSMENT.md [FILENAME_REFERENCE; MEDIUM; line 62] | docs/audits/documentation/AUD-003_OPS-004_TEXTUAL_INTEGRITY_ASSESSMENT.md [IDENTIFIER_REFERENCE; MEDIUM; line 133] | docs/audits/documentation/AUD-003_OPS-004_TEXTUAL_INTEGRITY_ASSESSMENT.md [IDENTIFIER_REFERENCE; MEDIUM; line 137] | docs/audits/documentation/AUD-003_OPS-004_TEXTUAL_INTEGRITY_ASSESSMENT.md [IDENTIFIER_REFERENCE; MEDIUM; line 16] | docs/audits/documentation/AUD-003_OPS-004_TEXTUAL_INTEGRITY_ASSESSMENT.md [IDENTIFIER_REFERENCE; MEDIUM; line 62] | docs/audits/documentation/AUD-003_OPS-004_TEXTUAL_INTEGRITY_ASSESSMENT.md [IDENTIFIER_REFERENCE; MEDIUM; line 74] | docs/audits/documentation/AUD-003_OPS-004_TEXTUAL_INTEGRITY_ASSESSMENT.md [IDENTIFIER_REFERENCE; MEDIUM; line 83],153,.vscode/extensions.json [PATH_REFERENCE; HIGH; line 248] | .vscode/tasks.json [PATH_REFERENCE; HIGH; line 249] | docs/adr/ADR-001_MONOLITO_MODULAR_INCREMENTAL.md [IDENTIFIER_REFERENCE; MEDIUM; line 122] | docs/adr/ADR-001_MONOLITO_MODULAR_INCREMENTAL.md [IDENTIFIER_REFERENCE; MEDIUM; line 29] | docs/adr/ADR-001_MONOLITO_MODULAR_INCREMENTAL.md [IDENTIFIER_REFERENCE; MEDIUM; line 62] | docs/adr/ADR-001_MONOLITO_MODULAR_INCREMENTAL.md [IDENTIFIER_REFERENCE; MEDIUM; line 97] | docs/adr/ADR-006_FEDERATED_CATALOG_AUTHORITY.md [IDENTIFIER_REFERENCE; MEDIUM; line 118] | docs/adr/ADR-006_FEDERATED_CATALOG_AUTHORITY.md [IDENTIFIER_REFERENCE; MEDIUM; line 120] | docs/adr/ADR-006_FEDERATED_CATALOG_AUTHORITY.md [IDENTIFIER_REFERENCE; MEDIUM; line 122] | docs/adr/ADR-006_FEDERATED_CATALOG_AUTHORITY.md [IDENTIFIER_REFERENCE; MEDIUM; line 126] | docs/adr/ADR-006_FEDERATED_CATALOG_AUTHORITY.md [IDENTIFIER_REFERENCE; MEDIUM; line 29] | docs/adr/ADR-006_FEDERATED_CATALOG_AUTHORITY.md [IDENTIFIER_REFERENCE; MEDIUM; line 304] | docs/adr/ADR-006_FEDERATED_CATALOG_AUTHORITY.md [IDENTIFIER_REFERENCE; MEDIUM; line 321] | docs/adr/ADR-006_FEDERATED_CATALOG_AUTHORITY.md [IDENTIFIER_REFERENCE; MEDIUM; line 339] | docs/adr/ADR-006_FEDERATED_CATALOG_AUTHORITY.md [IDENTIFIER_REFERENCE; MEDIUM; line 62] | docs/adr/ADR-006_FEDERATED_CATALOG_AUTHORITY.md [IDENTIFIER_REFERENCE; MEDIUM; line 74] | docs/adr/ADR-006_FEDERATED_CATALOG_AUTHORITY.md [IDENTIFIER_REFERENCE; MEDIUM; line 96] | docs/adr/ADR-006_FEDERATED_CATALOG_AUTHORITY.md [IDENTIFIER_REFERENCE; MEDIUM; line 97] | docs/adr/ADR-006_FEDERATED_CATALOG_AUTHORITY.md [IDENTIFIER_REFERENCE; MEDIUM; line 98] | docs/adr/ADR-006_FEDERATED_CATALOG_AUTHORITY.md [IDENTIFIER_REFERENCE; MEDIUM; line 99] | docs/adr/INDEX.md [PATH_REFERENCE; HIGH; line 122] | docs/arquitetura/CKO-ARCH-002_ECOSYSTEM_EVOLUTION_ARCHITECTURE.md [IDENTIFIER_REFERENCE; MEDIUM; line 108] | docs/arquitetura/CKO-ARCH-002_ECOSYSTEM_EVOLUTION_ARCHITECTURE.md [IDENTIFIER_REFERENCE; MEDIUM; line 110] | docs/arquitetura/CKO-ARCH-002_ECOSYSTEM_EVOLUTION_ARCHITECTURE.md [IDENTIFIER_REFERENCE; MEDIUM; line 114] | docs/arquitetura/CKO-ARCH-002_ECOSYSTEM_EVOLUTION_ARCHITECTURE.md [IDENTIFIER_REFERENCE; MEDIUM; line 19] | docs/arquitetura/CKO-ARCH-002_ECOSYSTEM_EVOLUTION_ARCHITECTURE.md [IDENTIFIER_REFERENCE; MEDIUM; line 29] | docs/arquitetura/CKO-ARCH-002_ECOSYSTEM_EVOLUTION_ARCHITECTURE.md [IDENTIFIER_REFERENCE; MEDIUM; line 319] | docs/arquitetura/CKO-ARCH-002_ECOSYSTEM_EVOLUTION_ARCHITECTURE.md [IDENTIFIER_REFERENCE; MEDIUM; line 337] | docs/arquitetura/CKO-ARCH-002_ECOSYSTEM_EVOLUTION_ARCHITECTURE.md [IDENTIFIER_REFERENCE; MEDIUM; line 43] | docs/arquitetura/CKO-ARCH-002_ECOSYSTEM_EVOLUTION_ARCHITECTURE.md [IDENTIFIER_REFERENCE; MEDIUM; line 74] | docs/arquitetura/CKO-ARCH-002_ECOSYSTEM_EVOLUTION_ARCHITECTURE.md [IDENTIFIER_REFERENCE; MEDIUM; line 93] | docs/arquitetura/CKO-ARCH-002_ECOSYSTEM_EVOLUTION_ARCHITECTURE.md [IDENTIFIER_REFERENCE; MEDIUM; line 94] | docs/arquitetura/CKO-ARCH-002_ECOSYSTEM_EVOLUTION_ARCHITECTURE.md [IDENTIFIER_REFERENCE; MEDIUM; line 95] | docs/arquitetura/CKO-ARCH-002_ECOSYSTEM_EVOLUTION_ARCHITECTURE.md [IDENTIFIER_REFERENCE; MEDIUM; line 97] | docs/audits/documentation/AUD-001_WORKING_TREE_CONSOLIDATION_AUDIT.md [IDENTIFIER_REFERENCE; MEDIUM; line 104] | docs/audits/documentation/AUD-001_WORKING_TREE_CONSOLIDATION_AUDIT.md [IDENTIFIER_REFERENCE; MEDIUM; line 106] | docs/audits/documentation/AUD-001_WORKING_TREE_CONSOLIDATION_AUDIT.md [IDENTIFIER_REFERENCE; MEDIUM; line 280] | docs/audits/documentation/AUD-001_WORKING_TREE_CONSOLIDATION_AUDIT.md [IDENTIFIER_REFERENCE; MEDIUM; line 308] | docs/audits/documentation/AUD-001_WORKING_TREE_CONSOLIDATION_AUDIT.md [IDENTIFIER_REFERENCE; MEDIUM; line 318] | docs/audits/documentation/AUD-001_WORKING_TREE_CONSOLIDATION_AUDIT.md [IDENTIFIER_REFERENCE; MEDIUM; line 329] | docs/audits/documentation/AUD-001_WORKING_TREE_CONSOLIDATION_AUDIT.md [IDENTIFIER_REFERENCE; MEDIUM; line 349] | docs/audits/documentation/AUD-001_WORKING_TREE_CONSOLIDATION_AUDIT.md [IDENTIFIER_REFERENCE; MEDIUM; line 363] | docs/audits/documentation/AUD-001_WORKING_TREE_CONSOLIDATION_AUDIT.md [IDENTIFIER_REFERENCE; MEDIUM; line 53] | docs/governance/GOV-002_CYCLE_II_EXECUTION_PROGRAM.md [IDENTIFIER_REFERENCE; MEDIUM; line 112] | docs/governance/GOV-002_CYCLE_II_EXECUTION_PROGRAM.md [IDENTIFIER_REFERENCE; MEDIUM; line 114] | docs/governance/GOV-002_CYCLE_II_EXECUTION_PROGRAM.md [IDENTIFIER_REFERENCE; MEDIUM; line 19] | docs/governance/GOV-002_CYCLE_II_EXECUTION_PROGRAM.md [IDENTIFIER_REFERENCE; MEDIUM; line 29] | docs/governance/GOV-002_CYCLE_II_EXECUTION_PROGRAM.md [IDENTIFIER_REFERENCE; MEDIUM; line 320] | docs/governance/GOV-002_CYCLE_II_EXECUTION_PROGRAM.md [IDENTIFIER_REFERENCE; MEDIUM; line 337] | docs/governance/GOV-002_CYCLE_II_EXECUTION_PROGRAM.md [IDENTIFIER_REFERENCE; MEDIUM; line 74] | docs/governance/GOV-002_CYCLE_II_EXECUTION_PROGRAM.md [IDENTIFIER_REFERENCE; MEDIUM; line 94] | docs/governance/GOV-002_CYCLE_II_EXECUTION_PROGRAM.md [IDENTIFIER_REFERENCE; MEDIUM; line 95] | docs/governance/GOV-002_CYCLE_II_EXECUTION_PROGRAM.md [IDENTIFIER_REFERENCE; MEDIUM; line 97] | docs/governance/GOV-002_CYCLE_II_EXECUTION_PROGRAM.md [IDENTIFIER_REFERENCE; MEDIUM; line 99] | docs/governance/GOV-003_ADR_GOVERNANCE_RECONCILIATION.md [IDENTIFIER_REFERENCE; MEDIUM; line 102] | docs/governance/GOV-003_ADR_GOVERNANCE_RECONCILIATION.md [IDENTIFIER_REFERENCE; MEDIUM; line 116] | docs/governance/GOV-003_ADR_GOVERNANCE_RECONCILIATION.md [IDENTIFIER_REFERENCE; MEDIUM; line 118] | docs/governance/GOV-003_ADR_GOVERNANCE_RECONCILIATION.md [IDENTIFIER_REFERENCE; MEDIUM; line 122] | docs/governance/GOV-003_ADR_GOVERNANCE_RECONCILIATION.md [IDENTIFIER_REFERENCE; MEDIUM; line 19] | docs/governance/GOV-003_ADR_GOVERNANCE_RECONCILIATION.md [IDENTIFIER_REFERENCE; MEDIUM; line 29] | docs/governance/GOV-003_ADR_GOVERNANCE_RECONCILIATION.md [IDENTIFIER_REFERENCE; MEDIUM; line 321] | docs/governance/GOV-003_ADR_GOVERNANCE_RECONCILIATION.md [IDENTIFIER_REFERENCE; MEDIUM; line 337] | docs/governance/GOV-003_ADR_GOVERNANCE_RECONCILIATION.md [IDENTIFIER_REFERENCE; MEDIUM; line 44] | docs/governance/GOV-003_ADR_GOVERNANCE_RECONCILIATION.md [IDENTIFIER_REFERENCE; MEDIUM; line 74] | docs/governance/GOV-003_ADR_GOVERNANCE_RECONCILIATION.md [IDENTIFIER_REFERENCE; MEDIUM; line 96] | docs/governance/GOV-003_ADR_GOVERNANCE_RECONCILIATION.md [IDENTIFIER_REFERENCE; MEDIUM; line 97] | docs/governance/GOV-006_PROJECT_DOSSIER.md [IDENTIFIER_REFERENCE; MEDIUM; line 100] | docs/governance/GOV-006_PROJECT_DOSSIER.md [IDENTIFIER_REFERENCE; MEDIUM; line 101] | docs/governance/GOV-006_PROJECT_DOSSIER.md [IDENTIFIER_REFERENCE; MEDIUM; line 102] | docs/governance/GOV-006_PROJECT_DOSSIER.md [IDENTIFIER_REFERENCE; MEDIUM; line 134] | docs/governance/GOV-006_PROJECT_DOSSIER.md [IDENTIFIER_REFERENCE; MEDIUM; line 136] | docs/governance/GOV-006_PROJECT_DOSSIER.md [IDENTIFIER_REFERENCE; MEDIUM; line 138] | docs/governance/GOV-006_PROJECT_DOSSIER.md [IDENTIFIER_REFERENCE; MEDIUM; line 19] | docs/governance/GOV-006_PROJECT_DOSSIER.md [IDENTIFIER_REFERENCE; MEDIUM; line 29] | docs/governance/GOV-006_PROJECT_DOSSIER.md [IDENTIFIER_REFERENCE; MEDIUM; line 324] | docs/governance/GOV-006_PROJECT_DOSSIER.md [IDENTIFIER_REFERENCE; MEDIUM; line 337] | docs/governance/GOV-006_PROJECT_DOSSIER.md [IDENTIFIER_REFERENCE; MEDIUM; line 74] | docs/governance/GOV-007_REPOSITORY_CANONICAL_ORGANIZATION.md [IDENTIFIER_REFERENCE; MEDIUM; line 100] | docs/governance/GOV-007_REPOSITORY_CANONICAL_ORGANIZATION.md [IDENTIFIER_REFERENCE; MEDIUM; line 101] | docs/governance/GOV-007_REPOSITORY_CANONICAL_ORGANIZATION.md [IDENTIFIER_REFERENCE; MEDIUM; line 102] | docs/governance/GOV-007_REPOSITORY_CANONICAL_ORGANIZATION.md [IDENTIFIER_REFERENCE; MEDIUM; line 103] | docs/governance/GOV-007_REPOSITORY_CANONICAL_ORGANIZATION.md [IDENTIFIER_REFERENCE; MEDIUM; line 134] | docs/governance/GOV-007_REPOSITORY_CANONICAL_ORGANIZATION.md [IDENTIFIER_REFERENCE; MEDIUM; line 140] | docs/governance/GOV-007_REPOSITORY_CANONICAL_ORGANIZATION.md [IDENTIFIER_REFERENCE; MEDIUM; line 142] | docs/governance/GOV-007_REPOSITORY_CANONICAL_ORGANIZATION.md [IDENTIFIER_REFERENCE; MEDIUM; line 19] | docs/governance/GOV-007_REPOSITORY_CANONICAL_ORGANIZATION.md [IDENTIFIER_REFERENCE; MEDIUM; line 294] | docs/governance/GOV-007_REPOSITORY_CANONICAL_ORGANIZATION.md [IDENTIFIER_REFERENCE; MEDIUM; line 29] | docs/governance/GOV-007_REPOSITORY_CANONICAL_ORGANIZATION.md [IDENTIFIER_REFERENCE; MEDIUM; line 325] | docs/governance/GOV-007_REPOSITORY_CANONICAL_ORGANIZATION.md [IDENTIFIER_REFERENCE; MEDIUM; line 337] | docs/governance/GOV-007_REPOSITORY_CANONICAL_ORGANIZATION.md [IDENTIFIER_REFERENCE; MEDIUM; line 74] | docs/governance/OPS-004_REPOSITORY_CANONICAL_MIGRATION_PLAN.md [IDENTIFIER_REFERENCE; MEDIUM; line 102] | docs/governance/OPS-004_REPOSITORY_CANONICAL_MIGRATION_PLAN.md [IDENTIFIER_REFERENCE; MEDIUM; line 103] | docs/governance/OPS-004_REPOSITORY_CANONICAL_MIGRATION_PLAN.md [IDENTIFIER_REFERENCE; MEDIUM; line 144] | docs/governance/OPS-004_REPOSITORY_CANONICAL_MIGRATION_PLAN.md [IDENTIFIER_REFERENCE; MEDIUM; line 146] | docs/governance/OPS-004_REPOSITORY_CANONICAL_MIGRATION_PLAN.md [IDENTIFIER_REFERENCE; MEDIUM; line 20] | docs/governance/OPS-004_REPOSITORY_CANONICAL_MIGRATION_PLAN.md [IDENTIFIER_REFERENCE; MEDIUM; line 256] | docs/governance/OPS-004_REPOSITORY_CANONICAL_MIGRATION_PLAN.md [IDENTIFIER_REFERENCE; MEDIUM; line 273] | docs/governance/OPS-004_REPOSITORY_CANONICAL_MIGRATION_PLAN.md [IDENTIFIER_REFERENCE; MEDIUM; line 294] | docs/governance/OPS-004_REPOSITORY_CANONICAL_MIGRATION_PLAN.md [IDENTIFIER_REFERENCE; MEDIUM; line 303] | docs/governance/OPS-004_REPOSITORY_CANONICAL_MIGRATION_PLAN.md [IDENTIFIER_REFERENCE; MEDIUM; line 326] | docs/governance/OPS-004_REPOSITORY_CANONICAL_MIGRATION_PLAN.md [IDENTIFIER_REFERENCE; MEDIUM; line 327] | docs/governance/OPS-004_REPOSITORY_CANONICAL_MIGRATION_PLAN.md [IDENTIFIER_REFERENCE; MEDIUM; line 328] | docs/governance/OPS-004_REPOSITORY_CANONICAL_MIGRATION_PLAN.md [IDENTIFIER_REFERENCE; MEDIUM; line 342] | docs/governance/OPS-004_REPOSITORY_CANONICAL_MIGRATION_PLAN.md [IDENTIFIER_REFERENCE; MEDIUM; line 351] | docs/governance/OPS-004_REPOSITORY_CANONICAL_MIGRATION_PLAN.md [IDENTIFIER_REFERENCE; MEDIUM; line 361] | docs/governance/OPS-004_REPOSITORY_CANONICAL_MIGRATION_PLAN.md [IDENTIFIER_REFERENCE; MEDIUM; line 363] | docs/governance/OPS-004_REPOSITORY_CANONICAL_MIGRATION_PLAN.md [IDENTIFIER_REFERENCE; MEDIUM; line 64] | docs/governance/OPS-004_REPOSITORY_CANONICAL_MIGRATION_PLAN.md [IDENTIFIER_REFERENCE; MEDIUM; line 74] | docs/governance/OPS-004_REPOSITORY_CANONICAL_MIGRATION_PLAN.md [IDENTIFIER_REFERENCE; MEDIUM; line 78] | docs/rfc/RFC-002_FEDERATED_CATALOG_PROTOCOL.md [IDENTIFIER_REFERENCE; MEDIUM; line 124] | docs/rfc/RFC-002_FEDERATED_CATALOG_PROTOCOL.md [IDENTIFIER_REFERENCE; MEDIUM; line 126] | docs/rfc/RFC-002_FEDERATED_CATALOG_PROTOCOL.md [IDENTIFIER_REFERENCE; MEDIUM; line 130] | docs/rfc/RFC-002_FEDERATED_CATALOG_PROTOCOL.md [IDENTIFIER_REFERENCE; MEDIUM; line 172] | docs/rfc/RFC-002_FEDERATED_CATALOG_PROTOCOL.md [IDENTIFIER_REFERENCE; MEDIUM; line 196] | docs/rfc/RFC-002_FEDERATED_CATALOG_PROTOCOL.md [IDENTIFIER_REFERENCE; MEDIUM; line 285] | docs/rfc/RFC-002_FEDERATED_CATALOG_PROTOCOL.md [IDENTIFIER_REFERENCE; MEDIUM; line 31] | docs/rfc/RFC-002_FEDERATED_CATALOG_PROTOCOL.md [IDENTIFIER_REFERENCE; MEDIUM; line 322] | docs/rfc/RFC-002_FEDERATED_CATALOG_PROTOCOL.md [IDENTIFIER_REFERENCE; MEDIUM; line 340] | docs/rfc/RFC-002_FEDERATED_CATALOG_PROTOCOL.md [IDENTIFIER_REFERENCE; MEDIUM; line 352] | docs/rfc/RFC-002_FEDERATED_CATALOG_PROTOCOL.md [IDENTIFIER_REFERENCE; MEDIUM; line 361] | docs/rfc/RFC-002_FEDERATED_CATALOG_PROTOCOL.md [IDENTIFIER_REFERENCE; MEDIUM; line 363] | docs/rfc/RFC-002_FEDERATED_CATALOG_PROTOCOL.md [IDENTIFIER_REFERENCE; MEDIUM; line 367] | docs/rfc/RFC-002_FEDERATED_CATALOG_PROTOCOL.md [IDENTIFIER_REFERENCE; MEDIUM; line 63] | docs/rfc/RFC-002_FEDERATED_CATALOG_PROTOCOL.md [IDENTIFIER_REFERENCE; MEDIUM; line 74] | docs/rfc/RFC-002_FEDERATED_CATALOG_PROTOCOL.md [IDENTIFIER_REFERENCE; MEDIUM; line 82] | docs/rfc/RFC-002_FEDERATED_CATALOG_PROTOCOL.md [IDENTIFIER_REFERENCE; MEDIUM; line 97] | docs/rfc/RFC-002_FEDERATED_CATALOG_PROTOCOL.md [IDENTIFIER_REFERENCE; MEDIUM; line 98] | docs/rfc/RFC-002_FEDERATED_CATALOG_PROTOCOL.md [IDENTIFIER_REFERENCE; MEDIUM; line 99] | GOV-005_PROJECT_EFFORT_AUDIT.md [IDENTIFIER_REFERENCE; MEDIUM; line 100] | GOV-005_PROJECT_EFFORT_AUDIT.md [IDENTIFIER_REFERENCE; MEDIUM; line 101] | GOV-005_PROJECT_EFFORT_AUDIT.md [IDENTIFIER_REFERENCE; MEDIUM; line 132] | GOV-005_PROJECT_EFFORT_AUDIT.md [IDENTIFIER_REFERENCE; MEDIUM; line 134] | GOV-005_PROJECT_EFFORT_AUDIT.md [IDENTIFIER_REFERENCE; MEDIUM; line 138] | GOV-005_PROJECT_EFFORT_AUDIT.md [IDENTIFIER_REFERENCE; MEDIUM; line 19] | GOV-005_PROJECT_EFFORT_AUDIT.md [IDENTIFIER_REFERENCE; MEDIUM; line 29] | GOV-005_PROJECT_EFFORT_AUDIT.md [IDENTIFIER_REFERENCE; MEDIUM; line 324] | GOV-005_PROJECT_EFFORT_AUDIT.md [IDENTIFIER_REFERENCE; MEDIUM; line 338] | GOV-005_PROJECT_EFFORT_AUDIT.md [IDENTIFIER_REFERENCE; MEDIUM; line 74] | inventory.txt [PATH_REFERENCE; HIGH; line 250] | src/main.py.txt [PATH_REFERENCE; HIGH; line 252],7,189,MEDIUM_REFERENCE_RISK,HIGH,NO,Confirmed HIGH/MEDIUM references recorded in AUD-004 reference matrix.
INV-0089,docs/governance/OPS-004_REPOSITORY_CANONICAL_MIGRATION_PLAN.md,HOLD,YES,docs/audits/documentation/AUD-001_WORKING_TREE_CONSOLIDATION_AUDIT.md [IDENTIFIER_REFERENCE; MEDIUM; line 102] | docs/audits/documentation/AUD-001_WORKING_TREE_CONSOLIDATION_AUDIT.md [IDENTIFIER_REFERENCE; MEDIUM; line 140] | docs/audits/documentation/AUD-001_WORKING_TREE_CONSOLIDATION_AUDIT.md [IDENTIFIER_REFERENCE; MEDIUM; line 142] | docs/audits/documentation/AUD-001_WORKING_TREE_CONSOLIDATION_AUDIT.md [IDENTIFIER_REFERENCE; MEDIUM; line 150] | docs/audits/documentation/AUD-001_WORKING_TREE_CONSOLIDATION_AUDIT.md [IDENTIFIER_REFERENCE; MEDIUM; line 154] | docs/audits/documentation/AUD-001_WORKING_TREE_CONSOLIDATION_AUDIT.md [IDENTIFIER_REFERENCE; MEDIUM; line 180] | docs/audits/documentation/AUD-001_WORKING_TREE_CONSOLIDATION_AUDIT.md [IDENTIFIER_REFERENCE; MEDIUM; line 186] | docs/audits/documentation/AUD-001_WORKING_TREE_CONSOLIDATION_AUDIT.md [IDENTIFIER_REFERENCE; MEDIUM; line 198] | docs/audits/documentation/AUD-001_WORKING_TREE_CONSOLIDATION_AUDIT.md [IDENTIFIER_REFERENCE; MEDIUM; line 209] | docs/audits/documentation/AUD-001_WORKING_TREE_CONSOLIDATION_AUDIT.md [IDENTIFIER_REFERENCE; MEDIUM; line 42] | docs/audits/documentation/AUD-001_WORKING_TREE_CONSOLIDATION_AUDIT.md [IDENTIFIER_REFERENCE; MEDIUM; line 86] | docs/audits/documentation/AUD-001_WORKING_TREE_CONSOLIDATION_AUDIT.md [PATH_REFERENCE; HIGH; line 86] | docs/audits/documentation/AUD-002_AUD-001_EVIDENCE_INCORPORATION.md [IDENTIFIER_REFERENCE; MEDIUM; line 105] | docs/audits/documentation/AUD-002_AUD-001_EVIDENCE_INCORPORATION.md [IDENTIFIER_REFERENCE; MEDIUM; line 24] | docs/audits/documentation/AUD-003_OPS-004_TEXTUAL_INTEGRITY_ASSESSMENT.md [IDENTIFIER_REFERENCE; MEDIUM; line 112] | docs/audits/documentation/AUD-003_OPS-004_TEXTUAL_INTEGRITY_ASSESSMENT.md [IDENTIFIER_REFERENCE; MEDIUM; line 115] | docs/audits/documentation/AUD-003_OPS-004_TEXTUAL_INTEGRITY_ASSESSMENT.md [IDENTIFIER_REFERENCE; MEDIUM; line 131] | docs/audits/documentation/AUD-003_OPS-004_TEXTUAL_INTEGRITY_ASSESSMENT.md [IDENTIFIER_REFERENCE; MEDIUM; line 137] | docs/audits/documentation/AUD-003_OPS-004_TEXTUAL_INTEGRITY_ASSESSMENT.md [IDENTIFIER_REFERENCE; MEDIUM; line 141] | docs/audits/documentation/AUD-003_OPS-004_TEXTUAL_INTEGRITY_ASSESSMENT.md [IDENTIFIER_REFERENCE; MEDIUM; line 14] | docs/audits/documentation/AUD-003_OPS-004_TEXTUAL_INTEGRITY_ASSESSMENT.md [IDENTIFIER_REFERENCE; MEDIUM; line 16] | docs/audits/documentation/AUD-003_OPS-004_TEXTUAL_INTEGRITY_ASSESSMENT.md [IDENTIFIER_REFERENCE; MEDIUM; line 18] | docs/audits/documentation/AUD-003_OPS-004_TEXTUAL_INTEGRITY_ASSESSMENT.md [IDENTIFIER_REFERENCE; MEDIUM; line 1] | docs/audits/documentation/AUD-003_OPS-004_TEXTUAL_INTEGRITY_ASSESSMENT.md [IDENTIFIER_REFERENCE; MEDIUM; line 4] | docs/audits/documentation/AUD-003_OPS-004_TEXTUAL_INTEGRITY_ASSESSMENT.md [IDENTIFIER_REFERENCE; MEDIUM; line 57] | docs/audits/documentation/AUD-003_OPS-004_TEXTUAL_INTEGRITY_ASSESSMENT.md [IDENTIFIER_REFERENCE; MEDIUM; line 60] | docs/audits/documentation/AUD-003_OPS-004_TEXTUAL_INTEGRITY_ASSESSMENT.md [IDENTIFIER_REFERENCE; MEDIUM; line 61] | docs/audits/documentation/AUD-003_OPS-004_TEXTUAL_INTEGRITY_ASSESSMENT.md [IDENTIFIER_REFERENCE; MEDIUM; line 62] | docs/audits/documentation/AUD-003_OPS-004_TEXTUAL_INTEGRITY_ASSESSMENT.md [IDENTIFIER_REFERENCE; MEDIUM; line 63] | docs/audits/documentation/AUD-003_OPS-004_TEXTUAL_INTEGRITY_ASSESSMENT.md [IDENTIFIER_REFERENCE; MEDIUM; line 64] | docs/audits/documentation/AUD-003_OPS-004_TEXTUAL_INTEGRITY_ASSESSMENT.md [IDENTIFIER_REFERENCE; MEDIUM; line 71] | docs/audits/documentation/AUD-003_OPS-004_TEXTUAL_INTEGRITY_ASSESSMENT.md [IDENTIFIER_REFERENCE; MEDIUM; line 77] | docs/audits/documentation/AUD-003_OPS-004_TEXTUAL_INTEGRITY_ASSESSMENT.md [PATH_REFERENCE; HIGH; line 4] | docs/governance/GOV-008_CYCLE_II_INSTITUTIONAL_RECONCILIATION.md [IDENTIFIER_REFERENCE; MEDIUM; line 102] | docs/governance/GOV-008_CYCLE_II_INSTITUTIONAL_RECONCILIATION.md [IDENTIFIER_REFERENCE; MEDIUM; line 103] | docs/governance/GOV-008_CYCLE_II_INSTITUTIONAL_RECONCILIATION.md [IDENTIFIER_REFERENCE; MEDIUM; line 144] | docs/governance/GOV-008_CYCLE_II_INSTITUTIONAL_RECONCILIATION.md [IDENTIFIER_REFERENCE; MEDIUM; line 146] | docs/governance/GOV-008_CYCLE_II_INSTITUTIONAL_RECONCILIATION.md [IDENTIFIER_REFERENCE; MEDIUM; line 20] | docs/governance/GOV-008_CYCLE_II_INSTITUTIONAL_RECONCILIATION.md [IDENTIFIER_REFERENCE; MEDIUM; line 256] | docs/governance/GOV-008_CYCLE_II_INSTITUTIONAL_RECONCILIATION.md [IDENTIFIER_REFERENCE; MEDIUM; line 273] | docs/governance/GOV-008_CYCLE_II_INSTITUTIONAL_RECONCILIATION.md [IDENTIFIER_REFERENCE; MEDIUM; line 294] | docs/governance/GOV-008_CYCLE_II_INSTITUTIONAL_RECONCILIATION.md [IDENTIFIER_REFERENCE; MEDIUM; line 303] | docs/governance/GOV-008_CYCLE_II_INSTITUTIONAL_RECONCILIATION.md [IDENTIFIER_REFERENCE; MEDIUM; line 326] | docs/governance/GOV-008_CYCLE_II_INSTITUTIONAL_RECONCILIATION.md [IDENTIFIER_REFERENCE; MEDIUM; line 327] | docs/governance/GOV-008_CYCLE_II_INSTITUTIONAL_RECONCILIATION.md [IDENTIFIER_REFERENCE; MEDIUM; line 328] | docs/governance/GOV-008_CYCLE_II_INSTITUTIONAL_RECONCILIATION.md [IDENTIFIER_REFERENCE; MEDIUM; line 342] | docs/governance/GOV-008_CYCLE_II_INSTITUTIONAL_RECONCILIATION.md [IDENTIFIER_REFERENCE; MEDIUM; line 351] | docs/governance/GOV-008_CYCLE_II_INSTITUTIONAL_RECONCILIATION.md [IDENTIFIER_REFERENCE; MEDIUM; line 361] | docs/governance/GOV-008_CYCLE_II_INSTITUTIONAL_RECONCILIATION.md [IDENTIFIER_REFERENCE; MEDIUM; line 363] | docs/governance/GOV-008_CYCLE_II_INSTITUTIONAL_RECONCILIATION.md [IDENTIFIER_REFERENCE; MEDIUM; line 64] | docs/governance/GOV-008_CYCLE_II_INSTITUTIONAL_RECONCILIATION.md [IDENTIFIER_REFERENCE; MEDIUM; line 74] | docs/governance/GOV-008_CYCLE_II_INSTITUTIONAL_RECONCILIATION.md [IDENTIFIER_REFERENCE; MEDIUM; line 78],YES,DOCUMENTARY_DEPENDENCY,53,docs/audits/documentation/AUD-001_WORKING_TREE_CONSOLIDATION_AUDIT.md [IDENTIFIER_REFERENCE; MEDIUM; line 102] | docs/audits/documentation/AUD-001_WORKING_TREE_CONSOLIDATION_AUDIT.md [IDENTIFIER_REFERENCE; MEDIUM; line 140] | docs/audits/documentation/AUD-001_WORKING_TREE_CONSOLIDATION_AUDIT.md [IDENTIFIER_REFERENCE; MEDIUM; line 142] | docs/audits/documentation/AUD-001_WORKING_TREE_CONSOLIDATION_AUDIT.md [IDENTIFIER_REFERENCE; MEDIUM; line 150] | docs/audits/documentation/AUD-001_WORKING_TREE_CONSOLIDATION_AUDIT.md [IDENTIFIER_REFERENCE; MEDIUM; line 154] | docs/audits/documentation/AUD-001_WORKING_TREE_CONSOLIDATION_AUDIT.md [IDENTIFIER_REFERENCE; MEDIUM; line 180] | docs/audits/documentation/AUD-001_WORKING_TREE_CONSOLIDATION_AUDIT.md [IDENTIFIER_REFERENCE; MEDIUM; line 186] | docs/audits/documentation/AUD-001_WORKING_TREE_CONSOLIDATION_AUDIT.md [IDENTIFIER_REFERENCE; MEDIUM; line 198] | docs/audits/documentation/AUD-001_WORKING_TREE_CONSOLIDATION_AUDIT.md [IDENTIFIER_REFERENCE; MEDIUM; line 209] | docs/audits/documentation/AUD-001_WORKING_TREE_CONSOLIDATION_AUDIT.md [IDENTIFIER_REFERENCE; MEDIUM; line 42] | docs/audits/documentation/AUD-001_WORKING_TREE_CONSOLIDATION_AUDIT.md [IDENTIFIER_REFERENCE; MEDIUM; line 86] | docs/audits/documentation/AUD-001_WORKING_TREE_CONSOLIDATION_AUDIT.md [PATH_REFERENCE; HIGH; line 86] | docs/audits/documentation/AUD-002_AUD-001_EVIDENCE_INCORPORATION.md [IDENTIFIER_REFERENCE; MEDIUM; line 105] | docs/audits/documentation/AUD-002_AUD-001_EVIDENCE_INCORPORATION.md [IDENTIFIER_REFERENCE; MEDIUM; line 24] | docs/audits/documentation/AUD-003_OPS-004_TEXTUAL_INTEGRITY_ASSESSMENT.md [IDENTIFIER_REFERENCE; MEDIUM; line 112] | docs/audits/documentation/AUD-003_OPS-004_TEXTUAL_INTEGRITY_ASSESSMENT.md [IDENTIFIER_REFERENCE; MEDIUM; line 115] | docs/audits/documentation/AUD-003_OPS-004_TEXTUAL_INTEGRITY_ASSESSMENT.md [IDENTIFIER_REFERENCE; MEDIUM; line 131] | docs/audits/documentation/AUD-003_OPS-004_TEXTUAL_INTEGRITY_ASSESSMENT.md [IDENTIFIER_REFERENCE; MEDIUM; line 137] | docs/audits/documentation/AUD-003_OPS-004_TEXTUAL_INTEGRITY_ASSESSMENT.md [IDENTIFIER_REFERENCE; MEDIUM; line 141] | docs/audits/documentation/AUD-003_OPS-004_TEXTUAL_INTEGRITY_ASSESSMENT.md [IDENTIFIER_REFERENCE; MEDIUM; line 14] | docs/audits/documentation/AUD-003_OPS-004_TEXTUAL_INTEGRITY_ASSESSMENT.md [IDENTIFIER_REFERENCE; MEDIUM; line 16] | docs/audits/documentation/AUD-003_OPS-004_TEXTUAL_INTEGRITY_ASSESSMENT.md [IDENTIFIER_REFERENCE; MEDIUM; line 18] | docs/audits/documentation/AUD-003_OPS-004_TEXTUAL_INTEGRITY_ASSESSMENT.md [IDENTIFIER_REFERENCE; MEDIUM; line 1] | docs/audits/documentation/AUD-003_OPS-004_TEXTUAL_INTEGRITY_ASSESSMENT.md [IDENTIFIER_REFERENCE; MEDIUM; line 4] | docs/audits/documentation/AUD-003_OPS-004_TEXTUAL_INTEGRITY_ASSESSMENT.md [IDENTIFIER_REFERENCE; MEDIUM; line 57] | docs/audits/documentation/AUD-003_OPS-004_TEXTUAL_INTEGRITY_ASSESSMENT.md [IDENTIFIER_REFERENCE; MEDIUM; line 60] | docs/audits/documentation/AUD-003_OPS-004_TEXTUAL_INTEGRITY_ASSESSMENT.md [IDENTIFIER_REFERENCE; MEDIUM; line 61] | docs/audits/documentation/AUD-003_OPS-004_TEXTUAL_INTEGRITY_ASSESSMENT.md [IDENTIFIER_REFERENCE; MEDIUM; line 62] | docs/audits/documentation/AUD-003_OPS-004_TEXTUAL_INTEGRITY_ASSESSMENT.md [IDENTIFIER_REFERENCE; MEDIUM; line 63] | docs/audits/documentation/AUD-003_OPS-004_TEXTUAL_INTEGRITY_ASSESSMENT.md [IDENTIFIER_REFERENCE; MEDIUM; line 64] | docs/audits/documentation/AUD-003_OPS-004_TEXTUAL_INTEGRITY_ASSESSMENT.md [IDENTIFIER_REFERENCE; MEDIUM; line 71] | docs/audits/documentation/AUD-003_OPS-004_TEXTUAL_INTEGRITY_ASSESSMENT.md [IDENTIFIER_REFERENCE; MEDIUM; line 77] | docs/audits/documentation/AUD-003_OPS-004_TEXTUAL_INTEGRITY_ASSESSMENT.md [PATH_REFERENCE; HIGH; line 4] | docs/governance/GOV-008_CYCLE_II_INSTITUTIONAL_RECONCILIATION.md [IDENTIFIER_REFERENCE; MEDIUM; line 102] | docs/governance/GOV-008_CYCLE_II_INSTITUTIONAL_RECONCILIATION.md [IDENTIFIER_REFERENCE; MEDIUM; line 103] | docs/governance/GOV-008_CYCLE_II_INSTITUTIONAL_RECONCILIATION.md [IDENTIFIER_REFERENCE; MEDIUM; line 144] | docs/governance/GOV-008_CYCLE_II_INSTITUTIONAL_RECONCILIATION.md [IDENTIFIER_REFERENCE; MEDIUM; line 146] | docs/governance/GOV-008_CYCLE_II_INSTITUTIONAL_RECONCILIATION.md [IDENTIFIER_REFERENCE; MEDIUM; line 20] | docs/governance/GOV-008_CYCLE_II_INSTITUTIONAL_RECONCILIATION.md [IDENTIFIER_REFERENCE; MEDIUM; line 256] | docs/governance/GOV-008_CYCLE_II_INSTITUTIONAL_RECONCILIATION.md [IDENTIFIER_REFERENCE; MEDIUM; line 273] | docs/governance/GOV-008_CYCLE_II_INSTITUTIONAL_RECONCILIATION.md [IDENTIFIER_REFERENCE; MEDIUM; line 294] | docs/governance/GOV-008_CYCLE_II_INSTITUTIONAL_RECONCILIATION.md [IDENTIFIER_REFERENCE; MEDIUM; line 303] | docs/governance/GOV-008_CYCLE_II_INSTITUTIONAL_RECONCILIATION.md [IDENTIFIER_REFERENCE; MEDIUM; line 326] | docs/governance/GOV-008_CYCLE_II_INSTITUTIONAL_RECONCILIATION.md [IDENTIFIER_REFERENCE; MEDIUM; line 327] | docs/governance/GOV-008_CYCLE_II_INSTITUTIONAL_RECONCILIATION.md [IDENTIFIER_REFERENCE; MEDIUM; line 328] | docs/governance/GOV-008_CYCLE_II_INSTITUTIONAL_RECONCILIATION.md [IDENTIFIER_REFERENCE; MEDIUM; line 342] | docs/governance/GOV-008_CYCLE_II_INSTITUTIONAL_RECONCILIATION.md [IDENTIFIER_REFERENCE; MEDIUM; line 351] | docs/governance/GOV-008_CYCLE_II_INSTITUTIONAL_RECONCILIATION.md [IDENTIFIER_REFERENCE; MEDIUM; line 361] | docs/governance/GOV-008_CYCLE_II_INSTITUTIONAL_RECONCILIATION.md [IDENTIFIER_REFERENCE; MEDIUM; line 363] | docs/governance/GOV-008_CYCLE_II_INSTITUTIONAL_RECONCILIATION.md [IDENTIFIER_REFERENCE; MEDIUM; line 64] | docs/governance/GOV-008_CYCLE_II_INSTITUTIONAL_RECONCILIATION.md [IDENTIFIER_REFERENCE; MEDIUM; line 74] | docs/governance/GOV-008_CYCLE_II_INSTITUTIONAL_RECONCILIATION.md [IDENTIFIER_REFERENCE; MEDIUM; line 78],371,ARCH-001_CKO_CORE_MASTER_ARCHITECTURE.md [PATH_REFERENCE; HIGH; line 66] | ARCH-001_CKO_CORE_MASTER_ARCHITECTURE_v1.1.md [PATH_REFERENCE; HIGH; line 67] | ARCH-001_CKO_CORE_MASTER_ARCHITECTURE_v1.2.md [PATH_REFERENCE; HIGH; line 68] | ARQUITETURA_ATUAL.txt [PATH_REFERENCE; HIGH; line 22] | ARQUITETURA_ATUAL.txt [PATH_REFERENCE; HIGH; line 69] | CHANGELOG.md [PATH_REFERENCE; HIGH; line 46] | CHANGELOG.md [PATH_REFERENCE; HIGH; line 55] | CHANGELOG.md [PATH_REFERENCE; HIGH; line 70] | CHANGELOG.md [PATH_REFERENCE; HIGH; line 95] | CKO_CORE_BASELINE_CONSOLIDATION_REPORT.md [PATH_REFERENCE; HIGH; line 71] | CKO_CORE_BASELINE_EXECUTION_REPORT.md [PATH_REFERENCE; HIGH; line 72] | CKO_CORE_V1_ARCHITECTURE_DECISION.md [PATH_REFERENCE; HIGH; line 73] | CKO_CORE_V1_ARCHITECTURE_MAP.md [PATH_REFERENCE; HIGH; line 74] | CKO_CORE_V1_COMPOSITION_ROOT.md [PATH_REFERENCE; HIGH; line 75] | CKO_CORE_V1_DEPENDENCY_MATRIX.md [PATH_REFERENCE; HIGH; line 76] | CKO_CORE_V1_EXCEPTION_CATALOG.md [PATH_REFERENCE; HIGH; line 77] | CKO_CORE_V1_EXCEPTION_HIERARCHY.md [PATH_REFERENCE; HIGH; line 78] | CKO_CORE_V1_GAP_ANALYSIS.md [PATH_REFERENCE; HIGH; line 79] | CKO_CORE_V1_LOGGING_EVENT_CATALOG.md [PATH_REFERENCE; HIGH; line 80] | CKO_CORE_V1_PUBLIC_API_CATALOG.md [PATH_REFERENCE; HIGH; line 81] | CKO_CORE_V1_RELEASE_CERTIFICATION.md [PATH_REFERENCE; HIGH; line 82] | CKO_CORE_V1_SEMANTIC_READINESS_REPORT.md [PATH_REFERENCE; HIGH; line 83] | CKO_CORE_V1_TEST_AND_COVERAGE_REPORT.md [PATH_REFERENCE; HIGH; line 84] | CKO_CORPUS_API.md [PATH_REFERENCE; HIGH; line 85] | CKO_CORPUS_ARCHITECTURE.md [PATH_REFERENCE; HIGH; line 86] | CKO_CORPUS_MODEL_GUIDE.md [PATH_REFERENCE; HIGH; line 87] | CKO_CORPUS_OPERATIONS.md [PATH_REFERENCE; HIGH; line 88] | CKO_CORPUS_SERIALIZATION.md [PATH_REFERENCE; HIGH; line 89] | CKO_DOCUMENT_API.md [PATH_REFERENCE; HIGH; line 90] | CKO_DOCUMENT_MODEL_ARCHITECTURE.md [PATH_REFERENCE; HIGH; line 91] | CKO_DOCUMENT_MODEL_GUIDE.md [PATH_REFERENCE; HIGH; line 92] | CODE_OF_CONDUCT.md [PATH_REFERENCE; HIGH; line 46] | CONTRIBUTING.md [PATH_REFERENCE; HIGH; line 46] | docs/adr/ADR-001_MONOLITO_MODULAR_INCREMENTAL.md [IDENTIFIER_REFERENCE; MEDIUM; line 122] | docs/adr/ADR-001_MONOLITO_MODULAR_INCREMENTAL.md [IDENTIFIER_REFERENCE; MEDIUM; line 66] | docs/adr/ADR-001_MONOLITO_MODULAR_INCREMENTAL.md [IDENTIFIER_REFERENCE; MEDIUM; line 67] | docs/adr/ADR-001_MONOLITO_MODULAR_INCREMENTAL.md [PATH_REFERENCE; HIGH; line 122] | docs/adr/ADR-002_IDENTIDADE_DOCUMENTAL.md [IDENTIFIER_REFERENCE; MEDIUM; line 123] | docs/adr/ADR-002_IDENTIDADE_DOCUMENTAL.md [IDENTIFIER_REFERENCE; MEDIUM; line 66] | docs/adr/ADR-002_IDENTIDADE_DOCUMENTAL.md [IDENTIFIER_REFERENCE; MEDIUM; line 67] | docs/adr/ADR-002_IDENTIDADE_DOCUMENTAL.md [PATH_REFERENCE; HIGH; line 123] | docs/adr/ADR-003_PRESERVACAO_DO_LEGADO.md [IDENTIFIER_REFERENCE; MEDIUM; line 124] | docs/adr/ADR-003_PRESERVACAO_DO_LEGADO.md [IDENTIFIER_REFERENCE; MEDIUM; line 66] | docs/adr/ADR-003_PRESERVACAO_DO_LEGADO.md [IDENTIFIER_REFERENCE; MEDIUM; line 67] | docs/adr/ADR-003_PRESERVACAO_DO_LEGADO.md [PATH_REFERENCE; HIGH; line 124] | docs/adr/ADR-004_BANCO_CANONICO_SEPARADO.md [IDENTIFIER_REFERENCE; MEDIUM; line 125] | docs/adr/ADR-004_BANCO_CANONICO_SEPARADO.md [IDENTIFIER_REFERENCE; MEDIUM; line 66] | docs/adr/ADR-004_BANCO_CANONICO_SEPARADO.md [IDENTIFIER_REFERENCE; MEDIUM; line 67] | docs/adr/ADR-004_BANCO_CANONICO_SEPARADO.md [PATH_REFERENCE; HIGH; line 125] | docs/architecture/CKO_CORE_ARQUITETURA_SPR005.md [PATH_REFERENCE; HIGH; line 126] | docs/architecture/CKO_CORE_BASELINE_2026-07-11.md [PATH_REFERENCE; HIGH; line 127] | docs/arquitetura/CKO-ARCH-002_ECOSYSTEM_EVOLUTION_ARCHITECTURE.md [IDENTIFIER_REFERENCE; MEDIUM; line 7] | docs/decisoes/ADR-005A-001_PERSISTENCIA_ADITIVA.md [IDENTIFIER_REFERENCE; MEDIUM; line 120] | docs/decisoes/ADR-005A-001_PERSISTENCIA_ADITIVA.md [IDENTIFIER_REFERENCE; MEDIUM; line 128] | docs/decisoes/ADR-005A-001_PERSISTENCIA_ADITIVA.md [IDENTIFIER_REFERENCE; MEDIUM; line 63] | docs/decisoes/ADR-005A-001_PERSISTENCIA_ADITIVA.md [IDENTIFIER_REFERENCE; MEDIUM; line 66] | docs/decisoes/ADR-005A-001_PERSISTENCIA_ADITIVA.md [IDENTIFIER_REFERENCE; MEDIUM; line 67] | docs/decisoes/ADR-005A-001_PERSISTENCIA_ADITIVA.md [PATH_REFERENCE; HIGH; line 120] | docs/decisoes/ADR-005A-001_PERSISTENCIA_ADITIVA.md [PATH_REFERENCE; HIGH; line 128] | docs/decisoes/ADR-005A-001_PERSISTENCIA_ADITIVA.md [PATH_REFERENCE; HIGH; line 63] | docs/governance/BASELINE_PREPARATION_REPORT.md [FILENAME_REFERENCE; MEDIUM; line 143] | docs/governance/GOV-007_REPOSITORY_CANONICAL_ORGANIZATION.md [IDENTIFIER_REFERENCE; MEDIUM; line 100] | docs/governance/GOV-007_REPOSITORY_CANONICAL_ORGANIZATION.md [IDENTIFIER_REFERENCE; MEDIUM; line 101] | docs/governance/GOV-007_REPOSITORY_CANONICAL_ORGANIZATION.md [IDENTIFIER_REFERENCE; MEDIUM; line 102] | docs/governance/GOV-007_REPOSITORY_CANONICAL_ORGANIZATION.md [IDENTIFIER_REFERENCE; MEDIUM; line 103] | docs/governance/GOV-007_REPOSITORY_CANONICAL_ORGANIZATION.md [IDENTIFIER_REFERENCE; MEDIUM; line 104] | docs/governance/GOV-007_REPOSITORY_CANONICAL_ORGANIZATION.md [IDENTIFIER_REFERENCE; MEDIUM; line 105] | docs/governance/GOV-007_REPOSITORY_CANONICAL_ORGANIZATION.md [IDENTIFIER_REFERENCE; MEDIUM; line 106] | docs/governance/GOV-007_REPOSITORY_CANONICAL_ORGANIZATION.md [IDENTIFIER_REFERENCE; MEDIUM; line 107] | docs/governance/GOV-007_REPOSITORY_CANONICAL_ORGANIZATION.md [IDENTIFIER_REFERENCE; MEDIUM; line 108] | docs/governance/GOV-007_REPOSITORY_CANONICAL_ORGANIZATION.md [IDENTIFIER_REFERENCE; MEDIUM; line 109] | docs/governance/GOV-007_REPOSITORY_CANONICAL_ORGANIZATION.md [IDENTIFIER_REFERENCE; MEDIUM; line 110] | docs/governance/GOV-007_REPOSITORY_CANONICAL_ORGANIZATION.md [IDENTIFIER_REFERENCE; MEDIUM; line 111] | docs/governance/GOV-007_REPOSITORY_CANONICAL_ORGANIZATION.md [IDENTIFIER_REFERENCE; MEDIUM; line 112] | docs/governance/GOV-007_REPOSITORY_CANONICAL_ORGANIZATION.md [IDENTIFIER_REFERENCE; MEDIUM; line 18] | docs/governance/GOV-007_REPOSITORY_CANONICAL_ORGANIZATION.md [IDENTIFIER_REFERENCE; MEDIUM; line 23] | docs/governance/GOV-007_REPOSITORY_CANONICAL_ORGANIZATION.md [IDENTIFIER_REFERENCE; MEDIUM; line 46] | docs/governance/GOV-007_REPOSITORY_CANONICAL_ORGANIZATION.md [IDENTIFIER_REFERENCE; MEDIUM; line 54] | docs/governance/GOV-007_REPOSITORY_CANONICAL_ORGANIZATION.md [IDENTIFIER_REFERENCE; MEDIUM; line 55] | docs/governance/GOV-007_REPOSITORY_CANONICAL_ORGANIZATION.md [IDENTIFIER_REFERENCE; MEDIUM; line 56] | docs/governance/GOV-007_REPOSITORY_CANONICAL_ORGANIZATION.md [IDENTIFIER_REFERENCE; MEDIUM; line 57] | docs/governance/GOV-007_REPOSITORY_CANONICAL_ORGANIZATION.md [IDENTIFIER_REFERENCE; MEDIUM; line 58] | docs/governance/GOV-007_REPOSITORY_CANONICAL_ORGANIZATION.md [IDENTIFIER_REFERENCE; MEDIUM; line 59] | docs/governance/GOV-007_REPOSITORY_CANONICAL_ORGANIZATION.md [IDENTIFIER_REFERENCE; MEDIUM; line 60] | docs/governance/GOV-007_REPOSITORY_CANONICAL_ORGANIZATION.md [IDENTIFIER_REFERENCE; MEDIUM; line 61] | docs/governance/GOV-007_REPOSITORY_CANONICAL_ORGANIZATION.md [IDENTIFIER_REFERENCE; MEDIUM; line 62] | docs/governance/GOV-007_REPOSITORY_CANONICAL_ORGANIZATION.md [IDENTIFIER_REFERENCE; MEDIUM; line 63] | docs/governance/GOV-007_REPOSITORY_CANONICAL_ORGANIZATION.md [IDENTIFIER_REFERENCE; MEDIUM; line 64] | docs/governance/GOV-007_REPOSITORY_CANONICAL_ORGANIZATION.md [IDENTIFIER_REFERENCE; MEDIUM; line 65] | docs/governance/GOV-007_REPOSITORY_CANONICAL_ORGANIZATION.md [IDENTIFIER_REFERENCE; MEDIUM; line 66] | docs/governance/GOV-007_REPOSITORY_CANONICAL_ORGANIZATION.md [IDENTIFIER_REFERENCE; MEDIUM; line 67] | docs/governance/GOV-007_REPOSITORY_CANONICAL_ORGANIZATION.md [IDENTIFIER_REFERENCE; MEDIUM; line 68] | docs/governance/GOV-007_REPOSITORY_CANONICAL_ORGANIZATION.md [IDENTIFIER_REFERENCE; MEDIUM; line 69] | docs/governance/GOV-007_REPOSITORY_CANONICAL_ORGANIZATION.md [IDENTIFIER_REFERENCE; MEDIUM; line 70] | docs/governance/GOV-007_REPOSITORY_CANONICAL_ORGANIZATION.md [IDENTIFIER_REFERENCE; MEDIUM; line 71] | docs/governance/GOV-007_REPOSITORY_CANONICAL_ORGANIZATION.md [IDENTIFIER_REFERENCE; MEDIUM; line 72] | docs/governance/GOV-007_REPOSITORY_CANONICAL_ORGANIZATION.md [IDENTIFIER_REFERENCE; MEDIUM; line 73] | docs/governance/GOV-007_REPOSITORY_CANONICAL_ORGANIZATION.md [IDENTIFIER_REFERENCE; MEDIUM; line 74] | docs/governance/GOV-007_REPOSITORY_CANONICAL_ORGANIZATION.md [IDENTIFIER_REFERENCE; MEDIUM; line 75] | docs/governance/GOV-007_REPOSITORY_CANONICAL_ORGANIZATION.md [IDENTIFIER_REFERENCE; MEDIUM; line 76] | docs/governance/GOV-007_REPOSITORY_CANONICAL_ORGANIZATION.md [IDENTIFIER_REFERENCE; MEDIUM; line 77] | docs/governance/GOV-007_REPOSITORY_CANONICAL_ORGANIZATION.md [IDENTIFIER_REFERENCE; MEDIUM; line 78] | docs/governance/GOV-007_REPOSITORY_CANONICAL_ORGANIZATION.md [IDENTIFIER_REFERENCE; MEDIUM; line 79] | docs/governance/GOV-007_REPOSITORY_CANONICAL_ORGANIZATION.md [IDENTIFIER_REFERENCE; MEDIUM; line 7] | docs/governance/GOV-007_REPOSITORY_CANONICAL_ORGANIZATION.md [IDENTIFIER_REFERENCE; MEDIUM; line 80] | docs/governance/GOV-007_REPOSITORY_CANONICAL_ORGANIZATION.md [IDENTIFIER_REFERENCE; MEDIUM; line 81] | docs/governance/GOV-007_REPOSITORY_CANONICAL_ORGANIZATION.md [IDENTIFIER_REFERENCE; MEDIUM; line 82] | docs/governance/GOV-007_REPOSITORY_CANONICAL_ORGANIZATION.md [IDENTIFIER_REFERENCE; MEDIUM; line 83] | docs/governance/GOV-007_REPOSITORY_CANONICAL_ORGANIZATION.md [IDENTIFIER_REFERENCE; MEDIUM; line 84] | docs/governance/GOV-007_REPOSITORY_CANONICAL_ORGANIZATION.md [IDENTIFIER_REFERENCE; MEDIUM; line 85] | docs/governance/GOV-007_REPOSITORY_CANONICAL_ORGANIZATION.md [IDENTIFIER_REFERENCE; MEDIUM; line 86] | docs/governance/GOV-007_REPOSITORY_CANONICAL_ORGANIZATION.md [IDENTIFIER_REFERENCE; MEDIUM; line 87] | docs/governance/GOV-007_REPOSITORY_CANONICAL_ORGANIZATION.md [IDENTIFIER_REFERENCE; MEDIUM; line 88] | docs/governance/GOV-007_REPOSITORY_CANONICAL_ORGANIZATION.md [IDENTIFIER_REFERENCE; MEDIUM; line 89] | docs/governance/GOV-007_REPOSITORY_CANONICAL_ORGANIZATION.md [IDENTIFIER_REFERENCE; MEDIUM; line 90] | docs/governance/GOV-007_REPOSITORY_CANONICAL_ORGANIZATION.md [IDENTIFIER_REFERENCE; MEDIUM; line 91] | docs/governance/GOV-007_REPOSITORY_CANONICAL_ORGANIZATION.md [IDENTIFIER_REFERENCE; MEDIUM; line 92] | docs/governance/GOV-007_REPOSITORY_CANONICAL_ORGANIZATION.md [IDENTIFIER_REFERENCE; MEDIUM; line 93] | docs/governance/GOV-007_REPOSITORY_CANONICAL_ORGANIZATION.md [IDENTIFIER_REFERENCE; MEDIUM; line 94] | docs/governance/GOV-007_REPOSITORY_CANONICAL_ORGANIZATION.md [IDENTIFIER_REFERENCE; MEDIUM; line 95] | docs/governance/GOV-007_REPOSITORY_CANONICAL_ORGANIZATION.md [IDENTIFIER_REFERENCE; MEDIUM; line 96] | docs/governance/GOV-007_REPOSITORY_CANONICAL_ORGANIZATION.md [IDENTIFIER_REFERENCE; MEDIUM; line 97] | docs/governance/GOV-007_REPOSITORY_CANONICAL_ORGANIZATION.md [IDENTIFIER_REFERENCE; MEDIUM; line 98] | docs/governance/GOV-007_REPOSITORY_CANONICAL_ORGANIZATION.md [IDENTIFIER_REFERENCE; MEDIUM; line 99] | docs/rfc/RFC-002_FEDERATED_CATALOG_PROTOCOL.md [IDENTIFIER_REFERENCE; MEDIUM; line 40] | docs/sprint/CKO-CORE-SPR-005_TERMO_DE_ABERTURA.md [PATH_REFERENCE; HIGH; line 129] | docs/sprint/CKO-CORE-SPR-006A_TERMO_DE_ABERTURA.md [PATH_REFERENCE; HIGH; line 130] | docs/sprint/CKO-SPR-005A_TERMO_OFICIAL.md [IDENTIFIER_REFERENCE; MEDIUM; line 105] | docs/sprint/CKO-SPR-005A_TERMO_OFICIAL.md [IDENTIFIER_REFERENCE; MEDIUM; line 107] | docs/sprint/CKO-SPR-005A_TERMO_OFICIAL.md [IDENTIFIER_REFERENCE; MEDIUM; line 108] | docs/sprint/CKO-SPR-005A_TERMO_OFICIAL.md [IDENTIFIER_REFERENCE; MEDIUM; line 109] | docs/sprint/CKO-SPR-005A_TERMO_OFICIAL.md [IDENTIFIER_REFERENCE; MEDIUM; line 111] | docs/sprint/CKO-SPR-005A_TERMO_OFICIAL.md [IDENTIFIER_REFERENCE; MEDIUM; line 120] | docs/sprint/CKO-SPR-005A_TERMO_OFICIAL.md [IDENTIFIER_REFERENCE; MEDIUM; line 121] | docs/sprint/CKO-SPR-005A_TERMO_OFICIAL.md [IDENTIFIER_REFERENCE; MEDIUM; line 131] | docs/sprint/CKO-SPR-005A_TERMO_OFICIAL.md [IDENTIFIER_REFERENCE; MEDIUM; line 63] | docs/sprint/CKO-SPR-005A_TERMO_OFICIAL.md [IDENTIFIER_REFERENCE; MEDIUM; line 64] | docs/sprint/CKO-SPR-005A_TERMO_OFICIAL.md [IDENTIFIER_REFERENCE; MEDIUM; line 68] | docs/sprint/CKO-SPR-005A_TERMO_OFICIAL.md [IDENTIFIER_REFERENCE; MEDIUM; line 71] | docs/sprint/CKO-SPR-005A_TERMO_OFICIAL.md [IDENTIFIER_REFERENCE; MEDIUM; line 82] | docs/sprint/CKO-SPR-005A_TERMO_OFICIAL.md [PATH_REFERENCE; HIGH; line 121] | docs/sprint/CKO-SPR-005A_TERMO_OFICIAL.md [PATH_REFERENCE; HIGH; line 131] | docs/sprint/CKO-SPR-005A_TERMO_OFICIAL.md [PATH_REFERENCE; HIGH; line 64] | docs/sprint/SPR005_REPORT.md [PATH_REFERENCE; HIGH; line 132] | docs/sprint/SPR006A_REPORT.md [PATH_REFERENCE; HIGH; line 133] | logs/cko.log [PATH_REFERENCE; HIGH; line 134] | logs/SPR004.log [PATH_REFERENCE; HIGH; line 134] | README.md [PATH_REFERENCE; HIGH; line 103] | README.md [PATH_REFERENCE; HIGH; line 110] | README.md [PATH_REFERENCE; HIGH; line 112] | README.md [PATH_REFERENCE; HIGH; line 46] | README.md [PATH_REFERENCE; HIGH; line 54] | README.md [PATH_REFERENCE; HIGH; line 57] | README.md [PATH_REFERENCE; HIGH; line 60] | README.md [PATH_REFERENCE; HIGH; line 61] | README.md [PATH_REFERENCE; HIGH; line 62] | README.md [PATH_REFERENCE; HIGH; line 65] | README.md [PATH_REFERENCE; HIGH; line 93] | README.md [PATH_REFERENCE; HIGH; line 98] | ROADMAP.md [PATH_REFERENCE; HIGH; line 46] | SECURITY.md [PATH_REFERENCE; HIGH; line 46] | SPR008A_IMPLEMENTATION_REPORT.md [IDENTIFIER_REFERENCE; MEDIUM; line 66] | SPR008A_IMPLEMENTATION_REPORT.md [IDENTIFIER_REFERENCE; MEDIUM; line 67] | SPR008A_IMPLEMENTATION_REPORT.md [IDENTIFIER_REFERENCE; MEDIUM; line 68] | SPR008A_IMPLEMENTATION_REPORT.md [IDENTIFIER_REFERENCE; MEDIUM; line 71] | SPR008B_IMPLEMENTATION_REPORT.md [IDENTIFIER_REFERENCE; MEDIUM; line 66] | SPR008B_IMPLEMENTATION_REPORT.md [IDENTIFIER_REFERENCE; MEDIUM; line 67] | SPR008B_IMPLEMENTATION_REPORT.md [IDENTIFIER_REFERENCE; MEDIUM; line 71] | SPR008C_IMPLEMENTATION_REPORT.md [IDENTIFIER_REFERENCE; MEDIUM; line 66] | SPR008C_IMPLEMENTATION_REPORT.md [IDENTIFIER_REFERENCE; MEDIUM; line 67] | SPR008C_IMPLEMENTATION_REPORT.md [IDENTIFIER_REFERENCE; MEDIUM; line 68] | SPR008C_IMPLEMENTATION_REPORT.md [IDENTIFIER_REFERENCE; MEDIUM; line 71] | SPR008D_IMPLEMENTATION_REPORT.md [IDENTIFIER_REFERENCE; MEDIUM; line 66] | SPR008D_IMPLEMENTATION_REPORT.md [IDENTIFIER_REFERENCE; MEDIUM; line 67] | SPR008D_IMPLEMENTATION_REPORT.md [IDENTIFIER_REFERENCE; MEDIUM; line 68] | SPR008D_IMPLEMENTATION_REPORT.md [IDENTIFIER_REFERENCE; MEDIUM; line 71] | SPR008E_IMPLEMENTATION_REPORT.md [IDENTIFIER_REFERENCE; MEDIUM; line 66] | SPR008E_IMPLEMENTATION_REPORT.md [IDENTIFIER_REFERENCE; MEDIUM; line 67] | SPR008E_IMPLEMENTATION_REPORT.md [IDENTIFIER_REFERENCE; MEDIUM; line 71] | SPR008F_IMPLEMENTATION_REPORT.md [IDENTIFIER_REFERENCE; MEDIUM; line 66] | SPR008F_IMPLEMENTATION_REPORT.md [IDENTIFIER_REFERENCE; MEDIUM; line 67] | SPR008F_IMPLEMENTATION_REPORT.md [IDENTIFIER_REFERENCE; MEDIUM; line 71] | SPR008G_IMPLEMENTATION_REPORT.md [IDENTIFIER_REFERENCE; MEDIUM; line 66] | SPR008G_IMPLEMENTATION_REPORT.md [IDENTIFIER_REFERENCE; MEDIUM; line 67] | SPR008G_IMPLEMENTATION_REPORT.md [IDENTIFIER_REFERENCE; MEDIUM; line 71] | SPR008H_IMPLEMENTATION_REPORT.md [IDENTIFIER_REFERENCE; MEDIUM; line 66] | SPR008H_IMPLEMENTATION_REPORT.md [IDENTIFIER_REFERENCE; MEDIUM; line 67] | SPR008H_IMPLEMENTATION_REPORT.md [IDENTIFIER_REFERENCE; MEDIUM; line 71] | SPR008I_IMPLEMENTATION_REPORT.md [IDENTIFIER_REFERENCE; MEDIUM; line 66] | SPR008I_IMPLEMENTATION_REPORT.md [IDENTIFIER_REFERENCE; MEDIUM; line 67] | SPR008I_IMPLEMENTATION_REPORT.md [IDENTIFIER_REFERENCE; MEDIUM; line 71] | SPR008J_IMPLEMENTATION_REPORT.md [IDENTIFIER_REFERENCE; MEDIUM; line 66] | SPR008J_IMPLEMENTATION_REPORT.md [IDENTIFIER_REFERENCE; MEDIUM; line 67] | SPR008J_IMPLEMENTATION_REPORT.md [IDENTIFIER_REFERENCE; MEDIUM; line 71] | SPR008J_IMPLEMENTATION_REPORT.md [IDENTIFIER_REFERENCE; MEDIUM; line 84] | SPR008K_IMPLEMENTATION_REPORT.md [IDENTIFIER_REFERENCE; MEDIUM; line 66] | SPR008K_IMPLEMENTATION_REPORT.md [IDENTIFIER_REFERENCE; MEDIUM; line 67] | SPR008K_IMPLEMENTATION_REPORT.md [IDENTIFIER_REFERENCE; MEDIUM; line 71] | SPR008L_IMPLEMENTATION_REPORT.md [IDENTIFIER_REFERENCE; MEDIUM; line 66] | SPR008L_IMPLEMENTATION_REPORT.md [IDENTIFIER_REFERENCE; MEDIUM; line 67] | SPR008L_IMPLEMENTATION_REPORT.md [IDENTIFIER_REFERENCE; MEDIUM; line 71] | SPR008M_IMPLEMENTATION_REPORT.md [IDENTIFIER_REFERENCE; MEDIUM; line 66] | SPR008M_IMPLEMENTATION_REPORT.md [IDENTIFIER_REFERENCE; MEDIUM; line 67] | SPR008M_IMPLEMENTATION_REPORT.md [IDENTIFIER_REFERENCE; MEDIUM; line 71] | SPR008N_IMPLEMENTATION_REPORT.md [IDENTIFIER_REFERENCE; MEDIUM; line 66] | SPR008N_IMPLEMENTATION_REPORT.md [IDENTIFIER_REFERENCE; MEDIUM; line 67] | SPR008N_IMPLEMENTATION_REPORT.md [IDENTIFIER_REFERENCE; MEDIUM; line 71] | SPR008O_IMPLEMENTATION_REPORT.md [IDENTIFIER_REFERENCE; MEDIUM; line 66] | SPR008O_IMPLEMENTATION_REPORT.md [IDENTIFIER_REFERENCE; MEDIUM; line 67] | SPR008O_IMPLEMENTATION_REPORT.md [IDENTIFIER_REFERENCE; MEDIUM; line 68] | SPR008O_IMPLEMENTATION_REPORT.md [IDENTIFIER_REFERENCE; MEDIUM; line 71] | SPR008P_IMPLEMENTATION_REPORT.md [IDENTIFIER_REFERENCE; MEDIUM; line 66] | SPR008P_IMPLEMENTATION_REPORT.md [IDENTIFIER_REFERENCE; MEDIUM; line 67] | SPR008P_IMPLEMENTATION_REPORT.md [IDENTIFIER_REFERENCE; MEDIUM; line 71] | SPR008P_IMPLEMENTATION_REPORT.md [IDENTIFIER_REFERENCE; MEDIUM; line 84] | SPR008Q_IMPLEMENTATION_REPORT.md [IDENTIFIER_REFERENCE; MEDIUM; line 66] | SPR008Q_IMPLEMENTATION_REPORT.md [IDENTIFIER_REFERENCE; MEDIUM; line 67] | SPR008Q_IMPLEMENTATION_REPORT.md [IDENTIFIER_REFERENCE; MEDIUM; line 71] | SPR008Q_IMPLEMENTATION_REPORT.md [IDENTIFIER_REFERENCE; MEDIUM; line 72] | SPR008Q_IMPLEMENTATION_REPORT.md [IDENTIFIER_REFERENCE; MEDIUM; line 84] | SPR008R_IMPLEMENTATION_REPORT.md [IDENTIFIER_REFERENCE; MEDIUM; line 66] | SPR008R_IMPLEMENTATION_REPORT.md [IDENTIFIER_REFERENCE; MEDIUM; line 67] | SPR008R_IMPLEMENTATION_REPORT.md [IDENTIFIER_REFERENCE; MEDIUM; line 68] | SPR008R_IMPLEMENTATION_REPORT.md [IDENTIFIER_REFERENCE; MEDIUM; line 71] | SPR008S_IMPLEMENTATION_REPORT.md [IDENTIFIER_REFERENCE; MEDIUM; line 67] | SPR008S_IMPLEMENTATION_REPORT.md [IDENTIFIER_REFERENCE; MEDIUM; line 71] | SPR008T_IMPLEMENTATION_REPORT.md [IDENTIFIER_REFERENCE; MEDIUM; line 67] | SPR008T_IMPLEMENTATION_REPORT.md [IDENTIFIER_REFERENCE; MEDIUM; line 68] | SPR008T_IMPLEMENTATION_REPORT.md [IDENTIFIER_REFERENCE; MEDIUM; line 71] | SPR008T_IMPLEMENTATION_REPORT.md [IDENTIFIER_REFERENCE; MEDIUM; line 84] | SPR008U_IMPLEMENTATION_REPORT.md [IDENTIFIER_REFERENCE; MEDIUM; line 71] | SPR008U_IMPLEMENTATION_REPORT.md [IDENTIFIER_REFERENCE; MEDIUM; line 84] | SPR008V_IMPLEMENTATION_REPORT.md [IDENTIFIER_REFERENCE; MEDIUM; line 68] | SPR008V_IMPLEMENTATION_REPORT.md [IDENTIFIER_REFERENCE; MEDIUM; line 71] | SPR008V_IMPLEMENTATION_REPORT.md [IDENTIFIER_REFERENCE; MEDIUM; line 84] | SPR008W_IMPLEMENTATION_REPORT.md [IDENTIFIER_REFERENCE; MEDIUM; line 71] | SPR009A_IMPLEMENTATION_REPORT.md [IDENTIFIER_REFERENCE; MEDIUM; line 68] | SPR009A_IMPLEMENTATION_REPORT.md [IDENTIFIER_REFERENCE; MEDIUM; line 70] | SPR009A_IMPLEMENTATION_REPORT.md [IDENTIFIER_REFERENCE; MEDIUM; line 71] | SPR009A_IMPLEMENTATION_REPORT.md [IDENTIFIER_REFERENCE; MEDIUM; line 72] | SPR009A_IMPLEMENTATION_REPORT.md [IDENTIFIER_REFERENCE; MEDIUM; line 75] | SPR009A_IMPLEMENTATION_REPORT.md [IDENTIFIER_REFERENCE; MEDIUM; line 78] | SPR009A_IMPLEMENTATION_REPORT.md [IDENTIFIER_REFERENCE; MEDIUM; line 82] | SPR010_IMPLEMENTATION_REPORT.md [IDENTIFIER_REFERENCE; MEDIUM; line 68] | SPR010_IMPLEMENTATION_REPORT.md [IDENTIFIER_REFERENCE; MEDIUM; line 70] | SPR010_IMPLEMENTATION_REPORT.md [IDENTIFIER_REFERENCE; MEDIUM; line 71] | SPR010_IMPLEMENTATION_REPORT.md [IDENTIFIER_REFERENCE; MEDIUM; line 72] | SPR010_IMPLEMENTATION_REPORT.md [IDENTIFIER_REFERENCE; MEDIUM; line 74] | SPR010_IMPLEMENTATION_REPORT.md [IDENTIFIER_REFERENCE; MEDIUM; line 81] | SPR010_IMPLEMENTATION_REPORT.md [IDENTIFIER_REFERENCE; MEDIUM; line 85] | SPR010_IMPLEMENTATION_REPORT.md [IDENTIFIER_REFERENCE; MEDIUM; line 86] | SPR011_IMPLEMENTATION_REPORT.md [IDENTIFIER_REFERENCE; MEDIUM; line 71] | SPR011_IMPLEMENTATION_REPORT.md [IDENTIFIER_REFERENCE; MEDIUM; line 72] | SPR011_IMPLEMENTATION_REPORT.md [IDENTIFIER_REFERENCE; MEDIUM; line 86] | SPR012_IMPLEMENTATION_REPORT.md [IDENTIFIER_REFERENCE; MEDIUM; line 71] | SPR012_IMPLEMENTATION_REPORT.md [IDENTIFIER_REFERENCE; MEDIUM; line 72] | SPR012_IMPLEMENTATION_REPORT.md [IDENTIFIER_REFERENCE; MEDIUM; line 86] | SPR013_IMPLEMENTATION_REPORT.md [IDENTIFIER_REFERENCE; MEDIUM; line 71] | SPR013_IMPLEMENTATION_REPORT.md [IDENTIFIER_REFERENCE; MEDIUM; line 72] | SPR013_IMPLEMENTATION_REPORT.md [IDENTIFIER_REFERENCE; MEDIUM; line 86] | SPR014_IMPLEMENTATION_REPORT.md [IDENTIFIER_REFERENCE; MEDIUM; line 71] | SPR014_IMPLEMENTATION_REPORT.md [IDENTIFIER_REFERENCE; MEDIUM; line 72] | SPR014_IMPLEMENTATION_REPORT.md [IDENTIFIER_REFERENCE; MEDIUM; line 86] | SPR015_IMPLEMENTATION_REPORT.md [IDENTIFIER_REFERENCE; MEDIUM; line 71] | SPR015_IMPLEMENTATION_REPORT.md [IDENTIFIER_REFERENCE; MEDIUM; line 72] | SPR015_IMPLEMENTATION_REPORT.md [IDENTIFIER_REFERENCE; MEDIUM; line 86],138,286,MEDIUM_REFERENCE_RISK,HIGH,YES,"Confirmed HIGH/MEDIUM references recorded in AUD-004 reference matrix. HOLD preserved; retention, authority, and disposition remain for human review."
INV-0090,docs/rfc/RFC-002_FEDERATED_CATALOG_PROTOCOL.md,KEEP,YES,docs/audits/documentation/AUD-001_WORKING_TREE_CONSOLIDATION_AUDIT.md [IDENTIFIER_REFERENCE; MEDIUM; line 102] | docs/audits/documentation/AUD-001_WORKING_TREE_CONSOLIDATION_AUDIT.md [IDENTIFIER_REFERENCE; MEDIUM; line 120] | docs/audits/documentation/AUD-001_WORKING_TREE_CONSOLIDATION_AUDIT.md [IDENTIFIER_REFERENCE; MEDIUM; line 122] | docs/audits/documentation/AUD-001_WORKING_TREE_CONSOLIDATION_AUDIT.md [IDENTIFIER_REFERENCE; MEDIUM; line 126] | docs/audits/documentation/AUD-001_WORKING_TREE_CONSOLIDATION_AUDIT.md [IDENTIFIER_REFERENCE; MEDIUM; line 178] | docs/audits/documentation/AUD-001_WORKING_TREE_CONSOLIDATION_AUDIT.md [IDENTIFIER_REFERENCE; MEDIUM; line 186] | docs/audits/documentation/AUD-001_WORKING_TREE_CONSOLIDATION_AUDIT.md [IDENTIFIER_REFERENCE; MEDIUM; line 198] | docs/audits/documentation/AUD-001_WORKING_TREE_CONSOLIDATION_AUDIT.md [IDENTIFIER_REFERENCE; MEDIUM; line 87] | docs/audits/documentation/AUD-001_WORKING_TREE_CONSOLIDATION_AUDIT.md [PATH_REFERENCE; HIGH; line 87] | docs/audits/documentation/AUD-002_AUD-001_EVIDENCE_INCORPORATION.md [IDENTIFIER_REFERENCE; MEDIUM; line 103] | docs/audits/documentation/AUD-002_AUD-001_EVIDENCE_INCORPORATION.md [IDENTIFIER_REFERENCE; MEDIUM; line 24] | docs/governance/GOV-006_PROJECT_DOSSIER.md [IDENTIFIER_REFERENCE; MEDIUM; line 142] | docs/governance/GOV-006_PROJECT_DOSSIER.md [IDENTIFIER_REFERENCE; MEDIUM; line 215] | docs/governance/GOV-006_PROJECT_DOSSIER.md [IDENTIFIER_REFERENCE; MEDIUM; line 305] | docs/governance/GOV-006_PROJECT_DOSSIER.md [IDENTIFIER_REFERENCE; MEDIUM; line 383] | docs/governance/GOV-006_PROJECT_DOSSIER.md [IDENTIFIER_REFERENCE; MEDIUM; line 386] | docs/governance/GOV-006_PROJECT_DOSSIER.md [IDENTIFIER_REFERENCE; MEDIUM; line 48] | docs/governance/GOV-006_PROJECT_DOSSIER.md [IDENTIFIER_REFERENCE; MEDIUM; line 603] | docs/governance/GOV-006_PROJECT_DOSSIER.md [IDENTIFIER_REFERENCE; MEDIUM; line 606] | docs/governance/GOV-006_PROJECT_DOSSIER.md [IDENTIFIER_REFERENCE; MEDIUM; line 618] | docs/governance/GOV-006_PROJECT_DOSSIER.md [IDENTIFIER_REFERENCE; MEDIUM; line 680] | docs/governance/GOV-006_PROJECT_DOSSIER.md [IDENTIFIER_REFERENCE; MEDIUM; line 719] | docs/governance/GOV-006_PROJECT_DOSSIER.md [IDENTIFIER_REFERENCE; MEDIUM; line 762] | docs/governance/GOV-006_PROJECT_DOSSIER.md [IDENTIFIER_REFERENCE; MEDIUM; line 811] | docs/governance/GOV-006_PROJECT_DOSSIER.md [PATH_REFERENCE; HIGH; line 719] | docs/governance/GOV-007_REPOSITORY_CANONICAL_ORGANIZATION.md [FILENAME_REFERENCE; MEDIUM; line 414] | docs/governance/GOV-007_REPOSITORY_CANONICAL_ORGANIZATION.md [IDENTIFIER_REFERENCE; MEDIUM; line 414] | docs/governance/GOV-008_CYCLE_II_INSTITUTIONAL_RECONCILIATION.md [IDENTIFIER_REFERENCE; MEDIUM; line 124] | docs/governance/GOV-008_CYCLE_II_INSTITUTIONAL_RECONCILIATION.md [IDENTIFIER_REFERENCE; MEDIUM; line 126] | docs/governance/GOV-008_CYCLE_II_INSTITUTIONAL_RECONCILIATION.md [IDENTIFIER_REFERENCE; MEDIUM; line 130] | docs/governance/GOV-008_CYCLE_II_INSTITUTIONAL_RECONCILIATION.md [IDENTIFIER_REFERENCE; MEDIUM; line 172] | docs/governance/GOV-008_CYCLE_II_INSTITUTIONAL_RECONCILIATION.md [IDENTIFIER_REFERENCE; MEDIUM; line 196] | docs/governance/GOV-008_CYCLE_II_INSTITUTIONAL_RECONCILIATION.md [IDENTIFIER_REFERENCE; MEDIUM; line 285] | docs/governance/GOV-008_CYCLE_II_INSTITUTIONAL_RECONCILIATION.md [IDENTIFIER_REFERENCE; MEDIUM; line 31] | docs/governance/GOV-008_CYCLE_II_INSTITUTIONAL_RECONCILIATION.md [IDENTIFIER_REFERENCE; MEDIUM; line 322] | docs/governance/GOV-008_CYCLE_II_INSTITUTIONAL_RECONCILIATION.md [IDENTIFIER_REFERENCE; MEDIUM; line 340] | docs/governance/GOV-008_CYCLE_II_INSTITUTIONAL_RECONCILIATION.md [IDENTIFIER_REFERENCE; MEDIUM; line 352] | docs/governance/GOV-008_CYCLE_II_INSTITUTIONAL_RECONCILIATION.md [IDENTIFIER_REFERENCE; MEDIUM; line 361] | docs/governance/GOV-008_CYCLE_II_INSTITUTIONAL_RECONCILIATION.md [IDENTIFIER_REFERENCE; MEDIUM; line 363] | docs/governance/GOV-008_CYCLE_II_INSTITUTIONAL_RECONCILIATION.md [IDENTIFIER_REFERENCE; MEDIUM; line 367] | docs/governance/GOV-008_CYCLE_II_INSTITUTIONAL_RECONCILIATION.md [IDENTIFIER_REFERENCE; MEDIUM; line 63] | docs/governance/GOV-008_CYCLE_II_INSTITUTIONAL_RECONCILIATION.md [IDENTIFIER_REFERENCE; MEDIUM; line 74] | docs/governance/GOV-008_CYCLE_II_INSTITUTIONAL_RECONCILIATION.md [IDENTIFIER_REFERENCE; MEDIUM; line 82] | docs/governance/GOV-008_CYCLE_II_INSTITUTIONAL_RECONCILIATION.md [IDENTIFIER_REFERENCE; MEDIUM; line 97] | docs/governance/GOV-008_CYCLE_II_INSTITUTIONAL_RECONCILIATION.md [IDENTIFIER_REFERENCE; MEDIUM; line 98] | docs/governance/GOV-008_CYCLE_II_INSTITUTIONAL_RECONCILIATION.md [IDENTIFIER_REFERENCE; MEDIUM; line 99] | docs/governance/OPS-004_REPOSITORY_CANONICAL_MIGRATION_PLAN.md [IDENTIFIER_REFERENCE; MEDIUM; line 40] | docs/sprints/SPR-018_TERMO_DE_ABERTURA.md [IDENTIFIER_REFERENCE; MEDIUM; line 11] | docs/sprints/SPR-018_TERMO_DE_ABERTURA.md [IDENTIFIER_REFERENCE; MEDIUM; line 131] | docs/sprints/SPR-018_TERMO_DE_ABERTURA.md [IDENTIFIER_REFERENCE; MEDIUM; line 172] | docs/sprints/SPR-018_TERMO_DE_ABERTURA.md [IDENTIFIER_REFERENCE; MEDIUM; line 196] | docs/sprints/SPR-018_TERMO_DE_ABERTURA.md [IDENTIFIER_REFERENCE; MEDIUM; line 239] | docs/sprints/SPR-018_TERMO_DE_ABERTURA.md [IDENTIFIER_REFERENCE; MEDIUM; line 246] | docs/sprints/SPR-018_TERMO_DE_ABERTURA.md [IDENTIFIER_REFERENCE; MEDIUM; line 263] | docs/sprints/SPR-018_TERMO_DE_ABERTURA.md [IDENTIFIER_REFERENCE; MEDIUM; line 283] | docs/sprints/SPR-018_TERMO_DE_ABERTURA.md [IDENTIFIER_REFERENCE; MEDIUM; line 305] | docs/sprints/SPR-018_TERMO_DE_ABERTURA.md [IDENTIFIER_REFERENCE; MEDIUM; line 330] | docs/sprints/SPR-018_TERMO_DE_ABERTURA.md [IDENTIFIER_REFERENCE; MEDIUM; line 342] | docs/sprints/SPR-018_TERMO_DE_ABERTURA.md [IDENTIFIER_REFERENCE; MEDIUM; line 376] | docs/sprints/SPR-018_TERMO_DE_ABERTURA.md [IDENTIFIER_REFERENCE; MEDIUM; line 567] | docs/sprints/SPR-018_TERMO_DE_ABERTURA.md [IDENTIFIER_REFERENCE; MEDIUM; line 571] | docs/sprints/SPR-018_TERMO_DE_ABERTURA.md [IDENTIFIER_REFERENCE; MEDIUM; line 573] | docs/sprints/SPR-018_TERMO_DE_ABERTURA.md [IDENTIFIER_REFERENCE; MEDIUM; line 577] | docs/sprints/SPR-018_TERMO_DE_ABERTURA.md [IDENTIFIER_REFERENCE; MEDIUM; line 587] | docs/sprints/SPR-018_TERMO_DE_ABERTURA.md [IDENTIFIER_REFERENCE; MEDIUM; line 589] | docs/sprints/SPR-018_TERMO_DE_ABERTURA.md [IDENTIFIER_REFERENCE; MEDIUM; line 600] | docs/sprints/SPR-018_TERMO_DE_ABERTURA.md [IDENTIFIER_REFERENCE; MEDIUM; line 622] | docs/sprints/SPR-018_TERMO_DE_ABERTURA.md [IDENTIFIER_REFERENCE; MEDIUM; line 64] | docs/sprints/SPR-018_TERMO_DE_ABERTURA.md [IDENTIFIER_REFERENCE; MEDIUM; line 86] | docs/sprints/SPR-018_TERMO_DE_ABERTURA.md [IDENTIFIER_REFERENCE; MEDIUM; line 92] | docs/sprints/SPR-018_TERMO_DE_ABERTURA.md [PATH_REFERENCE; HIGH; line 196] | GOV-005_PROJECT_EFFORT_AUDIT.md [IDENTIFIER_REFERENCE; MEDIUM; line 171] | GOV-005_PROJECT_EFFORT_AUDIT.md [IDENTIFIER_REFERENCE; MEDIUM; line 297] | GOV-005_PROJECT_EFFORT_AUDIT.md [IDENTIFIER_REFERENCE; MEDIUM; line 418] | GOV-005_PROJECT_EFFORT_AUDIT.md [IDENTIFIER_REFERENCE; MEDIUM; line 518],YES,DOCUMENTARY_DEPENDENCY,77,docs/audits/documentation/AUD-001_WORKING_TREE_CONSOLIDATION_AUDIT.md [IDENTIFIER_REFERENCE; MEDIUM; line 102] | docs/audits/documentation/AUD-001_WORKING_TREE_CONSOLIDATION_AUDIT.md [IDENTIFIER_REFERENCE; MEDIUM; line 120] | docs/audits/documentation/AUD-001_WORKING_TREE_CONSOLIDATION_AUDIT.md [IDENTIFIER_REFERENCE; MEDIUM; line 122] | docs/audits/documentation/AUD-001_WORKING_TREE_CONSOLIDATION_AUDIT.md [IDENTIFIER_REFERENCE; MEDIUM; line 126] | docs/audits/documentation/AUD-001_WORKING_TREE_CONSOLIDATION_AUDIT.md [IDENTIFIER_REFERENCE; MEDIUM; line 178] | docs/audits/documentation/AUD-001_WORKING_TREE_CONSOLIDATION_AUDIT.md [IDENTIFIER_REFERENCE; MEDIUM; line 186] | docs/audits/documentation/AUD-001_WORKING_TREE_CONSOLIDATION_AUDIT.md [IDENTIFIER_REFERENCE; MEDIUM; line 198] | docs/audits/documentation/AUD-001_WORKING_TREE_CONSOLIDATION_AUDIT.md [IDENTIFIER_REFERENCE; MEDIUM; line 87] | docs/audits/documentation/AUD-001_WORKING_TREE_CONSOLIDATION_AUDIT.md [PATH_REFERENCE; HIGH; line 87] | docs/audits/documentation/AUD-002_AUD-001_EVIDENCE_INCORPORATION.md [IDENTIFIER_REFERENCE; MEDIUM; line 103] | docs/audits/documentation/AUD-002_AUD-001_EVIDENCE_INCORPORATION.md [IDENTIFIER_REFERENCE; MEDIUM; line 24] | docs/governance/GOV-006_PROJECT_DOSSIER.md [IDENTIFIER_REFERENCE; MEDIUM; line 142] | docs/governance/GOV-006_PROJECT_DOSSIER.md [IDENTIFIER_REFERENCE; MEDIUM; line 215] | docs/governance/GOV-006_PROJECT_DOSSIER.md [IDENTIFIER_REFERENCE; MEDIUM; line 305] | docs/governance/GOV-006_PROJECT_DOSSIER.md [IDENTIFIER_REFERENCE; MEDIUM; line 383] | docs/governance/GOV-006_PROJECT_DOSSIER.md [IDENTIFIER_REFERENCE; MEDIUM; line 386] | docs/governance/GOV-006_PROJECT_DOSSIER.md [IDENTIFIER_REFERENCE; MEDIUM; line 48] | docs/governance/GOV-006_PROJECT_DOSSIER.md [IDENTIFIER_REFERENCE; MEDIUM; line 603] | docs/governance/GOV-006_PROJECT_DOSSIER.md [IDENTIFIER_REFERENCE; MEDIUM; line 606] | docs/governance/GOV-006_PROJECT_DOSSIER.md [IDENTIFIER_REFERENCE; MEDIUM; line 618] | docs/governance/GOV-006_PROJECT_DOSSIER.md [IDENTIFIER_REFERENCE; MEDIUM; line 680] | docs/governance/GOV-006_PROJECT_DOSSIER.md [IDENTIFIER_REFERENCE; MEDIUM; line 719] | docs/governance/GOV-006_PROJECT_DOSSIER.md [IDENTIFIER_REFERENCE; MEDIUM; line 762] | docs/governance/GOV-006_PROJECT_DOSSIER.md [IDENTIFIER_REFERENCE; MEDIUM; line 811] | docs/governance/GOV-006_PROJECT_DOSSIER.md [PATH_REFERENCE; HIGH; line 719] | docs/governance/GOV-007_REPOSITORY_CANONICAL_ORGANIZATION.md [FILENAME_REFERENCE; MEDIUM; line 414] | docs/governance/GOV-007_REPOSITORY_CANONICAL_ORGANIZATION.md [IDENTIFIER_REFERENCE; MEDIUM; line 414] | docs/governance/GOV-008_CYCLE_II_INSTITUTIONAL_RECONCILIATION.md [IDENTIFIER_REFERENCE; MEDIUM; line 124] | docs/governance/GOV-008_CYCLE_II_INSTITUTIONAL_RECONCILIATION.md [IDENTIFIER_REFERENCE; MEDIUM; line 126] | docs/governance/GOV-008_CYCLE_II_INSTITUTIONAL_RECONCILIATION.md [IDENTIFIER_REFERENCE; MEDIUM; line 130] | docs/governance/GOV-008_CYCLE_II_INSTITUTIONAL_RECONCILIATION.md [IDENTIFIER_REFERENCE; MEDIUM; line 172] | docs/governance/GOV-008_CYCLE_II_INSTITUTIONAL_RECONCILIATION.md [IDENTIFIER_REFERENCE; MEDIUM; line 196] | docs/governance/GOV-008_CYCLE_II_INSTITUTIONAL_RECONCILIATION.md [IDENTIFIER_REFERENCE; MEDIUM; line 285] | docs/governance/GOV-008_CYCLE_II_INSTITUTIONAL_RECONCILIATION.md [IDENTIFIER_REFERENCE; MEDIUM; line 31] | docs/governance/GOV-008_CYCLE_II_INSTITUTIONAL_RECONCILIATION.md [IDENTIFIER_REFERENCE; MEDIUM; line 322] | docs/governance/GOV-008_CYCLE_II_INSTITUTIONAL_RECONCILIATION.md [IDENTIFIER_REFERENCE; MEDIUM; line 340] | docs/governance/GOV-008_CYCLE_II_INSTITUTIONAL_RECONCILIATION.md [IDENTIFIER_REFERENCE; MEDIUM; line 352] | docs/governance/GOV-008_CYCLE_II_INSTITUTIONAL_RECONCILIATION.md [IDENTIFIER_REFERENCE; MEDIUM; line 361] | docs/governance/GOV-008_CYCLE_II_INSTITUTIONAL_RECONCILIATION.md [IDENTIFIER_REFERENCE; MEDIUM; line 363] | docs/governance/GOV-008_CYCLE_II_INSTITUTIONAL_RECONCILIATION.md [IDENTIFIER_REFERENCE; MEDIUM; line 367] | docs/governance/GOV-008_CYCLE_II_INSTITUTIONAL_RECONCILIATION.md [IDENTIFIER_REFERENCE; MEDIUM; line 63] | docs/governance/GOV-008_CYCLE_II_INSTITUTIONAL_RECONCILIATION.md [IDENTIFIER_REFERENCE; MEDIUM; line 74] | docs/governance/GOV-008_CYCLE_II_INSTITUTIONAL_RECONCILIATION.md [IDENTIFIER_REFERENCE; MEDIUM; line 82] | docs/governance/GOV-008_CYCLE_II_INSTITUTIONAL_RECONCILIATION.md [IDENTIFIER_REFERENCE; MEDIUM; line 97] | docs/governance/GOV-008_CYCLE_II_INSTITUTIONAL_RECONCILIATION.md [IDENTIFIER_REFERENCE; MEDIUM; line 98] | docs/governance/GOV-008_CYCLE_II_INSTITUTIONAL_RECONCILIATION.md [IDENTIFIER_REFERENCE; MEDIUM; line 99] | docs/governance/OPS-004_REPOSITORY_CANONICAL_MIGRATION_PLAN.md [IDENTIFIER_REFERENCE; MEDIUM; line 40] | docs/sprints/SPR-018_TERMO_DE_ABERTURA.md [IDENTIFIER_REFERENCE; MEDIUM; line 11] | docs/sprints/SPR-018_TERMO_DE_ABERTURA.md [IDENTIFIER_REFERENCE; MEDIUM; line 131] | docs/sprints/SPR-018_TERMO_DE_ABERTURA.md [IDENTIFIER_REFERENCE; MEDIUM; line 172] | docs/sprints/SPR-018_TERMO_DE_ABERTURA.md [IDENTIFIER_REFERENCE; MEDIUM; line 196] | docs/sprints/SPR-018_TERMO_DE_ABERTURA.md [IDENTIFIER_REFERENCE; MEDIUM; line 239] | docs/sprints/SPR-018_TERMO_DE_ABERTURA.md [IDENTIFIER_REFERENCE; MEDIUM; line 246] | docs/sprints/SPR-018_TERMO_DE_ABERTURA.md [IDENTIFIER_REFERENCE; MEDIUM; line 263] | docs/sprints/SPR-018_TERMO_DE_ABERTURA.md [IDENTIFIER_REFERENCE; MEDIUM; line 283] | docs/sprints/SPR-018_TERMO_DE_ABERTURA.md [IDENTIFIER_REFERENCE; MEDIUM; line 305] | docs/sprints/SPR-018_TERMO_DE_ABERTURA.md [IDENTIFIER_REFERENCE; MEDIUM; line 330] | docs/sprints/SPR-018_TERMO_DE_ABERTURA.md [IDENTIFIER_REFERENCE; MEDIUM; line 342] | docs/sprints/SPR-018_TERMO_DE_ABERTURA.md [IDENTIFIER_REFERENCE; MEDIUM; line 376] | docs/sprints/SPR-018_TERMO_DE_ABERTURA.md [IDENTIFIER_REFERENCE; MEDIUM; line 567] | docs/sprints/SPR-018_TERMO_DE_ABERTURA.md [IDENTIFIER_REFERENCE; MEDIUM; line 571] | docs/sprints/SPR-018_TERMO_DE_ABERTURA.md [IDENTIFIER_REFERENCE; MEDIUM; line 573] | docs/sprints/SPR-018_TERMO_DE_ABERTURA.md [IDENTIFIER_REFERENCE; MEDIUM; line 577] | docs/sprints/SPR-018_TERMO_DE_ABERTURA.md [IDENTIFIER_REFERENCE; MEDIUM; line 587] | docs/sprints/SPR-018_TERMO_DE_ABERTURA.md [IDENTIFIER_REFERENCE; MEDIUM; line 589] | docs/sprints/SPR-018_TERMO_DE_ABERTURA.md [IDENTIFIER_REFERENCE; MEDIUM; line 600] | docs/sprints/SPR-018_TERMO_DE_ABERTURA.md [IDENTIFIER_REFERENCE; MEDIUM; line 622] | docs/sprints/SPR-018_TERMO_DE_ABERTURA.md [IDENTIFIER_REFERENCE; MEDIUM; line 64] | docs/sprints/SPR-018_TERMO_DE_ABERTURA.md [IDENTIFIER_REFERENCE; MEDIUM; line 86] | docs/sprints/SPR-018_TERMO_DE_ABERTURA.md [IDENTIFIER_REFERENCE; MEDIUM; line 92] | docs/sprints/SPR-018_TERMO_DE_ABERTURA.md [PATH_REFERENCE; HIGH; line 196] | GOV-005_PROJECT_EFFORT_AUDIT.md [IDENTIFIER_REFERENCE; MEDIUM; line 171] | GOV-005_PROJECT_EFFORT_AUDIT.md [IDENTIFIER_REFERENCE; MEDIUM; line 297] | GOV-005_PROJECT_EFFORT_AUDIT.md [IDENTIFIER_REFERENCE; MEDIUM; line 418] | GOV-005_PROJECT_EFFORT_AUDIT.md [IDENTIFIER_REFERENCE; MEDIUM; line 518],33,ARCH-001_CKO_CORE_MASTER_ARCHITECTURE.md [PATH_REFERENCE; HIGH; line 764] | docs/adr/ADR-006_FEDERATED_CATALOG_AUTHORITY.md [FILENAME_REFERENCE; MEDIUM; line 759] | docs/adr/ADR-006_FEDERATED_CATALOG_AUTHORITY.md [IDENTIFIER_REFERENCE; MEDIUM; line 19] | docs/adr/ADR-006_FEDERATED_CATALOG_AUTHORITY.md [IDENTIFIER_REFERENCE; MEDIUM; line 54] | docs/adr/ADR-006_FEDERATED_CATALOG_AUTHORITY.md [IDENTIFIER_REFERENCE; MEDIUM; line 612] | docs/adr/ADR-006_FEDERATED_CATALOG_AUTHORITY.md [IDENTIFIER_REFERENCE; MEDIUM; line 673] | docs/adr/ADR-006_FEDERATED_CATALOG_AUTHORITY.md [IDENTIFIER_REFERENCE; MEDIUM; line 711] | docs/adr/ADR-006_FEDERATED_CATALOG_AUTHORITY.md [IDENTIFIER_REFERENCE; MEDIUM; line 735] | docs/adr/ADR-006_FEDERATED_CATALOG_AUTHORITY.md [IDENTIFIER_REFERENCE; MEDIUM; line 759] | docs/adr/ADR-006_FEDERATED_CATALOG_AUTHORITY.md [IDENTIFIER_REFERENCE; MEDIUM; line 9] | docs/adr/INDEX.md [FILENAME_REFERENCE; MEDIUM; line 760] | docs/arquitetura/CKO-ARCH-002_ECOSYSTEM_EVOLUTION_ARCHITECTURE.md [FILENAME_REFERENCE; MEDIUM; line 762] | docs/arquitetura/CKO-ARCH-002_ECOSYSTEM_EVOLUTION_ARCHITECTURE.md [IDENTIFIER_REFERENCE; MEDIUM; line 10] | docs/arquitetura/CKO-ARCH-002_ECOSYSTEM_EVOLUTION_ARCHITECTURE.md [IDENTIFIER_REFERENCE; MEDIUM; line 612] | docs/arquitetura/CKO-ARCH-002_ECOSYSTEM_EVOLUTION_ARCHITECTURE.md [IDENTIFIER_REFERENCE; MEDIUM; line 671] | docs/arquitetura/CKO-ARCH-002_ECOSYSTEM_EVOLUTION_ARCHITECTURE.md [IDENTIFIER_REFERENCE; MEDIUM; line 736] | docs/arquitetura/CKO-ARCH-002_ECOSYSTEM_EVOLUTION_ARCHITECTURE.md [IDENTIFIER_REFERENCE; MEDIUM; line 762] | docs/governance/GOV-002_CYCLE_II_EXECUTION_PROGRAM.md [FILENAME_REFERENCE; MEDIUM; line 763] | docs/governance/GOV-002_CYCLE_II_EXECUTION_PROGRAM.md [IDENTIFIER_REFERENCE; MEDIUM; line 11] | docs/governance/GOV-002_CYCLE_II_EXECUTION_PROGRAM.md [IDENTIFIER_REFERENCE; MEDIUM; line 612] | docs/governance/GOV-002_CYCLE_II_EXECUTION_PROGRAM.md [IDENTIFIER_REFERENCE; MEDIUM; line 672] | docs/governance/GOV-002_CYCLE_II_EXECUTION_PROGRAM.md [IDENTIFIER_REFERENCE; MEDIUM; line 736] | docs/governance/GOV-002_CYCLE_II_EXECUTION_PROGRAM.md [IDENTIFIER_REFERENCE; MEDIUM; line 755] | docs/governance/GOV-002_CYCLE_II_EXECUTION_PROGRAM.md [IDENTIFIER_REFERENCE; MEDIUM; line 763] | docs/governance/GOV-003_ADR_GOVERNANCE_RECONCILIATION.md [FILENAME_REFERENCE; MEDIUM; line 761] | docs/governance/GOV-003_ADR_GOVERNANCE_RECONCILIATION.md [IDENTIFIER_REFERENCE; MEDIUM; line 612] | docs/governance/GOV-003_ADR_GOVERNANCE_RECONCILIATION.md [IDENTIFIER_REFERENCE; MEDIUM; line 673] | docs/governance/GOV-003_ADR_GOVERNANCE_RECONCILIATION.md [IDENTIFIER_REFERENCE; MEDIUM; line 736] | docs/governance/GOV-003_ADR_GOVERNANCE_RECONCILIATION.md [IDENTIFIER_REFERENCE; MEDIUM; line 761],10,100,MEDIUM_REFERENCE_RISK,HIGH,NO,Confirmed HIGH/MEDIUM references recorded in AUD-004 reference matrix.
INV-0091,docs/sprint/CKO-CORE-SPR-005_TERMO_DE_ABERTURA.md,KEEP,YES,CKO_CORE_BASELINE_CONSOLIDATION_REPORT.md [PATH_REFERENCE; HIGH; line 311] | CKO_CORE_BASELINE_EXECUTION_REPORT.md [PATH_REFERENCE; HIGH; line 113] | docs/governance/OPS-004_REPOSITORY_CANONICAL_MIGRATION_PLAN.md [PATH_REFERENCE; HIGH; line 129],YES,DOCUMENTARY_DEPENDENCY,4,CKO_CORE_BASELINE_CONSOLIDATION_REPORT.md [PATH_REFERENCE; HIGH; line 311] | CKO_CORE_BASELINE_EXECUTION_REPORT.md [PATH_REFERENCE; HIGH; line 113] | docs/governance/OPS-004_REPOSITORY_CANONICAL_MIGRATION_PLAN.md [PATH_REFERENCE; HIGH; line 129],0,NO_VERIFIED_REFERENCE,4,0,MEDIUM_REFERENCE_RISK,HIGH,NO,Confirmed HIGH/MEDIUM references recorded in AUD-004 reference matrix.
INV-0092,docs/sprint/CKO-CORE-SPR-006A_TERMO_DE_ABERTURA.md,KEEP,YES,CKO_CORE_BASELINE_CONSOLIDATION_REPORT.md [PATH_REFERENCE; HIGH; line 312] | CKO_CORE_BASELINE_EXECUTION_REPORT.md [PATH_REFERENCE; HIGH; line 114] | docs/governance/OPS-004_REPOSITORY_CANONICAL_MIGRATION_PLAN.md [PATH_REFERENCE; HIGH; line 130] | scripts/VALIDAR_SPR006A.ps1 [PATH_REFERENCE; HIGH; line 16],YES,DOCUMENTARY_DEPENDENCY | OPERATIONAL_DEPENDENCY,5,CKO_CORE_BASELINE_CONSOLIDATION_REPORT.md [PATH_REFERENCE; HIGH; line 312] | CKO_CORE_BASELINE_EXECUTION_REPORT.md [PATH_REFERENCE; HIGH; line 114] | docs/governance/OPS-004_REPOSITORY_CANONICAL_MIGRATION_PLAN.md [PATH_REFERENCE; HIGH; line 130] | scripts/VALIDAR_SPR006A.ps1 [PATH_REFERENCE; HIGH; line 16],0,NO_VERIFIED_REFERENCE,5,0,MEDIUM_REFERENCE_RISK,HIGH,NO,Confirmed HIGH/MEDIUM references recorded in AUD-004 reference matrix.
INV-0093,docs/sprint/CKO-SPR-003_TERMO_DE_ABERTURA.md,KEEP,YES,CKO_CORE_BASELINE_CONSOLIDATION_REPORT.md [PATH_REFERENCE; HIGH; line 313] | CKO_CORE_BASELINE_EXECUTION_REPORT.md [PATH_REFERENCE; HIGH; line 115],YES,DOCUMENTARY_DEPENDENCY,2,CKO_CORE_BASELINE_CONSOLIDATION_REPORT.md [PATH_REFERENCE; HIGH; line 313] | CKO_CORE_BASELINE_EXECUTION_REPORT.md [PATH_REFERENCE; HIGH; line 115],1,logs/spr003_dry_run_inventory.json [PATH_REFERENCE; HIGH; line 23],3,0,MEDIUM_REFERENCE_RISK,HIGH,NO,Confirmed HIGH/MEDIUM references recorded in AUD-004 reference matrix.
INV-0094,docs/sprint/CKO-SPR-004_TERMO_DE_ABERTURA.md,KEEP,YES,CKO_CORE_BASELINE_CONSOLIDATION_REPORT.md [PATH_REFERENCE; HIGH; line 314] | CKO_CORE_BASELINE_EXECUTION_REPORT.md [PATH_REFERENCE; HIGH; line 116],YES,DOCUMENTARY_DEPENDENCY,2,CKO_CORE_BASELINE_CONSOLIDATION_REPORT.md [PATH_REFERENCE; HIGH; line 314] | CKO_CORE_BASELINE_EXECUTION_REPORT.md [PATH_REFERENCE; HIGH; line 116],0,NO_VERIFIED_REFERENCE,2,0,MEDIUM_REFERENCE_RISK,HIGH,NO,Confirmed HIGH/MEDIUM references recorded in AUD-004 reference matrix.
INV-0095,docs/sprint/CKO-SPR-005A_TERMO_OFICIAL.md,KEEP,YES,ARCH-001_CKO_CORE_MASTER_ARCHITECTURE_v1.2.md [IDENTIFIER_REFERENCE; MEDIUM; line 540] | CKO_CORE_BASELINE_CONSOLIDATION_REPORT.md [IDENTIFIER_REFERENCE; MEDIUM; line 315] | CKO_CORE_BASELINE_CONSOLIDATION_REPORT.md [IDENTIFIER_REFERENCE; MEDIUM; line 320] | CKO_CORE_BASELINE_CONSOLIDATION_REPORT.md [IDENTIFIER_REFERENCE; MEDIUM; line 331] | CKO_CORE_BASELINE_CONSOLIDATION_REPORT.md [IDENTIFIER_REFERENCE; MEDIUM; line 332] | CKO_CORE_BASELINE_CONSOLIDATION_REPORT.md [IDENTIFIER_REFERENCE; MEDIUM; line 643] | CKO_CORE_BASELINE_CONSOLIDATION_REPORT.md [PATH_REFERENCE; HIGH; line 315] | CKO_CORE_BASELINE_EXECUTION_REPORT.md [IDENTIFIER_REFERENCE; MEDIUM; line 117] | CKO_CORE_BASELINE_EXECUTION_REPORT.md [IDENTIFIER_REFERENCE; MEDIUM; line 121] | CKO_CORE_BASELINE_EXECUTION_REPORT.md [IDENTIFIER_REFERENCE; MEDIUM; line 133] | CKO_CORE_BASELINE_EXECUTION_REPORT.md [IDENTIFIER_REFERENCE; MEDIUM; line 134] | CKO_CORE_BASELINE_EXECUTION_REPORT.md [IDENTIFIER_REFERENCE; MEDIUM; line 346] | CKO_CORE_BASELINE_EXECUTION_REPORT.md [IDENTIFIER_REFERENCE; MEDIUM; line 617] | CKO_CORE_BASELINE_EXECUTION_REPORT.md [PATH_REFERENCE; HIGH; line 117] | CKO_CORE_V1_RELEASE_CERTIFICATION.md [IDENTIFIER_REFERENCE; MEDIUM; line 72] | CKO_CORE_V1_TEST_AND_COVERAGE_REPORT.md [IDENTIFIER_REFERENCE; MEDIUM; line 24] | docs/decisoes/ADR-005A-001_PERSISTENCIA_ADITIVA.md [IDENTIFIER_REFERENCE; MEDIUM; line 6] | docs/governance/OPS-004_REPOSITORY_CANONICAL_MIGRATION_PLAN.md [IDENTIFIER_REFERENCE; MEDIUM; line 105] | docs/governance/OPS-004_REPOSITORY_CANONICAL_MIGRATION_PLAN.md [IDENTIFIER_REFERENCE; MEDIUM; line 107] | docs/governance/OPS-004_REPOSITORY_CANONICAL_MIGRATION_PLAN.md [IDENTIFIER_REFERENCE; MEDIUM; line 108] | docs/governance/OPS-004_REPOSITORY_CANONICAL_MIGRATION_PLAN.md [IDENTIFIER_REFERENCE; MEDIUM; line 109] | docs/governance/OPS-004_REPOSITORY_CANONICAL_MIGRATION_PLAN.md [IDENTIFIER_REFERENCE; MEDIUM; line 111] | docs/governance/OPS-004_REPOSITORY_CANONICAL_MIGRATION_PLAN.md [IDENTIFIER_REFERENCE; MEDIUM; line 120] | docs/governance/OPS-004_REPOSITORY_CANONICAL_MIGRATION_PLAN.md [IDENTIFIER_REFERENCE; MEDIUM; line 121] | docs/governance/OPS-004_REPOSITORY_CANONICAL_MIGRATION_PLAN.md [IDENTIFIER_REFERENCE; MEDIUM; line 131] | docs/governance/OPS-004_REPOSITORY_CANONICAL_MIGRATION_PLAN.md [IDENTIFIER_REFERENCE; MEDIUM; line 63] | docs/governance/OPS-004_REPOSITORY_CANONICAL_MIGRATION_PLAN.md [IDENTIFIER_REFERENCE; MEDIUM; line 64] | docs/governance/OPS-004_REPOSITORY_CANONICAL_MIGRATION_PLAN.md [IDENTIFIER_REFERENCE; MEDIUM; line 68] | docs/governance/OPS-004_REPOSITORY_CANONICAL_MIGRATION_PLAN.md [IDENTIFIER_REFERENCE; MEDIUM; line 71] | docs/governance/OPS-004_REPOSITORY_CANONICAL_MIGRATION_PLAN.md [IDENTIFIER_REFERENCE; MEDIUM; line 82] | docs/governance/OPS-004_REPOSITORY_CANONICAL_MIGRATION_PLAN.md [PATH_REFERENCE; HIGH; line 121] | docs/governance/OPS-004_REPOSITORY_CANONICAL_MIGRATION_PLAN.md [PATH_REFERENCE; HIGH; line 131] | docs/governance/OPS-004_REPOSITORY_CANONICAL_MIGRATION_PLAN.md [PATH_REFERENCE; HIGH; line 64] | scripts/SPR005A_MIGRAR_E_VALIDAR.ps1 [IDENTIFIER_REFERENCE; MEDIUM; line 23] | SPR008N_IMPLEMENTATION_REPORT.md [IDENTIFIER_REFERENCE; MEDIUM; line 200] | SPR008OA_IMPLEMENTATION_REPORT.md [IDENTIFIER_REFERENCE; MEDIUM; line 201] | SPR008P_IMPLEMENTATION_REPORT.md [IDENTIFIER_REFERENCE; MEDIUM; line 210] | SPR008Q_IMPLEMENTATION_REPORT.md [IDENTIFIER_REFERENCE; MEDIUM; line 215] | SPR008R_IMPLEMENTATION_REPORT.md [IDENTIFIER_REFERENCE; MEDIUM; line 202] | SPR008S_IMPLEMENTATION_REPORT.md [IDENTIFIER_REFERENCE; MEDIUM; line 215] | SPR008T_IMPLEMENTATION_REPORT.md [IDENTIFIER_REFERENCE; MEDIUM; line 227] | SPR008U_IMPLEMENTATION_REPORT.md [IDENTIFIER_REFERENCE; MEDIUM; line 274] | SPR009A_IMPLEMENTATION_REPORT.md [IDENTIFIER_REFERENCE; MEDIUM; line 179] | SPR010_IMPLEMENTATION_REPORT.md [IDENTIFIER_REFERENCE; MEDIUM; line 51] | SPR011_IMPLEMENTATION_REPORT.md [IDENTIFIER_REFERENCE; MEDIUM; line 62] | SPR012_IMPLEMENTATION_REPORT.md [IDENTIFIER_REFERENCE; MEDIUM; line 122] | SPR013_IMPLEMENTATION_REPORT.md [IDENTIFIER_REFERENCE; MEDIUM; line 34] | SPR016_IMPLEMENTATION_REPORT.md [IDENTIFIER_REFERENCE; MEDIUM; line 47] | SPR017_HOMOLOGATION_REPORT.md [IDENTIFIER_REFERENCE; MEDIUM; line 102] | SPR017_IMPLEMENTATION_REPORT.md [IDENTIFIER_REFERENCE; MEDIUM; line 90] | SPR017_PREIMPLEMENTATION_ARCHITECTURE_AUDIT.md [IDENTIFIER_REFERENCE; MEDIUM; line 53] | src/cko/persistence/__init__.py [IDENTIFIER_REFERENCE; MEDIUM; line 1],YES,DOCUMENTARY_DEPENDENCY | OPERATIONAL_DEPENDENCY,69,ARCH-001_CKO_CORE_MASTER_ARCHITECTURE_v1.2.md [IDENTIFIER_REFERENCE; MEDIUM; line 540] | CKO_CORE_BASELINE_CONSOLIDATION_REPORT.md [IDENTIFIER_REFERENCE; MEDIUM; line 315] | CKO_CORE_BASELINE_CONSOLIDATION_REPORT.md [IDENTIFIER_REFERENCE; MEDIUM; line 320] | CKO_CORE_BASELINE_CONSOLIDATION_REPORT.md [IDENTIFIER_REFERENCE; MEDIUM; line 331] | CKO_CORE_BASELINE_CONSOLIDATION_REPORT.md [IDENTIFIER_REFERENCE; MEDIUM; line 332] | CKO_CORE_BASELINE_CONSOLIDATION_REPORT.md [IDENTIFIER_REFERENCE; MEDIUM; line 643] | CKO_CORE_BASELINE_CONSOLIDATION_REPORT.md [PATH_REFERENCE; HIGH; line 315] | CKO_CORE_BASELINE_EXECUTION_REPORT.md [IDENTIFIER_REFERENCE; MEDIUM; line 117] | CKO_CORE_BASELINE_EXECUTION_REPORT.md [IDENTIFIER_REFERENCE; MEDIUM; line 121] | CKO_CORE_BASELINE_EXECUTION_REPORT.md [IDENTIFIER_REFERENCE; MEDIUM; line 133] | CKO_CORE_BASELINE_EXECUTION_REPORT.md [IDENTIFIER_REFERENCE; MEDIUM; line 134] | CKO_CORE_BASELINE_EXECUTION_REPORT.md [IDENTIFIER_REFERENCE; MEDIUM; line 346] | CKO_CORE_BASELINE_EXECUTION_REPORT.md [IDENTIFIER_REFERENCE; MEDIUM; line 617] | CKO_CORE_BASELINE_EXECUTION_REPORT.md [PATH_REFERENCE; HIGH; line 117] | CKO_CORE_V1_RELEASE_CERTIFICATION.md [IDENTIFIER_REFERENCE; MEDIUM; line 72] | CKO_CORE_V1_TEST_AND_COVERAGE_REPORT.md [IDENTIFIER_REFERENCE; MEDIUM; line 24] | docs/decisoes/ADR-005A-001_PERSISTENCIA_ADITIVA.md [IDENTIFIER_REFERENCE; MEDIUM; line 6] | docs/governance/OPS-004_REPOSITORY_CANONICAL_MIGRATION_PLAN.md [IDENTIFIER_REFERENCE; MEDIUM; line 105] | docs/governance/OPS-004_REPOSITORY_CANONICAL_MIGRATION_PLAN.md [IDENTIFIER_REFERENCE; MEDIUM; line 107] | docs/governance/OPS-004_REPOSITORY_CANONICAL_MIGRATION_PLAN.md [IDENTIFIER_REFERENCE; MEDIUM; line 108] | docs/governance/OPS-004_REPOSITORY_CANONICAL_MIGRATION_PLAN.md [IDENTIFIER_REFERENCE; MEDIUM; line 109] | docs/governance/OPS-004_REPOSITORY_CANONICAL_MIGRATION_PLAN.md [IDENTIFIER_REFERENCE; MEDIUM; line 111] | docs/governance/OPS-004_REPOSITORY_CANONICAL_MIGRATION_PLAN.md [IDENTIFIER_REFERENCE; MEDIUM; line 120] | docs/governance/OPS-004_REPOSITORY_CANONICAL_MIGRATION_PLAN.md [IDENTIFIER_REFERENCE; MEDIUM; line 121] | docs/governance/OPS-004_REPOSITORY_CANONICAL_MIGRATION_PLAN.md [IDENTIFIER_REFERENCE; MEDIUM; line 131] | docs/governance/OPS-004_REPOSITORY_CANONICAL_MIGRATION_PLAN.md [IDENTIFIER_REFERENCE; MEDIUM; line 63] | docs/governance/OPS-004_REPOSITORY_CANONICAL_MIGRATION_PLAN.md [IDENTIFIER_REFERENCE; MEDIUM; line 64] | docs/governance/OPS-004_REPOSITORY_CANONICAL_MIGRATION_PLAN.md [IDENTIFIER_REFERENCE; MEDIUM; line 68] | docs/governance/OPS-004_REPOSITORY_CANONICAL_MIGRATION_PLAN.md [IDENTIFIER_REFERENCE; MEDIUM; line 71] | docs/governance/OPS-004_REPOSITORY_CANONICAL_MIGRATION_PLAN.md [IDENTIFIER_REFERENCE; MEDIUM; line 82] | docs/governance/OPS-004_REPOSITORY_CANONICAL_MIGRATION_PLAN.md [PATH_REFERENCE; HIGH; line 121] | docs/governance/OPS-004_REPOSITORY_CANONICAL_MIGRATION_PLAN.md [PATH_REFERENCE; HIGH; line 131] | docs/governance/OPS-004_REPOSITORY_CANONICAL_MIGRATION_PLAN.md [PATH_REFERENCE; HIGH; line 64] | scripts/SPR005A_MIGRAR_E_VALIDAR.ps1 [IDENTIFIER_REFERENCE; MEDIUM; line 23] | SPR008N_IMPLEMENTATION_REPORT.md [IDENTIFIER_REFERENCE; MEDIUM; line 200] | SPR008OA_IMPLEMENTATION_REPORT.md [IDENTIFIER_REFERENCE; MEDIUM; line 201] | SPR008P_IMPLEMENTATION_REPORT.md [IDENTIFIER_REFERENCE; MEDIUM; line 210] | SPR008Q_IMPLEMENTATION_REPORT.md [IDENTIFIER_REFERENCE; MEDIUM; line 215] | SPR008R_IMPLEMENTATION_REPORT.md [IDENTIFIER_REFERENCE; MEDIUM; line 202] | SPR008S_IMPLEMENTATION_REPORT.md [IDENTIFIER_REFERENCE; MEDIUM; line 215] | SPR008T_IMPLEMENTATION_REPORT.md [IDENTIFIER_REFERENCE; MEDIUM; line 227] | SPR008U_IMPLEMENTATION_REPORT.md [IDENTIFIER_REFERENCE; MEDIUM; line 274] | SPR009A_IMPLEMENTATION_REPORT.md [IDENTIFIER_REFERENCE; MEDIUM; line 179] | SPR010_IMPLEMENTATION_REPORT.md [IDENTIFIER_REFERENCE; MEDIUM; line 51] | SPR011_IMPLEMENTATION_REPORT.md [IDENTIFIER_REFERENCE; MEDIUM; line 62] | SPR012_IMPLEMENTATION_REPORT.md [IDENTIFIER_REFERENCE; MEDIUM; line 122] | SPR013_IMPLEMENTATION_REPORT.md [IDENTIFIER_REFERENCE; MEDIUM; line 34] | SPR016_IMPLEMENTATION_REPORT.md [IDENTIFIER_REFERENCE; MEDIUM; line 47] | SPR017_HOMOLOGATION_REPORT.md [IDENTIFIER_REFERENCE; MEDIUM; line 102] | SPR017_IMPLEMENTATION_REPORT.md [IDENTIFIER_REFERENCE; MEDIUM; line 90] | SPR017_PREIMPLEMENTATION_ARCHITECTURE_AUDIT.md [IDENTIFIER_REFERENCE; MEDIUM; line 53] | src/cko/persistence/__init__.py [IDENTIFIER_REFERENCE; MEDIUM; line 1],0,NO_VERIFIED_REFERENCE,8,61,MEDIUM_REFERENCE_RISK,HIGH,NO,Confirmed HIGH/MEDIUM references recorded in AUD-004 reference matrix.
INV-0096,docs/sprint/SPR004_REPORT.md,KEEP,YES,CKO_CORE_BASELINE_CONSOLIDATION_REPORT.md [PATH_REFERENCE; HIGH; line 316] | CKO_CORE_BASELINE_EXECUTION_REPORT.md [PATH_REFERENCE; HIGH; line 118] | README_SPR_004.md [PATH_REFERENCE; HIGH; line 42] | src/main.py [FILENAME_REFERENCE; MEDIUM; line 20],YES,DOCUMENTARY_DEPENDENCY | OPERATIONAL_DEPENDENCY,4,CKO_CORE_BASELINE_CONSOLIDATION_REPORT.md [PATH_REFERENCE; HIGH; line 316] | CKO_CORE_BASELINE_EXECUTION_REPORT.md [PATH_REFERENCE; HIGH; line 118] | README_SPR_004.md [PATH_REFERENCE; HIGH; line 42] | src/main.py [FILENAME_REFERENCE; MEDIUM; line 20],0,NO_VERIFIED_REFERENCE,4,0,MEDIUM_REFERENCE_RISK,HIGH,NO,Confirmed HIGH/MEDIUM references recorded in AUD-004 reference matrix.
INV-0097,docs/sprint/SPR005_REPORT.md,KEEP,YES,CKO_CORE_BASELINE_CONSOLIDATION_REPORT.md [PATH_REFERENCE; HIGH; line 317] | CKO_CORE_BASELINE_EXECUTION_REPORT.md [PATH_REFERENCE; HIGH; line 119] | docs/governance/OPS-004_REPOSITORY_CANONICAL_MIGRATION_PLAN.md [PATH_REFERENCE; HIGH; line 132] | scripts/VALIDAR_SPR005.ps1 [PATH_REFERENCE; HIGH; line 18],YES,DOCUMENTARY_DEPENDENCY | OPERATIONAL_DEPENDENCY,5,CKO_CORE_BASELINE_CONSOLIDATION_REPORT.md [PATH_REFERENCE; HIGH; line 317] | CKO_CORE_BASELINE_EXECUTION_REPORT.md [PATH_REFERENCE; HIGH; line 119] | docs/governance/OPS-004_REPOSITORY_CANONICAL_MIGRATION_PLAN.md [PATH_REFERENCE; HIGH; line 132] | scripts/VALIDAR_SPR005.ps1 [PATH_REFERENCE; HIGH; line 18],0,NO_VERIFIED_REFERENCE,5,0,MEDIUM_REFERENCE_RISK,HIGH,NO,Confirmed HIGH/MEDIUM references recorded in AUD-004 reference matrix.
INV-0098,docs/sprint/SPR006A_REPORT.md,KEEP,YES,CKO_CORE_BASELINE_CONSOLIDATION_REPORT.md [PATH_REFERENCE; HIGH; line 318] | CKO_CORE_BASELINE_EXECUTION_REPORT.md [PATH_REFERENCE; HIGH; line 120] | docs/governance/OPS-004_REPOSITORY_CANONICAL_MIGRATION_PLAN.md [PATH_REFERENCE; HIGH; line 133] | scripts/VALIDAR_SPR006A.ps1 [PATH_REFERENCE; HIGH; line 17],YES,DOCUMENTARY_DEPENDENCY | OPERATIONAL_DEPENDENCY,5,CKO_CORE_BASELINE_CONSOLIDATION_REPORT.md [PATH_REFERENCE; HIGH; line 318] | CKO_CORE_BASELINE_EXECUTION_REPORT.md [PATH_REFERENCE; HIGH; line 120] | docs/governance/OPS-004_REPOSITORY_CANONICAL_MIGRATION_PLAN.md [PATH_REFERENCE; HIGH; line 133] | scripts/VALIDAR_SPR006A.ps1 [PATH_REFERENCE; HIGH; line 17],0,NO_VERIFIED_REFERENCE,5,0,MEDIUM_REFERENCE_RISK,HIGH,NO,Confirmed HIGH/MEDIUM references recorded in AUD-004 reference matrix.
INV-0099,docs/sprints/SPR-018_TERMO_DE_ABERTURA.md,KEEP,YES,docs/audits/documentation/AUD-001_WORKING_TREE_CONSOLIDATION_AUDIT.md [PATH_REFERENCE; HIGH; line 88] | docs/governance/GOV-006_PROJECT_DOSSIER.md [PATH_REFERENCE; HIGH; line 734],YES,DOCUMENTARY_DEPENDENCY,2,docs/audits/documentation/AUD-001_WORKING_TREE_CONSOLIDATION_AUDIT.md [PATH_REFERENCE; HIGH; line 88] | docs/governance/GOV-006_PROJECT_DOSSIER.md [PATH_REFERENCE; HIGH; line 734],65,ARCH-001_CKO_CORE_MASTER_ARCHITECTURE_v1.2.md [PATH_REFERENCE; HIGH; line 188] | CKO_CORE_V1_PUBLIC_API_CATALOG.md [PATH_REFERENCE; HIGH; line 189] | docs/adr/ADR-006_FEDERATED_CATALOG_AUTHORITY.md [IDENTIFIER_REFERENCE; MEDIUM; line 10] | docs/adr/ADR-006_FEDERATED_CATALOG_AUTHORITY.md [IDENTIFIER_REFERENCE; MEDIUM; line 170] | docs/adr/ADR-006_FEDERATED_CATALOG_AUTHORITY.md [IDENTIFIER_REFERENCE; MEDIUM; line 171] | docs/adr/ADR-006_FEDERATED_CATALOG_AUTHORITY.md [IDENTIFIER_REFERENCE; MEDIUM; line 195] | docs/adr/ADR-006_FEDERATED_CATALOG_AUTHORITY.md [IDENTIFIER_REFERENCE; MEDIUM; line 239] | docs/adr/ADR-006_FEDERATED_CATALOG_AUTHORITY.md [IDENTIFIER_REFERENCE; MEDIUM; line 283] | docs/adr/ADR-006_FEDERATED_CATALOG_AUTHORITY.md [IDENTIFIER_REFERENCE; MEDIUM; line 329] | docs/adr/ADR-006_FEDERATED_CATALOG_AUTHORITY.md [IDENTIFIER_REFERENCE; MEDIUM; line 376] | docs/adr/ADR-006_FEDERATED_CATALOG_AUTHORITY.md [IDENTIFIER_REFERENCE; MEDIUM; line 62] | docs/adr/ADR-006_FEDERATED_CATALOG_AUTHORITY.md [IDENTIFIER_REFERENCE; MEDIUM; line 63] | docs/adr/ADR-006_FEDERATED_CATALOG_AUTHORITY.md [PATH_REFERENCE; HIGH; line 195] | docs/adr/INDEX.md [PATH_REFERENCE; HIGH; line 194] | docs/arquitetura/CKO-ARCH-002_ECOSYSTEM_EVOLUTION_ARCHITECTURE.md [IDENTIFIER_REFERENCE; MEDIUM; line 12] | docs/arquitetura/CKO-ARCH-002_ECOSYSTEM_EVOLUTION_ARCHITECTURE.md [IDENTIFIER_REFERENCE; MEDIUM; line 168] | docs/arquitetura/CKO-ARCH-002_ECOSYSTEM_EVOLUTION_ARCHITECTURE.md [IDENTIFIER_REFERENCE; MEDIUM; line 191] | docs/arquitetura/CKO-ARCH-002_ECOSYSTEM_EVOLUTION_ARCHITECTURE.md [IDENTIFIER_REFERENCE; MEDIUM; line 283] | docs/arquitetura/CKO-ARCH-002_ECOSYSTEM_EVOLUTION_ARCHITECTURE.md [IDENTIFIER_REFERENCE; MEDIUM; line 328] | docs/arquitetura/CKO-ARCH-002_ECOSYSTEM_EVOLUTION_ARCHITECTURE.md [IDENTIFIER_REFERENCE; MEDIUM; line 55] | docs/arquitetura/CKO-ARCH-002_ECOSYSTEM_EVOLUTION_ARCHITECTURE.md [PATH_REFERENCE; HIGH; line 191] | docs/governance/GOV-002_CYCLE_II_EXECUTION_PROGRAM.md [IDENTIFIER_REFERENCE; MEDIUM; line 13] | docs/governance/GOV-002_CYCLE_II_EXECUTION_PROGRAM.md [IDENTIFIER_REFERENCE; MEDIUM; line 169] | docs/governance/GOV-002_CYCLE_II_EXECUTION_PROGRAM.md [IDENTIFIER_REFERENCE; MEDIUM; line 192] | docs/governance/GOV-002_CYCLE_II_EXECUTION_PROGRAM.md [IDENTIFIER_REFERENCE; MEDIUM; line 283] | docs/governance/GOV-002_CYCLE_II_EXECUTION_PROGRAM.md [IDENTIFIER_REFERENCE; MEDIUM; line 328] | docs/governance/GOV-002_CYCLE_II_EXECUTION_PROGRAM.md [IDENTIFIER_REFERENCE; MEDIUM; line 461] | docs/governance/GOV-002_CYCLE_II_EXECUTION_PROGRAM.md [IDENTIFIER_REFERENCE; MEDIUM; line 485] | docs/governance/GOV-002_CYCLE_II_EXECUTION_PROGRAM.md [IDENTIFIER_REFERENCE; MEDIUM; line 549] | docs/governance/GOV-002_CYCLE_II_EXECUTION_PROGRAM.md [IDENTIFIER_REFERENCE; MEDIUM; line 564] | docs/governance/GOV-002_CYCLE_II_EXECUTION_PROGRAM.md [IDENTIFIER_REFERENCE; MEDIUM; line 60] | docs/governance/GOV-002_CYCLE_II_EXECUTION_PROGRAM.md [PATH_REFERENCE; HIGH; line 192] | docs/governance/GOV-003_ADR_GOVERNANCE_RECONCILIATION.md [IDENTIFIER_REFERENCE; MEDIUM; line 14] | docs/governance/GOV-003_ADR_GOVERNANCE_RECONCILIATION.md [IDENTIFIER_REFERENCE; MEDIUM; line 170] | docs/governance/GOV-003_ADR_GOVERNANCE_RECONCILIATION.md [IDENTIFIER_REFERENCE; MEDIUM; line 193] | docs/governance/GOV-003_ADR_GOVERNANCE_RECONCILIATION.md [IDENTIFIER_REFERENCE; MEDIUM; line 283] | docs/governance/GOV-003_ADR_GOVERNANCE_RECONCILIATION.md [IDENTIFIER_REFERENCE; MEDIUM; line 328] | docs/governance/GOV-003_ADR_GOVERNANCE_RECONCILIATION.md [IDENTIFIER_REFERENCE; MEDIUM; line 329] | docs/governance/GOV-003_ADR_GOVERNANCE_RECONCILIATION.md [IDENTIFIER_REFERENCE; MEDIUM; line 60] | docs/governance/GOV-003_ADR_GOVERNANCE_RECONCILIATION.md [PATH_REFERENCE; HIGH; line 193] | docs/rfc/RFC-002_FEDERATED_CATALOG_PROTOCOL.md [IDENTIFIER_REFERENCE; MEDIUM; line 11] | docs/rfc/RFC-002_FEDERATED_CATALOG_PROTOCOL.md [IDENTIFIER_REFERENCE; MEDIUM; line 131] | docs/rfc/RFC-002_FEDERATED_CATALOG_PROTOCOL.md [IDENTIFIER_REFERENCE; MEDIUM; line 172] | docs/rfc/RFC-002_FEDERATED_CATALOG_PROTOCOL.md [IDENTIFIER_REFERENCE; MEDIUM; line 196] | docs/rfc/RFC-002_FEDERATED_CATALOG_PROTOCOL.md [IDENTIFIER_REFERENCE; MEDIUM; line 239] | docs/rfc/RFC-002_FEDERATED_CATALOG_PROTOCOL.md [IDENTIFIER_REFERENCE; MEDIUM; line 246] | docs/rfc/RFC-002_FEDERATED_CATALOG_PROTOCOL.md [IDENTIFIER_REFERENCE; MEDIUM; line 263] | docs/rfc/RFC-002_FEDERATED_CATALOG_PROTOCOL.md [IDENTIFIER_REFERENCE; MEDIUM; line 283] | docs/rfc/RFC-002_FEDERATED_CATALOG_PROTOCOL.md [IDENTIFIER_REFERENCE; MEDIUM; line 305] | docs/rfc/RFC-002_FEDERATED_CATALOG_PROTOCOL.md [IDENTIFIER_REFERENCE; MEDIUM; line 330] | docs/rfc/RFC-002_FEDERATED_CATALOG_PROTOCOL.md [IDENTIFIER_REFERENCE; MEDIUM; line 342] | docs/rfc/RFC-002_FEDERATED_CATALOG_PROTOCOL.md [IDENTIFIER_REFERENCE; MEDIUM; line 376] | docs/rfc/RFC-002_FEDERATED_CATALOG_PROTOCOL.md [IDENTIFIER_REFERENCE; MEDIUM; line 567] | docs/rfc/RFC-002_FEDERATED_CATALOG_PROTOCOL.md [IDENTIFIER_REFERENCE; MEDIUM; line 571] | docs/rfc/RFC-002_FEDERATED_CATALOG_PROTOCOL.md [IDENTIFIER_REFERENCE; MEDIUM; line 573] | docs/rfc/RFC-002_FEDERATED_CATALOG_PROTOCOL.md [IDENTIFIER_REFERENCE; MEDIUM; line 577] | docs/rfc/RFC-002_FEDERATED_CATALOG_PROTOCOL.md [IDENTIFIER_REFERENCE; MEDIUM; line 587] | docs/rfc/RFC-002_FEDERATED_CATALOG_PROTOCOL.md [IDENTIFIER_REFERENCE; MEDIUM; line 589] | docs/rfc/RFC-002_FEDERATED_CATALOG_PROTOCOL.md [IDENTIFIER_REFERENCE; MEDIUM; line 600] | docs/rfc/RFC-002_FEDERATED_CATALOG_PROTOCOL.md [IDENTIFIER_REFERENCE; MEDIUM; line 622] | docs/rfc/RFC-002_FEDERATED_CATALOG_PROTOCOL.md [IDENTIFIER_REFERENCE; MEDIUM; line 64] | docs/rfc/RFC-002_FEDERATED_CATALOG_PROTOCOL.md [IDENTIFIER_REFERENCE; MEDIUM; line 86] | docs/rfc/RFC-002_FEDERATED_CATALOG_PROTOCOL.md [IDENTIFIER_REFERENCE; MEDIUM; line 92] | docs/rfc/RFC-002_FEDERATED_CATALOG_PROTOCOL.md [PATH_REFERENCE; HIGH; line 196] | SPR017_HOMOLOGATION_REPORT.md [PATH_REFERENCE; HIGH; line 190],11,56,MEDIUM_REFERENCE_RISK,HIGH,NO,Confirmed HIGH/MEDIUM references recorded in AUD-004 reference matrix.
INV-0100,GOV-005_PROJECT_EFFORT_AUDIT.md,MOVE,YES,docs/audits/documentation/AUD-001_WORKING_TREE_CONSOLIDATION_AUDIT.md [IDENTIFIER_REFERENCE; MEDIUM; line 102] | docs/audits/documentation/AUD-001_WORKING_TREE_CONSOLIDATION_AUDIT.md [IDENTIFIER_REFERENCE; MEDIUM; line 128] | docs/audits/documentation/AUD-001_WORKING_TREE_CONSOLIDATION_AUDIT.md [IDENTIFIER_REFERENCE; MEDIUM; line 130] | docs/audits/documentation/AUD-001_WORKING_TREE_CONSOLIDATION_AUDIT.md [IDENTIFIER_REFERENCE; MEDIUM; line 198] | docs/audits/documentation/AUD-001_WORKING_TREE_CONSOLIDATION_AUDIT.md [IDENTIFIER_REFERENCE; MEDIUM; line 79] | docs/audits/documentation/AUD-001_WORKING_TREE_CONSOLIDATION_AUDIT.md [PATH_REFERENCE; HIGH; line 79] | docs/audits/documentation/AUD-002_AUD-001_EVIDENCE_INCORPORATION.md [IDENTIFIER_REFERENCE; MEDIUM; line 24] | docs/governance/GOV-006_PROJECT_DOSSIER.md [IDENTIFIER_REFERENCE; MEDIUM; line 143] | docs/governance/GOV-006_PROJECT_DOSSIER.md [IDENTIFIER_REFERENCE; MEDIUM; line 160] | docs/governance/GOV-006_PROJECT_DOSSIER.md [IDENTIFIER_REFERENCE; MEDIUM; line 217] | docs/governance/GOV-006_PROJECT_DOSSIER.md [IDENTIFIER_REFERENCE; MEDIUM; line 348] | docs/governance/GOV-006_PROJECT_DOSSIER.md [IDENTIFIER_REFERENCE; MEDIUM; line 41] | docs/governance/GOV-006_PROJECT_DOSSIER.md [IDENTIFIER_REFERENCE; MEDIUM; line 427] | docs/governance/GOV-006_PROJECT_DOSSIER.md [IDENTIFIER_REFERENCE; MEDIUM; line 42] | docs/governance/GOV-006_PROJECT_DOSSIER.md [IDENTIFIER_REFERENCE; MEDIUM; line 521] | docs/governance/GOV-006_PROJECT_DOSSIER.md [IDENTIFIER_REFERENCE; MEDIUM; line 529] | docs/governance/GOV-006_PROJECT_DOSSIER.md [IDENTIFIER_REFERENCE; MEDIUM; line 530] | docs/governance/GOV-006_PROJECT_DOSSIER.md [IDENTIFIER_REFERENCE; MEDIUM; line 540] | docs/governance/GOV-006_PROJECT_DOSSIER.md [IDENTIFIER_REFERENCE; MEDIUM; line 541] | docs/governance/GOV-006_PROJECT_DOSSIER.md [IDENTIFIER_REFERENCE; MEDIUM; line 545] | docs/governance/GOV-006_PROJECT_DOSSIER.md [IDENTIFIER_REFERENCE; MEDIUM; line 546] | docs/governance/GOV-006_PROJECT_DOSSIER.md [IDENTIFIER_REFERENCE; MEDIUM; line 547] | docs/governance/GOV-006_PROJECT_DOSSIER.md [IDENTIFIER_REFERENCE; MEDIUM; line 560] | docs/governance/GOV-006_PROJECT_DOSSIER.md [IDENTIFIER_REFERENCE; MEDIUM; line 677] | docs/governance/GOV-006_PROJECT_DOSSIER.md [IDENTIFIER_REFERENCE; MEDIUM; line 691] | docs/governance/GOV-006_PROJECT_DOSSIER.md [IDENTIFIER_REFERENCE; MEDIUM; line 707] | docs/governance/GOV-006_PROJECT_DOSSIER.md [IDENTIFIER_REFERENCE; MEDIUM; line 808] | docs/governance/GOV-006_PROJECT_DOSSIER.md [IDENTIFIER_REFERENCE; MEDIUM; line 93] | docs/governance/GOV-006_PROJECT_DOSSIER.md [PATH_REFERENCE; HIGH; line 707] | docs/governance/GOV-007_REPOSITORY_CANONICAL_ORGANIZATION.md [IDENTIFIER_REFERENCE; MEDIUM; line 801] | docs/governance/GOV-007_REPOSITORY_CANONICAL_ORGANIZATION.md [IDENTIFIER_REFERENCE; MEDIUM; line 846] | docs/governance/GOV-007_REPOSITORY_CANONICAL_ORGANIZATION.md [IDENTIFIER_REFERENCE; MEDIUM; line 91] | docs/governance/GOV-007_REPOSITORY_CANONICAL_ORGANIZATION.md [PATH_REFERENCE; HIGH; line 846] | docs/governance/GOV-008_CYCLE_II_INSTITUTIONAL_RECONCILIATION.md [IDENTIFIER_REFERENCE; MEDIUM; line 100] | docs/governance/GOV-008_CYCLE_II_INSTITUTIONAL_RECONCILIATION.md [IDENTIFIER_REFERENCE; MEDIUM; line 101] | docs/governance/GOV-008_CYCLE_II_INSTITUTIONAL_RECONCILIATION.md [IDENTIFIER_REFERENCE; MEDIUM; line 132] | docs/governance/GOV-008_CYCLE_II_INSTITUTIONAL_RECONCILIATION.md [IDENTIFIER_REFERENCE; MEDIUM; line 134] | docs/governance/GOV-008_CYCLE_II_INSTITUTIONAL_RECONCILIATION.md [IDENTIFIER_REFERENCE; MEDIUM; line 138] | docs/governance/GOV-008_CYCLE_II_INSTITUTIONAL_RECONCILIATION.md [IDENTIFIER_REFERENCE; MEDIUM; line 19] | docs/governance/GOV-008_CYCLE_II_INSTITUTIONAL_RECONCILIATION.md [IDENTIFIER_REFERENCE; MEDIUM; line 29] | docs/governance/GOV-008_CYCLE_II_INSTITUTIONAL_RECONCILIATION.md [IDENTIFIER_REFERENCE; MEDIUM; line 324] | docs/governance/GOV-008_CYCLE_II_INSTITUTIONAL_RECONCILIATION.md [IDENTIFIER_REFERENCE; MEDIUM; line 338] | docs/governance/GOV-008_CYCLE_II_INSTITUTIONAL_RECONCILIATION.md [IDENTIFIER_REFERENCE; MEDIUM; line 74],YES,DOCUMENTARY_DEPENDENCY,47,docs/audits/documentation/AUD-001_WORKING_TREE_CONSOLIDATION_AUDIT.md [IDENTIFIER_REFERENCE; MEDIUM; line 102] | docs/audits/documentation/AUD-001_WORKING_TREE_CONSOLIDATION_AUDIT.md [IDENTIFIER_REFERENCE; MEDIUM; line 128] | docs/audits/documentation/AUD-001_WORKING_TREE_CONSOLIDATION_AUDIT.md [IDENTIFIER_REFERENCE; MEDIUM; line 130] | docs/audits/documentation/AUD-001_WORKING_TREE_CONSOLIDATION_AUDIT.md [IDENTIFIER_REFERENCE; MEDIUM; line 198] | docs/audits/documentation/AUD-001_WORKING_TREE_CONSOLIDATION_AUDIT.md [IDENTIFIER_REFERENCE; MEDIUM; line 79] | docs/audits/documentation/AUD-001_WORKING_TREE_CONSOLIDATION_AUDIT.md [PATH_REFERENCE; HIGH; line 79] | docs/audits/documentation/AUD-002_AUD-001_EVIDENCE_INCORPORATION.md [IDENTIFIER_REFERENCE; MEDIUM; line 24] | docs/governance/GOV-006_PROJECT_DOSSIER.md [IDENTIFIER_REFERENCE; MEDIUM; line 143] | docs/governance/GOV-006_PROJECT_DOSSIER.md [IDENTIFIER_REFERENCE; MEDIUM; line 160] | docs/governance/GOV-006_PROJECT_DOSSIER.md [IDENTIFIER_REFERENCE; MEDIUM; line 217] | docs/governance/GOV-006_PROJECT_DOSSIER.md [IDENTIFIER_REFERENCE; MEDIUM; line 348] | docs/governance/GOV-006_PROJECT_DOSSIER.md [IDENTIFIER_REFERENCE; MEDIUM; line 41] | docs/governance/GOV-006_PROJECT_DOSSIER.md [IDENTIFIER_REFERENCE; MEDIUM; line 427] | docs/governance/GOV-006_PROJECT_DOSSIER.md [IDENTIFIER_REFERENCE; MEDIUM; line 42] | docs/governance/GOV-006_PROJECT_DOSSIER.md [IDENTIFIER_REFERENCE; MEDIUM; line 521] | docs/governance/GOV-006_PROJECT_DOSSIER.md [IDENTIFIER_REFERENCE; MEDIUM; line 529] | docs/governance/GOV-006_PROJECT_DOSSIER.md [IDENTIFIER_REFERENCE; MEDIUM; line 530] | docs/governance/GOV-006_PROJECT_DOSSIER.md [IDENTIFIER_REFERENCE; MEDIUM; line 540] | docs/governance/GOV-006_PROJECT_DOSSIER.md [IDENTIFIER_REFERENCE; MEDIUM; line 541] | docs/governance/GOV-006_PROJECT_DOSSIER.md [IDENTIFIER_REFERENCE; MEDIUM; line 545] | docs/governance/GOV-006_PROJECT_DOSSIER.md [IDENTIFIER_REFERENCE; MEDIUM; line 546] | docs/governance/GOV-006_PROJECT_DOSSIER.md [IDENTIFIER_REFERENCE; MEDIUM; line 547] | docs/governance/GOV-006_PROJECT_DOSSIER.md [IDENTIFIER_REFERENCE; MEDIUM; line 560] | docs/governance/GOV-006_PROJECT_DOSSIER.md [IDENTIFIER_REFERENCE; MEDIUM; line 677] | docs/governance/GOV-006_PROJECT_DOSSIER.md [IDENTIFIER_REFERENCE; MEDIUM; line 691] | docs/governance/GOV-006_PROJECT_DOSSIER.md [IDENTIFIER_REFERENCE; MEDIUM; line 707] | docs/governance/GOV-006_PROJECT_DOSSIER.md [IDENTIFIER_REFERENCE; MEDIUM; line 808] | docs/governance/GOV-006_PROJECT_DOSSIER.md [IDENTIFIER_REFERENCE; MEDIUM; line 93] | docs/governance/GOV-006_PROJECT_DOSSIER.md [PATH_REFERENCE; HIGH; line 707] | docs/governance/GOV-007_REPOSITORY_CANONICAL_ORGANIZATION.md [IDENTIFIER_REFERENCE; MEDIUM; line 801] | docs/governance/GOV-007_REPOSITORY_CANONICAL_ORGANIZATION.md [IDENTIFIER_REFERENCE; MEDIUM; line 846] | docs/governance/GOV-007_REPOSITORY_CANONICAL_ORGANIZATION.md [IDENTIFIER_REFERENCE; MEDIUM; line 91] | docs/governance/GOV-007_REPOSITORY_CANONICAL_ORGANIZATION.md [PATH_REFERENCE; HIGH; line 846] | docs/governance/GOV-008_CYCLE_II_INSTITUTIONAL_RECONCILIATION.md [IDENTIFIER_REFERENCE; MEDIUM; line 100] | docs/governance/GOV-008_CYCLE_II_INSTITUTIONAL_RECONCILIATION.md [IDENTIFIER_REFERENCE; MEDIUM; line 101] | docs/governance/GOV-008_CYCLE_II_INSTITUTIONAL_RECONCILIATION.md [IDENTIFIER_REFERENCE; MEDIUM; line 132] | docs/governance/GOV-008_CYCLE_II_INSTITUTIONAL_RECONCILIATION.md [IDENTIFIER_REFERENCE; MEDIUM; line 134] | docs/governance/GOV-008_CYCLE_II_INSTITUTIONAL_RECONCILIATION.md [IDENTIFIER_REFERENCE; MEDIUM; line 138] | docs/governance/GOV-008_CYCLE_II_INSTITUTIONAL_RECONCILIATION.md [IDENTIFIER_REFERENCE; MEDIUM; line 19] | docs/governance/GOV-008_CYCLE_II_INSTITUTIONAL_RECONCILIATION.md [IDENTIFIER_REFERENCE; MEDIUM; line 29] | docs/governance/GOV-008_CYCLE_II_INSTITUTIONAL_RECONCILIATION.md [IDENTIFIER_REFERENCE; MEDIUM; line 324] | docs/governance/GOV-008_CYCLE_II_INSTITUTIONAL_RECONCILIATION.md [IDENTIFIER_REFERENCE; MEDIUM; line 338] | docs/governance/GOV-008_CYCLE_II_INSTITUTIONAL_RECONCILIATION.md [IDENTIFIER_REFERENCE; MEDIUM; line 74],68,docs/adr/ADR-001_MONOLITO_MODULAR_INCREMENTAL.md [IDENTIFIER_REFERENCE; MEDIUM; line 273] | docs/adr/ADR-001_MONOLITO_MODULAR_INCREMENTAL.md [IDENTIFIER_REFERENCE; MEDIUM; line 281] | docs/adr/ADR-002_IDENTIDADE_DOCUMENTAL.md [IDENTIFIER_REFERENCE; MEDIUM; line 282] | docs/adr/ADR-003_PRESERVACAO_DO_LEGADO.md [IDENTIFIER_REFERENCE; MEDIUM; line 283] | docs/adr/ADR-004_BANCO_CANONICO_SEPARADO.md [IDENTIFIER_REFERENCE; MEDIUM; line 284] | docs/adr/ADR-006_FEDERATED_CATALOG_AUTHORITY.md [IDENTIFIER_REFERENCE; MEDIUM; line 171] | docs/adr/ADR-006_FEDERATED_CATALOG_AUTHORITY.md [IDENTIFIER_REFERENCE; MEDIUM; line 286] | docs/adr/ADR-006_FEDERATED_CATALOG_AUTHORITY.md [IDENTIFIER_REFERENCE; MEDIUM; line 518] | docs/adr/INDEX.md [PATH_REFERENCE; HIGH; line 692] | docs/arquitetura/CKO-ARCH-002_ECOSYSTEM_EVOLUTION_ARCHITECTURE.md [IDENTIFIER_REFERENCE; MEDIUM; line 171] | docs/arquitetura/CKO-ARCH-002_ECOSYSTEM_EVOLUTION_ARCHITECTURE.md [IDENTIFIER_REFERENCE; MEDIUM; line 259] | docs/arquitetura/CKO-ARCH-002_ECOSYSTEM_EVOLUTION_ARCHITECTURE.md [IDENTIFIER_REFERENCE; MEDIUM; line 518] | docs/arquitetura/CKO-ARCH-002_ECOSYSTEM_EVOLUTION_ARCHITECTURE.md [IDENTIFIER_REFERENCE; MEDIUM; line 68] | docs/decisoes/ADR-005A-001_PERSISTENCIA_ADITIVA.md [IDENTIFIER_REFERENCE; MEDIUM; line 285] | docs/governance/GOV-002_CYCLE_II_EXECUTION_PROGRAM.md [IDENTIFIER_REFERENCE; MEDIUM; line 171] | docs/governance/GOV-002_CYCLE_II_EXECUTION_PROGRAM.md [IDENTIFIER_REFERENCE; MEDIUM; line 260] | docs/governance/GOV-002_CYCLE_II_EXECUTION_PROGRAM.md [IDENTIFIER_REFERENCE; MEDIUM; line 262] | docs/governance/GOV-002_CYCLE_II_EXECUTION_PROGRAM.md [IDENTIFIER_REFERENCE; MEDIUM; line 339] | docs/governance/GOV-002_CYCLE_II_EXECUTION_PROGRAM.md [IDENTIFIER_REFERENCE; MEDIUM; line 518] | docs/governance/GOV-003_ADR_GOVERNANCE_RECONCILIATION.md [IDENTIFIER_REFERENCE; MEDIUM; line 171] | docs/governance/GOV-003_ADR_GOVERNANCE_RECONCILIATION.md [IDENTIFIER_REFERENCE; MEDIUM; line 277] | docs/governance/GOV-003_ADR_GOVERNANCE_RECONCILIATION.md [IDENTIFIER_REFERENCE; MEDIUM; line 339] | docs/governance/GOV-003_ADR_GOVERNANCE_RECONCILIATION.md [IDENTIFIER_REFERENCE; MEDIUM; line 417] | docs/rfc/RFC-002_FEDERATED_CATALOG_PROTOCOL.md [IDENTIFIER_REFERENCE; MEDIUM; line 171] | docs/rfc/RFC-002_FEDERATED_CATALOG_PROTOCOL.md [IDENTIFIER_REFERENCE; MEDIUM; line 297] | docs/rfc/RFC-002_FEDERATED_CATALOG_PROTOCOL.md [IDENTIFIER_REFERENCE; MEDIUM; line 418] | docs/rfc/RFC-002_FEDERATED_CATALOG_PROTOCOL.md [IDENTIFIER_REFERENCE; MEDIUM; line 518] | SPR008A_IMPLEMENTATION_REPORT.md [IDENTIFIER_REFERENCE; MEDIUM; line 161] | SPR008A_IMPLEMENTATION_REPORT.md [IDENTIFIER_REFERENCE; MEDIUM; line 197] | SPR008A_IMPLEMENTATION_REPORT.md [IDENTIFIER_REFERENCE; MEDIUM; line 226] | SPR008A_IMPLEMENTATION_REPORT.md [IDENTIFIER_REFERENCE; MEDIUM; line 381] | SPR008A_IMPLEMENTATION_REPORT.md [IDENTIFIER_REFERENCE; MEDIUM; line 555] | SPR008F_IMPLEMENTATION_REPORT.md [IDENTIFIER_REFERENCE; MEDIUM; line 382] | SPR008G_IMPLEMENTATION_REPORT.md [IDENTIFIER_REFERENCE; MEDIUM; line 162] | SPR008G_IMPLEMENTATION_REPORT.md [IDENTIFIER_REFERENCE; MEDIUM; line 198] | SPR008I_IMPLEMENTATION_REPORT.md [IDENTIFIER_REFERENCE; MEDIUM; line 383] | SPR008J_IMPLEMENTATION_REPORT.md [IDENTIFIER_REFERENCE; MEDIUM; line 163] | SPR008J_IMPLEMENTATION_REPORT.md [IDENTIFIER_REFERENCE; MEDIUM; line 199] | SPR008O_IMPLEMENTATION_REPORT.md [IDENTIFIER_REFERENCE; MEDIUM; line 200] | SPR008Q_IMPLEMENTATION_REPORT.md [IDENTIFIER_REFERENCE; MEDIUM; line 384] | SPR008R_IMPLEMENTATION_REPORT.md [IDENTIFIER_REFERENCE; MEDIUM; line 164] | SPR008R_IMPLEMENTATION_REPORT.md [IDENTIFIER_REFERENCE; MEDIUM; line 385] | SPR008W_IMPLEMENTATION_REPORT.md [IDENTIFIER_REFERENCE; MEDIUM; line 386] | SPR009A_IMPLEMENTATION_REPORT.md [IDENTIFIER_REFERENCE; MEDIUM; line 138] | SPR009A_IMPLEMENTATION_REPORT.md [IDENTIFIER_REFERENCE; MEDIUM; line 165] | SPR009A_IMPLEMENTATION_REPORT.md [IDENTIFIER_REFERENCE; MEDIUM; line 351] | SPR009A_IMPLEMENTATION_REPORT.md [IDENTIFIER_REFERENCE; MEDIUM; line 367] | SPR009A_IMPLEMENTATION_REPORT.md [IDENTIFIER_REFERENCE; MEDIUM; line 387] | SPR009A_IMPLEMENTATION_REPORT.md [IDENTIFIER_REFERENCE; MEDIUM; line 515] | SPR009A_IMPLEMENTATION_REPORT.md [IDENTIFIER_REFERENCE; MEDIUM; line 556] | SPR010_IMPLEMENTATION_REPORT.md [IDENTIFIER_REFERENCE; MEDIUM; line 128] | SPR010_IMPLEMENTATION_REPORT.md [IDENTIFIER_REFERENCE; MEDIUM; line 139] | SPR010_IMPLEMENTATION_REPORT.md [IDENTIFIER_REFERENCE; MEDIUM; line 166] | SPR010_IMPLEMENTATION_REPORT.md [IDENTIFIER_REFERENCE; MEDIUM; line 206] | SPR010_IMPLEMENTATION_REPORT.md [IDENTIFIER_REFERENCE; MEDIUM; line 228] | SPR010_IMPLEMENTATION_REPORT.md [IDENTIFIER_REFERENCE; MEDIUM; line 234] | SPR010_IMPLEMENTATION_REPORT.md [IDENTIFIER_REFERENCE; MEDIUM; line 352] | SPR010_IMPLEMENTATION_REPORT.md [IDENTIFIER_REFERENCE; MEDIUM; line 368] | SPR010_IMPLEMENTATION_REPORT.md [IDENTIFIER_REFERENCE; MEDIUM; line 388] | SPR010_IMPLEMENTATION_REPORT.md [IDENTIFIER_REFERENCE; MEDIUM; line 516] | SPR010_IMPLEMENTATION_REPORT.md [IDENTIFIER_REFERENCE; MEDIUM; line 558] | SPR011_IMPLEMENTATION_REPORT.md [IDENTIFIER_REFERENCE; MEDIUM; line 140] | SPR012_IMPLEMENTATION_REPORT.md [IDENTIFIER_REFERENCE; MEDIUM; line 141] | SPR013_IMPLEMENTATION_REPORT.md [IDENTIFIER_REFERENCE; MEDIUM; line 142] | SPR014_IMPLEMENTATION_REPORT.md [IDENTIFIER_REFERENCE; MEDIUM; line 143] | SPR015_IMPLEMENTATION_REPORT.md [IDENTIFIER_REFERENCE; MEDIUM; line 144] | SPR015_IMPLEMENTATION_REPORT.md [IDENTIFIER_REFERENCE; MEDIUM; line 389] | SPR017E_NOVA_AUDITORIA_FORMAL.md [IDENTIFIER_REFERENCE; MEDIUM; line 442],4,111,MEDIUM_REFERENCE_RISK,HIGH,YES,Confirmed HIGH/MEDIUM references recorded in AUD-004 reference matrix.
INV-0101,inventory.txt,HOLD,YES,CKO_CORE_BASELINE_CONSOLIDATION_REPORT.md [PATH_REFERENCE; HIGH; line 106] | CKO_CORE_BASELINE_CONSOLIDATION_REPORT.md [PATH_REFERENCE; HIGH; line 319] | CKO_CORE_BASELINE_EXECUTION_REPORT.md [PATH_REFERENCE; HIGH; line 637] | docs/audits/documentation/AUD-001_WORKING_TREE_CONSOLIDATION_AUDIT.md [PATH_REFERENCE; HIGH; line 158] | docs/audits/documentation/AUD-001_WORKING_TREE_CONSOLIDATION_AUDIT.md [PATH_REFERENCE; HIGH; line 89] | docs/governance/BASELINE_PREPARATION_REPORT.md [PATH_REFERENCE; HIGH; line 38] | docs/governance/GOV-008_CYCLE_II_INSTITUTIONAL_RECONCILIATION.md [PATH_REFERENCE; HIGH; line 250] | SPR017E_NOVA_AUDITORIA_FORMAL.md [PATH_REFERENCE; HIGH; line 79],YES,DOCUMENTARY_DEPENDENCY,8,CKO_CORE_BASELINE_CONSOLIDATION_REPORT.md [PATH_REFERENCE; HIGH; line 106] | CKO_CORE_BASELINE_CONSOLIDATION_REPORT.md [PATH_REFERENCE; HIGH; line 319] | CKO_CORE_BASELINE_EXECUTION_REPORT.md [PATH_REFERENCE; HIGH; line 637] | docs/audits/documentation/AUD-001_WORKING_TREE_CONSOLIDATION_AUDIT.md [PATH_REFERENCE; HIGH; line 158] | docs/audits/documentation/AUD-001_WORKING_TREE_CONSOLIDATION_AUDIT.md [PATH_REFERENCE; HIGH; line 89] | docs/governance/BASELINE_PREPARATION_REPORT.md [PATH_REFERENCE; HIGH; line 38] | docs/governance/GOV-008_CYCLE_II_INSTITUTIONAL_RECONCILIATION.md [PATH_REFERENCE; HIGH; line 250] | SPR017E_NOVA_AUDITORIA_FORMAL.md [PATH_REFERENCE; HIGH; line 79],0,NO_VERIFIED_REFERENCE,8,0,MEDIUM_REFERENCE_RISK,HIGH,YES,"Confirmed HIGH/MEDIUM references recorded in AUD-004 reference matrix. HOLD preserved; retention, authority, and disposition remain for human review."
INV-0102,logs/.gitkeep,HOLD,YES,CKO_CORE_BASELINE_CONSOLIDATION_REPORT.md [FILENAME_REFERENCE; MEDIUM; line 322] | CKO_CORE_BASELINE_CONSOLIDATION_REPORT.md [FILENAME_REFERENCE; MEDIUM; line 323] | CKO_CORE_BASELINE_CONSOLIDATION_REPORT.md [FILENAME_REFERENCE; MEDIUM; line 82] | CKO_CORE_BASELINE_EXECUTION_REPORT.md [FILENAME_REFERENCE; MEDIUM; line 124] | CKO_CORE_BASELINE_EXECUTION_REPORT.md [FILENAME_REFERENCE; MEDIUM; line 125] | CKO_CORE_BASELINE_EXECUTION_REPORT.md [FILENAME_REFERENCE; MEDIUM; line 43] | SPR008M_IMPLEMENTATION_REPORT.md [FILENAME_REFERENCE; MEDIUM; line 141],YES,DOCUMENTARY_DEPENDENCY,7,CKO_CORE_BASELINE_CONSOLIDATION_REPORT.md [FILENAME_REFERENCE; MEDIUM; line 322] | CKO_CORE_BASELINE_CONSOLIDATION_REPORT.md [FILENAME_REFERENCE; MEDIUM; line 323] | CKO_CORE_BASELINE_CONSOLIDATION_REPORT.md [FILENAME_REFERENCE; MEDIUM; line 82] | CKO_CORE_BASELINE_EXECUTION_REPORT.md [FILENAME_REFERENCE; MEDIUM; line 124] | CKO_CORE_BASELINE_EXECUTION_REPORT.md [FILENAME_REFERENCE; MEDIUM; line 125] | CKO_CORE_BASELINE_EXECUTION_REPORT.md [FILENAME_REFERENCE; MEDIUM; line 43] | SPR008M_IMPLEMENTATION_REPORT.md [FILENAME_REFERENCE; MEDIUM; line 141],0,NO_VERIFIED_REFERENCE,7,0,MEDIUM_REFERENCE_RISK,MEDIUM,YES,"Confirmed HIGH/MEDIUM references recorded in AUD-004 reference matrix. HOLD preserved; retention, authority, and disposition remain for human review."
INV-0103,logs/cko.log,HOLD,YES,docs/governance/OPS-004_REPOSITORY_CANONICAL_MIGRATION_PLAN.md [PATH_REFERENCE; HIGH; line 134] | src/cko/core/discovery/identity_models.py [FILENAME_REFERENCE; MEDIUM; line 248],YES,DOCUMENTARY_DEPENDENCY | OPERATIONAL_DEPENDENCY,2,docs/governance/OPS-004_REPOSITORY_CANONICAL_MIGRATION_PLAN.md [PATH_REFERENCE; HIGH; line 134] | src/cko/core/discovery/identity_models.py [FILENAME_REFERENCE; MEDIUM; line 248],0,NO_VERIFIED_REFERENCE,2,0,MEDIUM_REFERENCE_RISK,HIGH,YES,"Confirmed HIGH/MEDIUM references recorded in AUD-004 reference matrix. HOLD preserved; retention, authority, and disposition remain for human review."
INV-0104,logs/debug.log,HOLD,NO,NO_VERIFIED_CONSUMER,NO,NO_VERIFIED_DEPENDENCY,0,NO_VERIFIED_REFERENCE,0,NO_VERIFIED_REFERENCE,0,0,LOW_REFERENCE_RISK,HIGH,YES,"Full repository enumeration completed; no HIGH/MEDIUM consumer found. HOLD preserved; retention, authority, and disposition remain for human review."
INV-0105,logs/duplicates.json,HOLD,YES,README_SPR_004.md [PATH_REFERENCE; HIGH; line 38] | src/main.py [FILENAME_REFERENCE; MEDIUM; line 16],YES,DOCUMENTARY_DEPENDENCY | OPERATIONAL_DEPENDENCY,2,README_SPR_004.md [PATH_REFERENCE; HIGH; line 38] | src/main.py [FILENAME_REFERENCE; MEDIUM; line 16],0,NO_VERIFIED_REFERENCE,2,0,MEDIUM_REFERENCE_RISK,HIGH,YES,"Confirmed HIGH/MEDIUM references recorded in AUD-004 reference matrix. HOLD preserved; retention, authority, and disposition remain for human review."
INV-0106,logs/spr003_dry_run_inventory.json,HOLD,YES,docs/sprint/CKO-SPR-003_TERMO_DE_ABERTURA.md [PATH_REFERENCE; HIGH; line 23] | README_SPR_003.md [PATH_REFERENCE; HIGH; line 26],YES,DOCUMENTARY_DEPENDENCY,2,docs/sprint/CKO-SPR-003_TERMO_DE_ABERTURA.md [PATH_REFERENCE; HIGH; line 23] | README_SPR_003.md [PATH_REFERENCE; HIGH; line 26],0,NO_VERIFIED_REFERENCE,2,0,MEDIUM_REFERENCE_RISK,HIGH,YES,"Confirmed HIGH/MEDIUM references recorded in AUD-004 reference matrix. HOLD preserved; retention, authority, and disposition remain for human review."
INV-0107,logs/SPR004.log,HOLD,YES,docs/governance/OPS-004_REPOSITORY_CANONICAL_MIGRATION_PLAN.md [PATH_REFERENCE; HIGH; line 134] | README_SPR_004.md [PATH_REFERENCE; HIGH; line 36] | src/main.py [FILENAME_REFERENCE; MEDIUM; line 19],YES,DOCUMENTARY_DEPENDENCY | OPERATIONAL_DEPENDENCY,3,docs/governance/OPS-004_REPOSITORY_CANONICAL_MIGRATION_PLAN.md [PATH_REFERENCE; HIGH; line 134] | README_SPR_004.md [PATH_REFERENCE; HIGH; line 36] | src/main.py [FILENAME_REFERENCE; MEDIUM; line 19],0,NO_VERIFIED_REFERENCE,3,0,MEDIUM_REFERENCE_RISK,HIGH,YES,"Confirmed HIGH/MEDIUM references recorded in AUD-004 reference matrix. HOLD preserved; retention, authority, and disposition remain for human review."
INV-0108,logs/spr004_inventory.json,HOLD,YES,README_SPR_004.md [PATH_REFERENCE; HIGH; line 37] | scripts/VALIDAR_SPR006A.ps1 [PATH_REFERENCE; HIGH; line 39] | SPR005_MANIFEST.json [PATH_REFERENCE; HIGH; line 16] | src/main.py [FILENAME_REFERENCE; MEDIUM; line 15],YES,DOCUMENTARY_DEPENDENCY | OPERATIONAL_DEPENDENCY,4,README_SPR_004.md [PATH_REFERENCE; HIGH; line 37] | scripts/VALIDAR_SPR006A.ps1 [PATH_REFERENCE; HIGH; line 39] | SPR005_MANIFEST.json [PATH_REFERENCE; HIGH; line 16] | src/main.py [FILENAME_REFERENCE; MEDIUM; line 15],0,NO_VERIFIED_REFERENCE,4,0,MEDIUM_REFERENCE_RISK,HIGH,YES,"Confirmed HIGH/MEDIUM references recorded in AUD-004 reference matrix. HOLD preserved; retention, authority, and disposition remain for human review."
INV-0109,logs/SPR007B_BOOTSTRAP.log,HOLD,YES,advanced_engine.py [FILENAME_REFERENCE; MEDIUM; line 306] | reports/SPR007B_ADVANCED_REPORT.json [FILENAME_REFERENCE; MEDIUM; line 3] | reports/SPR007B_ADVANCED_REPORT.md [PATH_REFERENCE; HIGH; line 27] | SPR007B_ADVANCED_ENGINE.ps1 [FILENAME_REFERENCE; MEDIUM; line 61],YES,DOCUMENTARY_DEPENDENCY | OPERATIONAL_DEPENDENCY,4,advanced_engine.py [FILENAME_REFERENCE; MEDIUM; line 306] | reports/SPR007B_ADVANCED_REPORT.json [FILENAME_REFERENCE; MEDIUM; line 3] | reports/SPR007B_ADVANCED_REPORT.md [PATH_REFERENCE; HIGH; line 27] | SPR007B_ADVANCED_ENGINE.ps1 [FILENAME_REFERENCE; MEDIUM; line 61],0,NO_VERIFIED_REFERENCE,4,0,MEDIUM_REFERENCE_RISK,HIGH,YES,"Confirmed HIGH/MEDIUM references recorded in AUD-004 reference matrix. HOLD preserved; retention, authority, and disposition remain for human review."
INV-0110,logs/SPR007B_ENGINE.log,HOLD,YES,advanced_engine.py [FILENAME_REFERENCE; MEDIUM; line 307] | advanced_engine.py [FILENAME_REFERENCE; MEDIUM; line 578] | reports/SPR007B_ADVANCED_REPORT.json [FILENAME_REFERENCE; MEDIUM; line 4] | reports/SPR007B_ADVANCED_REPORT.md [PATH_REFERENCE; HIGH; line 28],YES,DOCUMENTARY_DEPENDENCY | OPERATIONAL_DEPENDENCY,4,advanced_engine.py [FILENAME_REFERENCE; MEDIUM; line 307] | advanced_engine.py [FILENAME_REFERENCE; MEDIUM; line 578] | reports/SPR007B_ADVANCED_REPORT.json [FILENAME_REFERENCE; MEDIUM; line 4] | reports/SPR007B_ADVANCED_REPORT.md [PATH_REFERENCE; HIGH; line 28],0,NO_VERIFIED_REFERENCE,4,0,MEDIUM_REFERENCE_RISK,HIGH,YES,"Confirmed HIGH/MEDIUM references recorded in AUD-004 reference matrix. HOLD preserved; retention, authority, and disposition remain for human review."
INV-0111,mkdocs.yml,KEEP,NO,NO_VERIFIED_CONSUMER,NO,NO_VERIFIED_DEPENDENCY,0,NO_VERIFIED_REFERENCE,0,NO_VERIFIED_REFERENCE,0,0,LOW_REFERENCE_RISK,HIGH,NO,Full repository enumeration completed; no HIGH/MEDIUM consumer found.
INV-0112,pyproject.toml,KEEP,YES,ARCH-001_CKO_CORE_MASTER_ARCHITECTURE.md [PATH_REFERENCE; HIGH; line 574] | ARCH-001_CKO_CORE_MASTER_ARCHITECTURE.md [PATH_REFERENCE; HIGH; line 584] | ARCH-001_CKO_CORE_MASTER_ARCHITECTURE_v1.2.md [PATH_REFERENCE; HIGH; line 380] | CKO_CORE_BASELINE_CONSOLIDATION_REPORT.md [PATH_REFERENCE; HIGH; line 190] | CKO_CORE_BASELINE_CONSOLIDATION_REPORT.md [PATH_REFERENCE; HIGH; line 21] | CKO_CORE_BASELINE_EXECUTION_REPORT.md [PATH_REFERENCE; HIGH; line 122] | CKO_CORE_V1_GAP_ANALYSIS.md [PATH_REFERENCE; HIGH; line 8] | docs/governance/BASELINE_PREPARATION_REPORT.md [PATH_REFERENCE; HIGH; line 110] | docs/governance/BASELINE_PREPARATION_REPORT.md [PATH_REFERENCE; HIGH; line 115] | docs/governance/BASELINE_PREPARATION_REPORT.md [PATH_REFERENCE; HIGH; line 12] | docs/governance/BASELINE_PREPARATION_REPORT.md [PATH_REFERENCE; HIGH; line 20] | docs/governance/BASELINE_PREPARATION_REPORT.md [PATH_REFERENCE; HIGH; line 63] | docs/governance/BASELINE_PREPARATION_REPORT.md [PATH_REFERENCE; HIGH; line 66] | docs/governance/BASELINE_PREPARATION_REPORT.md [PATH_REFERENCE; HIGH; line 68] | docs/governance/GOV-006_PROJECT_DOSSIER.md [PATH_REFERENCE; HIGH; line 230] | docs/governance/GOV-006_PROJECT_DOSSIER.md [PATH_REFERENCE; HIGH; line 735] | docs/governance/GOV-007_REPOSITORY_CANONICAL_ORGANIZATION.md [PATH_REFERENCE; HIGH; line 279] | SPR008A_IMPLEMENTATION_REPORT.md [PATH_REFERENCE; HIGH; line 116] | SPR008OA_IMPLEMENTATION_REPORT.md [PATH_REFERENCE; HIGH; line 43] | SPR009_ARCHITECTURE_CERTIFICATION_REPORT.md [PATH_REFERENCE; HIGH; line 16] | SPR009_ARCHITECTURE_CERTIFICATION_REPORT.md [PATH_REFERENCE; HIGH; line 82] | SPR009A_IMPLEMENTATION_REPORT.md [PATH_REFERENCE; HIGH; line 26] | SPR009A_IMPLEMENTATION_REPORT.md [PATH_REFERENCE; HIGH; line 33] | SPR009A_IMPLEMENTATION_REPORT.md [PATH_REFERENCE; HIGH; line 87] | SPR016_IMPLEMENTATION_REPORT.md [PATH_REFERENCE; HIGH; line 63] | SPR017_HOMOLOGATION_REPORT.md [PATH_REFERENCE; HIGH; line 15] | SPR017_IMPLEMENTATION_REPORT.md [PATH_REFERENCE; HIGH; line 11] | SPR017_PREIMPLEMENTATION_ARCHITECTURE_AUDIT.md [PATH_REFERENCE; HIGH; line 39] | SPR017_PREIMPLEMENTATION_ARCHITECTURE_AUDIT.md [PATH_REFERENCE; HIGH; line 62] | SPR017_TECHNICAL_SPECIFICATION.md [PATH_REFERENCE; HIGH; line 31] | SPR017_TECHNICAL_SPECIFICATION.md [PATH_REFERENCE; HIGH; line 680] | SPR017_TECHNICAL_SPECIFICATION_AUDIT.md [PATH_REFERENCE; HIGH; line 19] | SPR017E_NOVA_AUDITORIA_FORMAL.md [PATH_REFERENCE; HIGH; line 112] | SPR017E_NOVA_AUDITORIA_FORMAL.md [PATH_REFERENCE; HIGH; line 60] | SPR017E_NOVA_AUDITORIA_FORMAL.md [PATH_REFERENCE; HIGH; line 76] | SPR017G_VERIFICACAO_FINAL.md [PATH_REFERENCE; HIGH; line 65] | src/cko.egg-info/SOURCES.txt [PATH_REFERENCE; HIGH; line 2] | src/cko/core/workspace/build.py [PATH_REFERENCE; HIGH; line 48] | src/cko/core/workspace/paths.py [PATH_REFERENCE; HIGH; line 48] | src/cko/core/workspace/paths.py [PATH_REFERENCE; HIGH; line 58] | tests/test_core_consolidation_spr009a.py [PATH_REFERENCE; HIGH; line 62] | tests/test_workspace_manager.py [PATH_REFERENCE; HIGH; line 242] | tests/test_workspace_manager.py [PATH_REFERENCE; HIGH; line 270] | tests/test_workspace_manager.py [PATH_REFERENCE; HIGH; line 63] | tests/test_workspace_manager.py [PATH_REFERENCE; HIGH; line 65],YES,DOCUMENTARY_DEPENDENCY | OPERATIONAL_DEPENDENCY,45,ARCH-001_CKO_CORE_MASTER_ARCHITECTURE.md [PATH_REFERENCE; HIGH; line 574] | ARCH-001_CKO_CORE_MASTER_ARCHITECTURE.md [PATH_REFERENCE; HIGH; line 584] | ARCH-001_CKO_CORE_MASTER_ARCHITECTURE_v1.2.md [PATH_REFERENCE; HIGH; line 380] | CKO_CORE_BASELINE_CONSOLIDATION_REPORT.md [PATH_REFERENCE; HIGH; line 190] | CKO_CORE_BASELINE_CONSOLIDATION_REPORT.md [PATH_REFERENCE; HIGH; line 21] | CKO_CORE_BASELINE_EXECUTION_REPORT.md [PATH_REFERENCE; HIGH; line 122] | CKO_CORE_V1_GAP_ANALYSIS.md [PATH_REFERENCE; HIGH; line 8] | docs/governance/BASELINE_PREPARATION_REPORT.md [PATH_REFERENCE; HIGH; line 110] | docs/governance/BASELINE_PREPARATION_REPORT.md [PATH_REFERENCE; HIGH; line 115] | docs/governance/BASELINE_PREPARATION_REPORT.md [PATH_REFERENCE; HIGH; line 12] | docs/governance/BASELINE_PREPARATION_REPORT.md [PATH_REFERENCE; HIGH; line 20] | docs/governance/BASELINE_PREPARATION_REPORT.md [PATH_REFERENCE; HIGH; line 63] | docs/governance/BASELINE_PREPARATION_REPORT.md [PATH_REFERENCE; HIGH; line 66] | docs/governance/BASELINE_PREPARATION_REPORT.md [PATH_REFERENCE; HIGH; line 68] | docs/governance/GOV-006_PROJECT_DOSSIER.md [PATH_REFERENCE; HIGH; line 230] | docs/governance/GOV-006_PROJECT_DOSSIER.md [PATH_REFERENCE; HIGH; line 735] | docs/governance/GOV-007_REPOSITORY_CANONICAL_ORGANIZATION.md [PATH_REFERENCE; HIGH; line 279] | SPR008A_IMPLEMENTATION_REPORT.md [PATH_REFERENCE; HIGH; line 116] | SPR008OA_IMPLEMENTATION_REPORT.md [PATH_REFERENCE; HIGH; line 43] | SPR009_ARCHITECTURE_CERTIFICATION_REPORT.md [PATH_REFERENCE; HIGH; line 16] | SPR009_ARCHITECTURE_CERTIFICATION_REPORT.md [PATH_REFERENCE; HIGH; line 82] | SPR009A_IMPLEMENTATION_REPORT.md [PATH_REFERENCE; HIGH; line 26] | SPR009A_IMPLEMENTATION_REPORT.md [PATH_REFERENCE; HIGH; line 33] | SPR009A_IMPLEMENTATION_REPORT.md [PATH_REFERENCE; HIGH; line 87] | SPR016_IMPLEMENTATION_REPORT.md [PATH_REFERENCE; HIGH; line 63] | SPR017_HOMOLOGATION_REPORT.md [PATH_REFERENCE; HIGH; line 15] | SPR017_IMPLEMENTATION_REPORT.md [PATH_REFERENCE; HIGH; line 11] | SPR017_PREIMPLEMENTATION_ARCHITECTURE_AUDIT.md [PATH_REFERENCE; HIGH; line 39] | SPR017_PREIMPLEMENTATION_ARCHITECTURE_AUDIT.md [PATH_REFERENCE; HIGH; line 62] | SPR017_TECHNICAL_SPECIFICATION.md [PATH_REFERENCE; HIGH; line 31] | SPR017_TECHNICAL_SPECIFICATION.md [PATH_REFERENCE; HIGH; line 680] | SPR017_TECHNICAL_SPECIFICATION_AUDIT.md [PATH_REFERENCE; HIGH; line 19] | SPR017E_NOVA_AUDITORIA_FORMAL.md [PATH_REFERENCE; HIGH; line 112] | SPR017E_NOVA_AUDITORIA_FORMAL.md [PATH_REFERENCE; HIGH; line 60] | SPR017E_NOVA_AUDITORIA_FORMAL.md [PATH_REFERENCE; HIGH; line 76] | SPR017G_VERIFICACAO_FINAL.md [PATH_REFERENCE; HIGH; line 65] | src/cko.egg-info/SOURCES.txt [PATH_REFERENCE; HIGH; line 2] | src/cko/core/workspace/build.py [PATH_REFERENCE; HIGH; line 48] | src/cko/core/workspace/paths.py [PATH_REFERENCE; HIGH; line 48] | src/cko/core/workspace/paths.py [PATH_REFERENCE; HIGH; line 58] | tests/test_core_consolidation_spr009a.py [PATH_REFERENCE; HIGH; line 62] | tests/test_workspace_manager.py [PATH_REFERENCE; HIGH; line 242] | tests/test_workspace_manager.py [PATH_REFERENCE; HIGH; line 270] | tests/test_workspace_manager.py [PATH_REFERENCE; HIGH; line 63] | tests/test_workspace_manager.py [PATH_REFERENCE; HIGH; line 65],0,NO_VERIFIED_REFERENCE,45,0,MEDIUM_REFERENCE_RISK,HIGH,NO,Confirmed HIGH/MEDIUM references recorded in AUD-004 reference matrix.
INV-0113,README.md,KEEP,YES,CKO_CORE_BASELINE_CONSOLIDATION_REPORT.md [PATH_REFERENCE; HIGH; line 126] | CKO_CORE_BASELINE_CONSOLIDATION_REPORT.md [PATH_REFERENCE; HIGH; line 70] | CKO_CORE_BASELINE_EXECUTION_REPORT.md [PATH_REFERENCE; HIGH; line 47] | CKO_CORE_BASELINE_EXECUTION_REPORT.md [PATH_REFERENCE; HIGH; line 579] | docs/governance/GOV-006_PROJECT_DOSSIER.md [PATH_REFERENCE; HIGH; line 735] | docs/governance/GOV-007_REPOSITORY_CANONICAL_ORGANIZATION.md [PATH_REFERENCE; HIGH; line 203] | docs/governance/GOV-007_REPOSITORY_CANONICAL_ORGANIZATION.md [PATH_REFERENCE; HIGH; line 260] | docs/governance/GOV-007_REPOSITORY_CANONICAL_ORGANIZATION.md [PATH_REFERENCE; HIGH; line 268] | docs/governance/OPS-004_REPOSITORY_CANONICAL_MIGRATION_PLAN.md [PATH_REFERENCE; HIGH; line 103] | docs/governance/OPS-004_REPOSITORY_CANONICAL_MIGRATION_PLAN.md [PATH_REFERENCE; HIGH; line 110] | docs/governance/OPS-004_REPOSITORY_CANONICAL_MIGRATION_PLAN.md [PATH_REFERENCE; HIGH; line 112] | docs/governance/OPS-004_REPOSITORY_CANONICAL_MIGRATION_PLAN.md [PATH_REFERENCE; HIGH; line 46] | docs/governance/OPS-004_REPOSITORY_CANONICAL_MIGRATION_PLAN.md [PATH_REFERENCE; HIGH; line 54] | docs/governance/OPS-004_REPOSITORY_CANONICAL_MIGRATION_PLAN.md [PATH_REFERENCE; HIGH; line 57] | docs/governance/OPS-004_REPOSITORY_CANONICAL_MIGRATION_PLAN.md [PATH_REFERENCE; HIGH; line 60] | docs/governance/OPS-004_REPOSITORY_CANONICAL_MIGRATION_PLAN.md [PATH_REFERENCE; HIGH; line 61] | docs/governance/OPS-004_REPOSITORY_CANONICAL_MIGRATION_PLAN.md [PATH_REFERENCE; HIGH; line 62] | docs/governance/OPS-004_REPOSITORY_CANONICAL_MIGRATION_PLAN.md [PATH_REFERENCE; HIGH; line 65] | docs/governance/OPS-004_REPOSITORY_CANONICAL_MIGRATION_PLAN.md [PATH_REFERENCE; HIGH; line 93] | docs/governance/OPS-004_REPOSITORY_CANONICAL_MIGRATION_PLAN.md [PATH_REFERENCE; HIGH; line 98] | SPR018_DISCOVERY_AND_SCOPE.md [PATH_REFERENCE; HIGH; line 22] | SPR018_DISCOVERY_AND_SCOPE.md [PATH_REFERENCE; HIGH; line 33] | src/cko.egg-info/SOURCES.txt [PATH_REFERENCE; HIGH; line 1],YES,DOCUMENTARY_DEPENDENCY,45,CKO_CORE_BASELINE_CONSOLIDATION_REPORT.md [PATH_REFERENCE; HIGH; line 126] | CKO_CORE_BASELINE_CONSOLIDATION_REPORT.md [PATH_REFERENCE; HIGH; line 70] | CKO_CORE_BASELINE_EXECUTION_REPORT.md [PATH_REFERENCE; HIGH; line 47] | CKO_CORE_BASELINE_EXECUTION_REPORT.md [PATH_REFERENCE; HIGH; line 579] | docs/governance/GOV-006_PROJECT_DOSSIER.md [PATH_REFERENCE; HIGH; line 735] | docs/governance/GOV-007_REPOSITORY_CANONICAL_ORGANIZATION.md [PATH_REFERENCE; HIGH; line 203] | docs/governance/GOV-007_REPOSITORY_CANONICAL_ORGANIZATION.md [PATH_REFERENCE; HIGH; line 260] | docs/governance/GOV-007_REPOSITORY_CANONICAL_ORGANIZATION.md [PATH_REFERENCE; HIGH; line 268] | docs/governance/OPS-004_REPOSITORY_CANONICAL_MIGRATION_PLAN.md [PATH_REFERENCE; HIGH; line 103] | docs/governance/OPS-004_REPOSITORY_CANONICAL_MIGRATION_PLAN.md [PATH_REFERENCE; HIGH; line 110] | docs/governance/OPS-004_REPOSITORY_CANONICAL_MIGRATION_PLAN.md [PATH_REFERENCE; HIGH; line 112] | docs/governance/OPS-004_REPOSITORY_CANONICAL_MIGRATION_PLAN.md [PATH_REFERENCE; HIGH; line 46] | docs/governance/OPS-004_REPOSITORY_CANONICAL_MIGRATION_PLAN.md [PATH_REFERENCE; HIGH; line 54] | docs/governance/OPS-004_REPOSITORY_CANONICAL_MIGRATION_PLAN.md [PATH_REFERENCE; HIGH; line 57] | docs/governance/OPS-004_REPOSITORY_CANONICAL_MIGRATION_PLAN.md [PATH_REFERENCE; HIGH; line 60] | docs/governance/OPS-004_REPOSITORY_CANONICAL_MIGRATION_PLAN.md [PATH_REFERENCE; HIGH; line 61] | docs/governance/OPS-004_REPOSITORY_CANONICAL_MIGRATION_PLAN.md [PATH_REFERENCE; HIGH; line 62] | docs/governance/OPS-004_REPOSITORY_CANONICAL_MIGRATION_PLAN.md [PATH_REFERENCE; HIGH; line 65] | docs/governance/OPS-004_REPOSITORY_CANONICAL_MIGRATION_PLAN.md [PATH_REFERENCE; HIGH; line 93] | docs/governance/OPS-004_REPOSITORY_CANONICAL_MIGRATION_PLAN.md [PATH_REFERENCE; HIGH; line 98] | SPR018_DISCOVERY_AND_SCOPE.md [PATH_REFERENCE; HIGH; line 22] | SPR018_DISCOVERY_AND_SCOPE.md [PATH_REFERENCE; HIGH; line 33] | src/cko.egg-info/SOURCES.txt [PATH_REFERENCE; HIGH; line 1],5,ARCH-001_CKO_CORE_MASTER_ARCHITECTURE_v1.2.md [PATH_REFERENCE; HIGH; line 15] | CKO_CORE_V1_PUBLIC_API_CATALOG.md [PATH_REFERENCE; HIGH; line 15] | ROADMAP.md [PATH_REFERENCE; HIGH; line 15] | SPR010_IMPLEMENTATION_REPORT.md [IDENTIFIER_REFERENCE; MEDIUM; line 8] | SPR017_HOMOLOGATION_REPORT.md [PATH_REFERENCE; HIGH; line 15],49,1,MEDIUM_REFERENCE_RISK,HIGH,NO,Confirmed HIGH/MEDIUM references recorded in AUD-004 reference matrix.
INV-0114,README_SPR_003.md,MOVE,YES,CKO_CORE_BASELINE_CONSOLIDATION_REPORT.md [PATH_REFERENCE; HIGH; line 250] | CKO_CORE_BASELINE_EXECUTION_REPORT.md [PATH_REFERENCE; HIGH; line 76] | docs/governance/BASELINE_PREPARATION_REPORT.md [PATH_REFERENCE; HIGH; line 29],YES,DOCUMENTARY_DEPENDENCY,3,CKO_CORE_BASELINE_CONSOLIDATION_REPORT.md [PATH_REFERENCE; HIGH; line 250] | CKO_CORE_BASELINE_EXECUTION_REPORT.md [PATH_REFERENCE; HIGH; line 76] | docs/governance/BASELINE_PREPARATION_REPORT.md [PATH_REFERENCE; HIGH; line 29],1,logs/spr003_dry_run_inventory.json [PATH_REFERENCE; HIGH; line 26],4,0,MEDIUM_REFERENCE_RISK,HIGH,YES,Confirmed HIGH/MEDIUM references recorded in AUD-004 reference matrix.
INV-0115,README_SPR_004.md,MOVE,YES,CKO_CORE_BASELINE_CONSOLIDATION_REPORT.md [PATH_REFERENCE; HIGH; line 251] | CKO_CORE_BASELINE_EXECUTION_REPORT.md [PATH_REFERENCE; HIGH; line 77] | docs/governance/BASELINE_PREPARATION_REPORT.md [PATH_REFERENCE; HIGH; line 30],YES,DOCUMENTARY_DEPENDENCY,3,CKO_CORE_BASELINE_CONSOLIDATION_REPORT.md [PATH_REFERENCE; HIGH; line 251] | CKO_CORE_BASELINE_EXECUTION_REPORT.md [PATH_REFERENCE; HIGH; line 77] | docs/governance/BASELINE_PREPARATION_REPORT.md [PATH_REFERENCE; HIGH; line 30],4,docs/sprint/SPR004_REPORT.md [PATH_REFERENCE; HIGH; line 42] | logs/duplicates.json [PATH_REFERENCE; HIGH; line 38] | logs/SPR004.log [PATH_REFERENCE; HIGH; line 36] | logs/spr004_inventory.json [PATH_REFERENCE; HIGH; line 37],7,0,HIGH_REFERENCE_RISK,HIGH,YES,Confirmed HIGH/MEDIUM references recorded in AUD-004 reference matrix.
INV-0116,reports/SPR007B_ADVANCED_REPORT.json,KEEP,YES,advanced_engine.py [FILENAME_REFERENCE; MEDIUM; line 309] | advanced_engine.py [FILENAME_REFERENCE; MEDIUM; line 609] | advanced_engine.py [FILENAME_REFERENCE; MEDIUM; line 636] | CKO_CORE_BASELINE_CONSOLIDATION_REPORT.md [PATH_REFERENCE; HIGH; line 87] | docs/governance/BASELINE_PREPARATION_REPORT.md [PATH_REFERENCE; HIGH; line 99] | reports/SPR007B_ADVANCED_REPORT.md [PATH_REFERENCE; HIGH; line 30],YES,DOCUMENTARY_DEPENDENCY | OPERATIONAL_DEPENDENCY,6,advanced_engine.py [FILENAME_REFERENCE; MEDIUM; line 309] | advanced_engine.py [FILENAME_REFERENCE; MEDIUM; line 609] | advanced_engine.py [FILENAME_REFERENCE; MEDIUM; line 636] | CKO_CORE_BASELINE_CONSOLIDATION_REPORT.md [PATH_REFERENCE; HIGH; line 87] | docs/governance/BASELINE_PREPARATION_REPORT.md [PATH_REFERENCE; HIGH; line 99] | reports/SPR007B_ADVANCED_REPORT.md [PATH_REFERENCE; HIGH; line 30],3,logs/SPR007B_BOOTSTRAP.log [FILENAME_REFERENCE; MEDIUM; line 3] | logs/SPR007B_ENGINE.log [FILENAME_REFERENCE; MEDIUM; line 4] | reports/SPR007B_ADVANCED_REPORT.md [FILENAME_REFERENCE; MEDIUM; line 6],9,0,MEDIUM_REFERENCE_RISK,HIGH,NO,Confirmed HIGH/MEDIUM references recorded in AUD-004 reference matrix.
INV-0117,reports/SPR007B_ADVANCED_REPORT.md,KEEP,YES,advanced_engine.py [FILENAME_REFERENCE; MEDIUM; line 308] | advanced_engine.py [FILENAME_REFERENCE; MEDIUM; line 608] | advanced_engine.py [FILENAME_REFERENCE; MEDIUM; line 635] | CKO_CORE_BASELINE_CONSOLIDATION_REPORT.md [PATH_REFERENCE; HIGH; line 321] | CKO_CORE_BASELINE_EXECUTION_REPORT.md [PATH_REFERENCE; HIGH; line 123] | reports/SPR007B_ADVANCED_REPORT.json [FILENAME_REFERENCE; MEDIUM; line 6],YES,DOCUMENTARY_DEPENDENCY | OPERATIONAL_DEPENDENCY,6,advanced_engine.py [FILENAME_REFERENCE; MEDIUM; line 308] | advanced_engine.py [FILENAME_REFERENCE; MEDIUM; line 608] | advanced_engine.py [FILENAME_REFERENCE; MEDIUM; line 635] | CKO_CORE_BASELINE_CONSOLIDATION_REPORT.md [PATH_REFERENCE; HIGH; line 321] | CKO_CORE_BASELINE_EXECUTION_REPORT.md [PATH_REFERENCE; HIGH; line 123] | reports/SPR007B_ADVANCED_REPORT.json [FILENAME_REFERENCE; MEDIUM; line 6],3,logs/SPR007B_BOOTSTRAP.log [PATH_REFERENCE; HIGH; line 27] | logs/SPR007B_ENGINE.log [PATH_REFERENCE; HIGH; line 28] | reports/SPR007B_ADVANCED_REPORT.json [PATH_REFERENCE; HIGH; line 30],9,0,MEDIUM_REFERENCE_RISK,HIGH,NO,Confirmed HIGH/MEDIUM references recorded in AUD-004 reference matrix.
INV-0118,reports/spr008j_trace/.gitkeep,KEEP,YES,CKO_CORE_BASELINE_CONSOLIDATION_REPORT.md [FILENAME_REFERENCE; MEDIUM; line 323] | CKO_CORE_BASELINE_CONSOLIDATION_REPORT.md [FILENAME_REFERENCE; MEDIUM; line 82] | CKO_CORE_BASELINE_CONSOLIDATION_REPORT.md [PATH_REFERENCE; HIGH; line 322] | CKO_CORE_BASELINE_EXECUTION_REPORT.md [FILENAME_REFERENCE; MEDIUM; line 125] | CKO_CORE_BASELINE_EXECUTION_REPORT.md [FILENAME_REFERENCE; MEDIUM; line 43] | CKO_CORE_BASELINE_EXECUTION_REPORT.md [PATH_REFERENCE; HIGH; line 124] | SPR008M_IMPLEMENTATION_REPORT.md [FILENAME_REFERENCE; MEDIUM; line 141],YES,DOCUMENTARY_DEPENDENCY,7,CKO_CORE_BASELINE_CONSOLIDATION_REPORT.md [FILENAME_REFERENCE; MEDIUM; line 323] | CKO_CORE_BASELINE_CONSOLIDATION_REPORT.md [FILENAME_REFERENCE; MEDIUM; line 82] | CKO_CORE_BASELINE_CONSOLIDATION_REPORT.md [PATH_REFERENCE; HIGH; line 322] | CKO_CORE_BASELINE_EXECUTION_REPORT.md [FILENAME_REFERENCE; MEDIUM; line 125] | CKO_CORE_BASELINE_EXECUTION_REPORT.md [FILENAME_REFERENCE; MEDIUM; line 43] | CKO_CORE_BASELINE_EXECUTION_REPORT.md [PATH_REFERENCE; HIGH; line 124] | SPR008M_IMPLEMENTATION_REPORT.md [FILENAME_REFERENCE; MEDIUM; line 141],0,NO_VERIFIED_REFERENCE,7,0,MEDIUM_REFERENCE_RISK,HIGH,NO,Confirmed HIGH/MEDIUM references recorded in AUD-004 reference matrix.
INV-0119,reports/spr008m_trace/.gitkeep,KEEP,YES,CKO_CORE_BASELINE_CONSOLIDATION_REPORT.md [FILENAME_REFERENCE; MEDIUM; line 322] | CKO_CORE_BASELINE_CONSOLIDATION_REPORT.md [FILENAME_REFERENCE; MEDIUM; line 82] | CKO_CORE_BASELINE_CONSOLIDATION_REPORT.md [PATH_REFERENCE; HIGH; line 323] | CKO_CORE_BASELINE_EXECUTION_REPORT.md [FILENAME_REFERENCE; MEDIUM; line 124] | CKO_CORE_BASELINE_EXECUTION_REPORT.md [FILENAME_REFERENCE; MEDIUM; line 43] | CKO_CORE_BASELINE_EXECUTION_REPORT.md [PATH_REFERENCE; HIGH; line 125] | SPR008M_IMPLEMENTATION_REPORT.md [PATH_REFERENCE; HIGH; line 141],YES,DOCUMENTARY_DEPENDENCY,7,CKO_CORE_BASELINE_CONSOLIDATION_REPORT.md [FILENAME_REFERENCE; MEDIUM; line 322] | CKO_CORE_BASELINE_CONSOLIDATION_REPORT.md [FILENAME_REFERENCE; MEDIUM; line 82] | CKO_CORE_BASELINE_CONSOLIDATION_REPORT.md [PATH_REFERENCE; HIGH; line 323] | CKO_CORE_BASELINE_EXECUTION_REPORT.md [FILENAME_REFERENCE; MEDIUM; line 124] | CKO_CORE_BASELINE_EXECUTION_REPORT.md [FILENAME_REFERENCE; MEDIUM; line 43] | CKO_CORE_BASELINE_EXECUTION_REPORT.md [PATH_REFERENCE; HIGH; line 125] | SPR008M_IMPLEMENTATION_REPORT.md [PATH_REFERENCE; HIGH; line 141],0,NO_VERIFIED_REFERENCE,7,0,MEDIUM_REFERENCE_RISK,HIGH,NO,Confirmed HIGH/MEDIUM references recorded in AUD-004 reference matrix.
INV-0120,requirements.txt,KEEP,YES,ARCH-001_CKO_CORE_MASTER_ARCHITECTURE_v1.2.md [PATH_REFERENCE; HIGH; line 416] | CKO_CORE_V1_DEPENDENCY_MATRIX.md [PATH_REFERENCE; HIGH; line 49] | CKO_CORE_V1_DEPENDENCY_MATRIX.md [PATH_REFERENCE; HIGH; line 60] | SPR009_ARCHITECTURE_CERTIFICATION_REPORT.md [PATH_REFERENCE; HIGH; line 16],YES,DOCUMENTARY_DEPENDENCY,4,ARCH-001_CKO_CORE_MASTER_ARCHITECTURE_v1.2.md [PATH_REFERENCE; HIGH; line 416] | CKO_CORE_V1_DEPENDENCY_MATRIX.md [PATH_REFERENCE; HIGH; line 49] | CKO_CORE_V1_DEPENDENCY_MATRIX.md [PATH_REFERENCE; HIGH; line 60] | SPR009_ARCHITECTURE_CERTIFICATION_REPORT.md [PATH_REFERENCE; HIGH; line 16],0,NO_VERIFIED_REFERENCE,4,0,MEDIUM_REFERENCE_RISK,HIGH,NO,Confirmed HIGH/MEDIUM references recorded in AUD-004 reference matrix.
INV-0121,ROADMAP.md,KEEP,YES,CKO_CORE_BASELINE_CONSOLIDATION_REPORT.md [PATH_REFERENCE; HIGH; line 126] | CKO_CORE_BASELINE_EXECUTION_REPORT.md [PATH_REFERENCE; HIGH; line 47] | CKO_CORE_BASELINE_EXECUTION_REPORT.md [PATH_REFERENCE; HIGH; line 580] | docs/governance/GOV-006_PROJECT_DOSSIER.md [PATH_REFERENCE; HIGH; line 403] | docs/governance/GOV-006_PROJECT_DOSSIER.md [PATH_REFERENCE; HIGH; line 687] | docs/governance/GOV-006_PROJECT_DOSSIER.md [PATH_REFERENCE; HIGH; line 735] | docs/governance/GOV-006_PROJECT_DOSSIER.md [PATH_REFERENCE; HIGH; line 818] | docs/governance/GOV-007_REPOSITORY_CANONICAL_ORGANIZATION.md [PATH_REFERENCE; HIGH; line 270] | docs/governance/OPS-004_REPOSITORY_CANONICAL_MIGRATION_PLAN.md [PATH_REFERENCE; HIGH; line 46] | README.md [PATH_REFERENCE; HIGH; line 15] | SPR018_DISCOVERY_AND_SCOPE.md [PATH_REFERENCE; HIGH; line 22],YES,DOCUMENTARY_DEPENDENCY,11,CKO_CORE_BASELINE_CONSOLIDATION_REPORT.md [PATH_REFERENCE; HIGH; line 126] | CKO_CORE_BASELINE_EXECUTION_REPORT.md [PATH_REFERENCE; HIGH; line 47] | CKO_CORE_BASELINE_EXECUTION_REPORT.md [PATH_REFERENCE; HIGH; line 580] | docs/governance/GOV-006_PROJECT_DOSSIER.md [PATH_REFERENCE; HIGH; line 403] | docs/governance/GOV-006_PROJECT_DOSSIER.md [PATH_REFERENCE; HIGH; line 687] | docs/governance/GOV-006_PROJECT_DOSSIER.md [PATH_REFERENCE; HIGH; line 735] | docs/governance/GOV-006_PROJECT_DOSSIER.md [PATH_REFERENCE; HIGH; line 818] | docs/governance/GOV-007_REPOSITORY_CANONICAL_ORGANIZATION.md [PATH_REFERENCE; HIGH; line 270] | docs/governance/OPS-004_REPOSITORY_CANONICAL_MIGRATION_PLAN.md [PATH_REFERENCE; HIGH; line 46] | README.md [PATH_REFERENCE; HIGH; line 15] | SPR018_DISCOVERY_AND_SCOPE.md [PATH_REFERENCE; HIGH; line 22],6,SPR010_IMPLEMENTATION_REPORT.md [IDENTIFIER_REFERENCE; MEDIUM; line 6] | SPR011_IMPLEMENTATION_REPORT.md [IDENTIFIER_REFERENCE; MEDIUM; line 7] | SPR012_IMPLEMENTATION_REPORT.md [IDENTIFIER_REFERENCE; MEDIUM; line 8] | SPR013_IMPLEMENTATION_REPORT.md [IDENTIFIER_REFERENCE; MEDIUM; line 9] | SPR014_IMPLEMENTATION_REPORT.md [IDENTIFIER_REFERENCE; MEDIUM; line 10] | SPR015_IMPLEMENTATION_REPORT.md [IDENTIFIER_REFERENCE; MEDIUM; line 11],11,6,MEDIUM_REFERENCE_RISK,HIGH,NO,Confirmed HIGH/MEDIUM references recorded in AUD-004 reference matrix.
INV-0122,SECURITY.md,KEEP,YES,docs/governance/GOV-007_REPOSITORY_CANONICAL_ORGANIZATION.md [PATH_REFERENCE; HIGH; line 272] | docs/governance/OPS-004_REPOSITORY_CANONICAL_MIGRATION_PLAN.md [PATH_REFERENCE; HIGH; line 46],YES,DOCUMENTARY_DEPENDENCY,2,docs/governance/GOV-007_REPOSITORY_CANONICAL_ORGANIZATION.md [PATH_REFERENCE; HIGH; line 272] | docs/governance/OPS-004_REPOSITORY_CANONICAL_MIGRATION_PLAN.md [PATH_REFERENCE; HIGH; line 46],0,NO_VERIFIED_REFERENCE,2,0,MEDIUM_REFERENCE_RISK,HIGH,NO,Confirmed HIGH/MEDIUM references recorded in AUD-004 reference matrix.
INV-0123,SPR005_MANIFEST.json,KEEP,YES,CKO_CORE_BASELINE_CONSOLIDATION_REPORT.md [PATH_REFERENCE; HIGH; line 252] | CKO_CORE_BASELINE_EXECUTION_REPORT.md [PATH_REFERENCE; HIGH; line 78] | docs/governance/BASELINE_PREPARATION_REPORT.md [PATH_REFERENCE; HIGH; line 31],YES,DOCUMENTARY_DEPENDENCY | OPERATIONAL_DEPENDENCY,3,CKO_CORE_BASELINE_CONSOLIDATION_REPORT.md [PATH_REFERENCE; HIGH; line 252] | CKO_CORE_BASELINE_EXECUTION_REPORT.md [PATH_REFERENCE; HIGH; line 78] | docs/governance/BASELINE_PREPARATION_REPORT.md [PATH_REFERENCE; HIGH; line 31],2,ARQUITETURA_ATUAL.txt [PATH_REFERENCE; HIGH; line 5] | logs/spr004_inventory.json [PATH_REFERENCE; HIGH; line 16],5,0,MEDIUM_REFERENCE_RISK,HIGH,NO,Confirmed HIGH/MEDIUM references recorded in AUD-004 reference matrix.
INV-0124,SPR006A_MANIFEST.json,KEEP,YES,CKO_CORE_BASELINE_CONSOLIDATION_REPORT.md [PATH_REFERENCE; HIGH; line 253] | CKO_CORE_BASELINE_EXECUTION_REPORT.md [PATH_REFERENCE; HIGH; line 79] | docs/governance/BASELINE_PREPARATION_REPORT.md [PATH_REFERENCE; HIGH; line 32],YES,DOCUMENTARY_DEPENDENCY,3,CKO_CORE_BASELINE_CONSOLIDATION_REPORT.md [PATH_REFERENCE; HIGH; line 253] | CKO_CORE_BASELINE_EXECUTION_REPORT.md [PATH_REFERENCE; HIGH; line 79] | docs/governance/BASELINE_PREPARATION_REPORT.md [PATH_REFERENCE; HIGH; line 32],0,NO_VERIFIED_REFERENCE,3,0,MEDIUM_REFERENCE_RISK,HIGH,NO,Confirmed HIGH/MEDIUM references recorded in AUD-004 reference matrix.
INV-0125,SPR007B_ADVANCED_ENGINE.cmd,KEEP,YES,CKO_CORE_BASELINE_CONSOLIDATION_REPORT.md [PATH_REFERENCE; HIGH; line 254] | CKO_CORE_BASELINE_EXECUTION_REPORT.md [PATH_REFERENCE; HIGH; line 80] | docs/governance/BASELINE_PREPARATION_REPORT.md [PATH_REFERENCE; HIGH; line 33],YES,DOCUMENTARY_DEPENDENCY | OPERATIONAL_DEPENDENCY,3,CKO_CORE_BASELINE_CONSOLIDATION_REPORT.md [PATH_REFERENCE; HIGH; line 254] | CKO_CORE_BASELINE_EXECUTION_REPORT.md [PATH_REFERENCE; HIGH; line 80] | docs/governance/BASELINE_PREPARATION_REPORT.md [PATH_REFERENCE; HIGH; line 33],1,SPR007B_ADVANCED_ENGINE.ps1 [PATH_REFERENCE; HIGH; line 6],4,0,MEDIUM_REFERENCE_RISK,HIGH,NO,Confirmed HIGH/MEDIUM references recorded in AUD-004 reference matrix.
INV-0126,SPR007B_ADVANCED_ENGINE.ps1,KEEP,YES,CKO_CORE_BASELINE_CONSOLIDATION_REPORT.md [PATH_REFERENCE; HIGH; line 255] | CKO_CORE_BASELINE_EXECUTION_REPORT.md [PATH_REFERENCE; HIGH; line 81] | docs/governance/BASELINE_PREPARATION_REPORT.md [PATH_REFERENCE; HIGH; line 34] | SPR007B_ADVANCED_ENGINE.cmd [PATH_REFERENCE; HIGH; line 6],YES,DOCUMENTARY_DEPENDENCY | OPERATIONAL_DEPENDENCY,4,CKO_CORE_BASELINE_CONSOLIDATION_REPORT.md [PATH_REFERENCE; HIGH; line 255] | CKO_CORE_BASELINE_EXECUTION_REPORT.md [PATH_REFERENCE; HIGH; line 81] | docs/governance/BASELINE_PREPARATION_REPORT.md [PATH_REFERENCE; HIGH; line 34] | SPR007B_ADVANCED_ENGINE.cmd [PATH_REFERENCE; HIGH; line 6],4,advanced_engine.py [PATH_REFERENCE; HIGH; line 132] | advanced_engine.py [PATH_REFERENCE; HIGH; line 134] | advanced_engine.py [PATH_REFERENCE; HIGH; line 172] | logs/SPR007B_BOOTSTRAP.log [FILENAME_REFERENCE; MEDIUM; line 61],8,0,MEDIUM_REFERENCE_RISK,HIGH,NO,Confirmed HIGH/MEDIUM references recorded in AUD-004 reference matrix.
INV-0127,SPR008A_IMPLEMENTATION_REPORT.md,MOVE,YES,ARCH-001_CKO_CORE_MASTER_ARCHITECTURE.md [IDENTIFIER_REFERENCE; MEDIUM; line 1159] | ARCH-001_CKO_CORE_MASTER_ARCHITECTURE.md [IDENTIFIER_REFERENCE; MEDIUM; line 141] | ARCH-001_CKO_CORE_MASTER_ARCHITECTURE.md [IDENTIFIER_REFERENCE; MEDIUM; line 8] | ARCH-001_CKO_CORE_MASTER_ARCHITECTURE_v1.1.md [IDENTIFIER_REFERENCE; MEDIUM; line 115] | ARCH-001_CKO_CORE_MASTER_ARCHITECTURE_v1.1.md [IDENTIFIER_REFERENCE; MEDIUM; line 304] | ARCH-001_CKO_CORE_MASTER_ARCHITECTURE_v1.1.md [IDENTIFIER_REFERENCE; MEDIUM; line 682] | ARCH-001_CKO_CORE_MASTER_ARCHITECTURE_v1.1.md [IDENTIFIER_REFERENCE; MEDIUM; line 790] | ARCH-001_CKO_CORE_MASTER_ARCHITECTURE_v1.1.md [IDENTIFIER_REFERENCE; MEDIUM; line 8] | ARCH-001_CKO_CORE_MASTER_ARCHITECTURE_v1.1.md [IDENTIFIER_REFERENCE; MEDIUM; line 977] | ARCH-001_CKO_CORE_MASTER_ARCHITECTURE_v1.1.md [IDENTIFIER_REFERENCE; MEDIUM; line 996] | ARCH-001_CKO_CORE_MASTER_ARCHITECTURE_v1.2.md [IDENTIFIER_REFERENCE; MEDIUM; line 16] | ARCH-001_CKO_CORE_MASTER_ARCHITECTURE_v1.2.md [IDENTIFIER_REFERENCE; MEDIUM; line 548] | CKO_CORE_BASELINE_CONSOLIDATION_REPORT.md [IDENTIFIER_REFERENCE; MEDIUM; line 190] | CKO_CORE_BASELINE_CONSOLIDATION_REPORT.md [IDENTIFIER_REFERENCE; MEDIUM; line 256] | CKO_CORE_BASELINE_CONSOLIDATION_REPORT.md [IDENTIFIER_REFERENCE; MEDIUM; line 354] | CKO_CORE_BASELINE_CONSOLIDATION_REPORT.md [IDENTIFIER_REFERENCE; MEDIUM; line 355] | CKO_CORE_BASELINE_CONSOLIDATION_REPORT.md [IDENTIFIER_REFERENCE; MEDIUM; line 356] | CKO_CORE_BASELINE_CONSOLIDATION_REPORT.md [IDENTIFIER_REFERENCE; MEDIUM; line 357] | CKO_CORE_BASELINE_CONSOLIDATION_REPORT.md [IDENTIFIER_REFERENCE; MEDIUM; line 358] | CKO_CORE_BASELINE_CONSOLIDATION_REPORT.md [IDENTIFIER_REFERENCE; MEDIUM; line 366] | CKO_CORE_BASELINE_CONSOLIDATION_REPORT.md [IDENTIFIER_REFERENCE; MEDIUM; line 367] | CKO_CORE_BASELINE_CONSOLIDATION_REPORT.md [IDENTIFIER_REFERENCE; MEDIUM; line 442] | CKO_CORE_BASELINE_CONSOLIDATION_REPORT.md [IDENTIFIER_REFERENCE; MEDIUM; line 443] | CKO_CORE_BASELINE_CONSOLIDATION_REPORT.md [IDENTIFIER_REFERENCE; MEDIUM; line 463] | CKO_CORE_BASELINE_CONSOLIDATION_REPORT.md [IDENTIFIER_REFERENCE; MEDIUM; line 464] | CKO_CORE_BASELINE_CONSOLIDATION_REPORT.md [IDENTIFIER_REFERENCE; MEDIUM; line 465] | CKO_CORE_BASELINE_CONSOLIDATION_REPORT.md [IDENTIFIER_REFERENCE; MEDIUM; line 466] | CKO_CORE_BASELINE_CONSOLIDATION_REPORT.md [IDENTIFIER_REFERENCE; MEDIUM; line 499] | CKO_CORE_BASELINE_CONSOLIDATION_REPORT.md [IDENTIFIER_REFERENCE; MEDIUM; line 500] | CKO_CORE_BASELINE_CONSOLIDATION_REPORT.md [IDENTIFIER_REFERENCE; MEDIUM; line 501] | CKO_CORE_BASELINE_CONSOLIDATION_REPORT.md [IDENTIFIER_REFERENCE; MEDIUM; line 502] | CKO_CORE_BASELINE_CONSOLIDATION_REPORT.md [IDENTIFIER_REFERENCE; MEDIUM; line 503] | CKO_CORE_BASELINE_CONSOLIDATION_REPORT.md [IDENTIFIER_REFERENCE; MEDIUM; line 504] | CKO_CORE_BASELINE_CONSOLIDATION_REPORT.md [IDENTIFIER_REFERENCE; MEDIUM; line 505] | CKO_CORE_BASELINE_CONSOLIDATION_REPORT.md [IDENTIFIER_REFERENCE; MEDIUM; line 506] | CKO_CORE_BASELINE_CONSOLIDATION_REPORT.md [IDENTIFIER_REFERENCE; MEDIUM; line 573] | CKO_CORE_BASELINE_CONSOLIDATION_REPORT.md [IDENTIFIER_REFERENCE; MEDIUM; line 574] | CKO_CORE_BASELINE_CONSOLIDATION_REPORT.md [IDENTIFIER_REFERENCE; MEDIUM; line 575] | CKO_CORE_BASELINE_CONSOLIDATION_REPORT.md [IDENTIFIER_REFERENCE; MEDIUM; line 610] | CKO_CORE_BASELINE_CONSOLIDATION_REPORT.md [IDENTIFIER_REFERENCE; MEDIUM; line 611] | CKO_CORE_BASELINE_CONSOLIDATION_REPORT.md [IDENTIFIER_REFERENCE; MEDIUM; line 617] | CKO_CORE_BASELINE_CONSOLIDATION_REPORT.md [PATH_REFERENCE; HIGH; line 256] | CKO_CORE_BASELINE_EXECUTION_REPORT.md [IDENTIFIER_REFERENCE; MEDIUM; line 321] | CKO_CORE_BASELINE_EXECUTION_REPORT.md [IDENTIFIER_REFERENCE; MEDIUM; line 322] | CKO_CORE_BASELINE_EXECUTION_REPORT.md [IDENTIFIER_REFERENCE; MEDIUM; line 328] | CKO_CORE_BASELINE_EXECUTION_REPORT.md [IDENTIFIER_REFERENCE; MEDIUM; line 82] | CKO_CORE_BASELINE_EXECUTION_REPORT.md [PATH_REFERENCE; HIGH; line 82] | docs/governance/GOV-006_PROJECT_DOSSIER.md [IDENTIFIER_REFERENCE; MEDIUM; line 135] | docs/governance/GOV-006_PROJECT_DOSSIER.md [IDENTIFIER_REFERENCE; MEDIUM; line 257] | docs/governance/GOV-006_PROJECT_DOSSIER.md [IDENTIFIER_REFERENCE; MEDIUM; line 413] | docs/governance/GOV-006_PROJECT_DOSSIER.md [IDENTIFIER_REFERENCE; MEDIUM; line 682] | docs/governance/OPS-004_REPOSITORY_CANONICAL_MIGRATION_PLAN.md [IDENTIFIER_REFERENCE; MEDIUM; line 66] | docs/governance/OPS-004_REPOSITORY_CANONICAL_MIGRATION_PLAN.md [IDENTIFIER_REFERENCE; MEDIUM; line 67] | docs/governance/OPS-004_REPOSITORY_CANONICAL_MIGRATION_PLAN.md [IDENTIFIER_REFERENCE; MEDIUM; line 68] | docs/governance/OPS-004_REPOSITORY_CANONICAL_MIGRATION_PLAN.md [IDENTIFIER_REFERENCE; MEDIUM; line 71] | GOV-005_PROJECT_EFFORT_AUDIT.md [IDENTIFIER_REFERENCE; MEDIUM; line 161] | GOV-005_PROJECT_EFFORT_AUDIT.md [IDENTIFIER_REFERENCE; MEDIUM; line 197] | GOV-005_PROJECT_EFFORT_AUDIT.md [IDENTIFIER_REFERENCE; MEDIUM; line 226] | GOV-005_PROJECT_EFFORT_AUDIT.md [IDENTIFIER_REFERENCE; MEDIUM; line 381] | GOV-005_PROJECT_EFFORT_AUDIT.md [IDENTIFIER_REFERENCE; MEDIUM; line 555] | SPR008B_IMPLEMENTATION_REPORT.md [IDENTIFIER_REFERENCE; MEDIUM; line 128] | SPR008B_IMPLEMENTATION_REPORT.md [IDENTIFIER_REFERENCE; MEDIUM; line 153] | SPR008B_IMPLEMENTATION_REPORT.md [IDENTIFIER_REFERENCE; MEDIUM; line 73] | SPR008B_IMPLEMENTATION_REPORT.md [IDENTIFIER_REFERENCE; MEDIUM; line 76] | SPR008B_IMPLEMENTATION_REPORT.md [IDENTIFIER_REFERENCE; MEDIUM; line 78] | SPR008B_IMPLEMENTATION_REPORT.md [IDENTIFIER_REFERENCE; MEDIUM; line 9] | SPR008C_IMPLEMENTATION_REPORT.md [IDENTIFIER_REFERENCE; MEDIUM; line 100] | SPR008C_IMPLEMENTATION_REPORT.md [IDENTIFIER_REFERENCE; MEDIUM; line 103] | SPR008C_IMPLEMENTATION_REPORT.md [IDENTIFIER_REFERENCE; MEDIUM; line 126] | SPR008C_IMPLEMENTATION_REPORT.md [IDENTIFIER_REFERENCE; MEDIUM; line 192] | SPR008C_IMPLEMENTATION_REPORT.md [IDENTIFIER_REFERENCE; MEDIUM; line 9] | SPR008D_IMPLEMENTATION_REPORT.md [IDENTIFIER_REFERENCE; MEDIUM; line 195] | SPR008D_IMPLEMENTATION_REPORT.md [IDENTIFIER_REFERENCE; MEDIUM; line 244] | SPR008D_IMPLEMENTATION_REPORT.md [IDENTIFIER_REFERENCE; MEDIUM; line 290] | SPR008D_IMPLEMENTATION_REPORT.md [IDENTIFIER_REFERENCE; MEDIUM; line 9] | SPR008E_IMPLEMENTATION_REPORT.md [IDENTIFIER_REFERENCE; MEDIUM; line 173] | SPR008E_IMPLEMENTATION_REPORT.md [IDENTIFIER_REFERENCE; MEDIUM; line 230] | SPR008E_IMPLEMENTATION_REPORT.md [IDENTIFIER_REFERENCE; MEDIUM; line 243] | SPR008E_IMPLEMENTATION_REPORT.md [IDENTIFIER_REFERENCE; MEDIUM; line 285] | SPR008E_IMPLEMENTATION_REPORT.md [IDENTIFIER_REFERENCE; MEDIUM; line 317] | SPR008F_IMPLEMENTATION_REPORT.md [IDENTIFIER_REFERENCE; MEDIUM; line 287] | SPR008F_IMPLEMENTATION_REPORT.md [IDENTIFIER_REFERENCE; MEDIUM; line 339] | SPR008F_IMPLEMENTATION_REPORT.md [IDENTIFIER_REFERENCE; MEDIUM; line 385] | SPR008G_IMPLEMENTATION_REPORT.md [IDENTIFIER_REFERENCE; MEDIUM; line 178] | SPR008G_IMPLEMENTATION_REPORT.md [IDENTIFIER_REFERENCE; MEDIUM; line 180] | SPR008G_IMPLEMENTATION_REPORT.md [IDENTIFIER_REFERENCE; MEDIUM; line 206] | SPR008G_IMPLEMENTATION_REPORT.md [IDENTIFIER_REFERENCE; MEDIUM; line 238] | SPR008G_IMPLEMENTATION_REPORT.md [IDENTIFIER_REFERENCE; MEDIUM; line 270] | SPR008H_IMPLEMENTATION_REPORT.md [IDENTIFIER_REFERENCE; MEDIUM; line 145] | SPR008H_IMPLEMENTATION_REPORT.md [IDENTIFIER_REFERENCE; MEDIUM; line 167] | SPR008H_IMPLEMENTATION_REPORT.md [IDENTIFIER_REFERENCE; MEDIUM; line 191] | SPR008I_IMPLEMENTATION_REPORT.md [IDENTIFIER_REFERENCE; MEDIUM; line 185] | SPR008I_IMPLEMENTATION_REPORT.md [IDENTIFIER_REFERENCE; MEDIUM; line 212] | SPR008I_IMPLEMENTATION_REPORT.md [IDENTIFIER_REFERENCE; MEDIUM; line 234] | SPR008J_IMPLEMENTATION_REPORT.md [IDENTIFIER_REFERENCE; MEDIUM; line 177] | SPR008K_IMPLEMENTATION_REPORT.md [IDENTIFIER_REFERENCE; MEDIUM; line 134] | SPR008K_IMPLEMENTATION_REPORT.md [IDENTIFIER_REFERENCE; MEDIUM; line 155] | SPR008K_IMPLEMENTATION_REPORT.md [IDENTIFIER_REFERENCE; MEDIUM; line 173] | SPR008L_IMPLEMENTATION_REPORT.md [IDENTIFIER_REFERENCE; MEDIUM; line 154] | SPR008L_IMPLEMENTATION_REPORT.md [IDENTIFIER_REFERENCE; MEDIUM; line 182] | SPR008L_IMPLEMENTATION_REPORT.md [IDENTIFIER_REFERENCE; MEDIUM; line 199] | SPR008M_IMPLEMENTATION_REPORT.md [IDENTIFIER_REFERENCE; MEDIUM; line 185] | SPR008M_IMPLEMENTATION_REPORT.md [IDENTIFIER_REFERENCE; MEDIUM; line 211] | SPR008M_IMPLEMENTATION_REPORT.md [IDENTIFIER_REFERENCE; MEDIUM; line 229] | SPR008M_IMPLEMENTATION_REPORT.md [IDENTIFIER_REFERENCE; MEDIUM; line 238] | SPR008N_IMPLEMENTATION_REPORT.md [IDENTIFIER_REFERENCE; MEDIUM; line 184] | SPR008N_IMPLEMENTATION_REPORT.md [IDENTIFIER_REFERENCE; MEDIUM; line 225] | SPR008N_IMPLEMENTATION_REPORT.md [IDENTIFIER_REFERENCE; MEDIUM; line 228] | SPR008N_IMPLEMENTATION_REPORT.md [IDENTIFIER_REFERENCE; MEDIUM; line 244] | SPR008N_IMPLEMENTATION_REPORT.md [IDENTIFIER_REFERENCE; MEDIUM; line 258] | SPR008O_IMPLEMENTATION_REPORT.md [IDENTIFIER_REFERENCE; MEDIUM; line 163] | SPR008O_IMPLEMENTATION_REPORT.md [IDENTIFIER_REFERENCE; MEDIUM; line 204] | SPR008O_IMPLEMENTATION_REPORT.md [IDENTIFIER_REFERENCE; MEDIUM; line 222] | SPR008O_IMPLEMENTATION_REPORT.md [IDENTIFIER_REFERENCE; MEDIUM; line 237] | SPR008OA_IMPLEMENTATION_REPORT.md [IDENTIFIER_REFERENCE; MEDIUM; line 178] | SPR008P_IMPLEMENTATION_REPORT.md [IDENTIFIER_REFERENCE; MEDIUM; line 187] | SPR008P_IMPLEMENTATION_REPORT.md [IDENTIFIER_REFERENCE; MEDIUM; line 256] | SPR008P_IMPLEMENTATION_REPORT.md [IDENTIFIER_REFERENCE; MEDIUM; line 270] | SPR008Q_IMPLEMENTATION_REPORT.md [IDENTIFIER_REFERENCE; MEDIUM; line 192] | SPR008Q_IMPLEMENTATION_REPORT.md [IDENTIFIER_REFERENCE; MEDIUM; line 240] | SPR008Q_IMPLEMENTATION_REPORT.md [IDENTIFIER_REFERENCE; MEDIUM; line 262] | SPR008Q_IMPLEMENTATION_REPORT.md [IDENTIFIER_REFERENCE; MEDIUM; line 275] | SPR009_ARCHITECTURE_CERTIFICATION_REPORT.md [IDENTIFIER_REFERENCE; MEDIUM; line 5] | SPR015_IMPLEMENTATION_REPORT.md [IDENTIFIER_REFERENCE; MEDIUM; line 6] | SPR016_IMPLEMENTATION_REPORT.md [IDENTIFIER_REFERENCE; MEDIUM; line 6] | SPR017_PREIMPLEMENTATION_ARCHITECTURE_AUDIT.md [IDENTIFIER_REFERENCE; MEDIUM; line 9] | SPR017_TECHNICAL_SPECIFICATION.md [IDENTIFIER_REFERENCE; MEDIUM; line 30] | tests/test_core_sdk_spr008a.py [IDENTIFIER_REFERENCE; MEDIUM; line 138] | tests/test_core_sdk_spr008a.py [IDENTIFIER_REFERENCE; MEDIUM; line 153] | tests/test_core_sdk_spr008a.py [IDENTIFIER_REFERENCE; MEDIUM; line 1],YES,DOCUMENTARY_DEPENDENCY | OPERATIONAL_DEPENDENCY,134,ARCH-001_CKO_CORE_MASTER_ARCHITECTURE.md [IDENTIFIER_REFERENCE; MEDIUM; line 1159] | ARCH-001_CKO_CORE_MASTER_ARCHITECTURE.md [IDENTIFIER_REFERENCE; MEDIUM; line 141] | ARCH-001_CKO_CORE_MASTER_ARCHITECTURE.md [IDENTIFIER_REFERENCE; MEDIUM; line 8] | ARCH-001_CKO_CORE_MASTER_ARCHITECTURE_v1.1.md [IDENTIFIER_REFERENCE; MEDIUM; line 115] | ARCH-001_CKO_CORE_MASTER_ARCHITECTURE_v1.1.md [IDENTIFIER_REFERENCE; MEDIUM; line 304] | ARCH-001_CKO_CORE_MASTER_ARCHITECTURE_v1.1.md [IDENTIFIER_REFERENCE; MEDIUM; line 682] | ARCH-001_CKO_CORE_MASTER_ARCHITECTURE_v1.1.md [IDENTIFIER_REFERENCE; MEDIUM; line 790] | ARCH-001_CKO_CORE_MASTER_ARCHITECTURE_v1.1.md [IDENTIFIER_REFERENCE; MEDIUM; line 8] | ARCH-001_CKO_CORE_MASTER_ARCHITECTURE_v1.1.md [IDENTIFIER_REFERENCE; MEDIUM; line 977] | ARCH-001_CKO_CORE_MASTER_ARCHITECTURE_v1.1.md [IDENTIFIER_REFERENCE; MEDIUM; line 996] | ARCH-001_CKO_CORE_MASTER_ARCHITECTURE_v1.2.md [IDENTIFIER_REFERENCE; MEDIUM; line 16] | ARCH-001_CKO_CORE_MASTER_ARCHITECTURE_v1.2.md [IDENTIFIER_REFERENCE; MEDIUM; line 548] | CKO_CORE_BASELINE_CONSOLIDATION_REPORT.md [IDENTIFIER_REFERENCE; MEDIUM; line 190] | CKO_CORE_BASELINE_CONSOLIDATION_REPORT.md [IDENTIFIER_REFERENCE; MEDIUM; line 256] | CKO_CORE_BASELINE_CONSOLIDATION_REPORT.md [IDENTIFIER_REFERENCE; MEDIUM; line 354] | CKO_CORE_BASELINE_CONSOLIDATION_REPORT.md [IDENTIFIER_REFERENCE; MEDIUM; line 355] | CKO_CORE_BASELINE_CONSOLIDATION_REPORT.md [IDENTIFIER_REFERENCE; MEDIUM; line 356] | CKO_CORE_BASELINE_CONSOLIDATION_REPORT.md [IDENTIFIER_REFERENCE; MEDIUM; line 357] | CKO_CORE_BASELINE_CONSOLIDATION_REPORT.md [IDENTIFIER_REFERENCE; MEDIUM; line 358] | CKO_CORE_BASELINE_CONSOLIDATION_REPORT.md [IDENTIFIER_REFERENCE; MEDIUM; line 366] | CKO_CORE_BASELINE_CONSOLIDATION_REPORT.md [IDENTIFIER_REFERENCE; MEDIUM; line 367] | CKO_CORE_BASELINE_CONSOLIDATION_REPORT.md [IDENTIFIER_REFERENCE; MEDIUM; line 442] | CKO_CORE_BASELINE_CONSOLIDATION_REPORT.md [IDENTIFIER_REFERENCE; MEDIUM; line 443] | CKO_CORE_BASELINE_CONSOLIDATION_REPORT.md [IDENTIFIER_REFERENCE; MEDIUM; line 463] | CKO_CORE_BASELINE_CONSOLIDATION_REPORT.md [IDENTIFIER_REFERENCE; MEDIUM; line 464] | CKO_CORE_BASELINE_CONSOLIDATION_REPORT.md [IDENTIFIER_REFERENCE; MEDIUM; line 465] | CKO_CORE_BASELINE_CONSOLIDATION_REPORT.md [IDENTIFIER_REFERENCE; MEDIUM; line 466] | CKO_CORE_BASELINE_CONSOLIDATION_REPORT.md [IDENTIFIER_REFERENCE; MEDIUM; line 499] | CKO_CORE_BASELINE_CONSOLIDATION_REPORT.md [IDENTIFIER_REFERENCE; MEDIUM; line 500] | CKO_CORE_BASELINE_CONSOLIDATION_REPORT.md [IDENTIFIER_REFERENCE; MEDIUM; line 501] | CKO_CORE_BASELINE_CONSOLIDATION_REPORT.md [IDENTIFIER_REFERENCE; MEDIUM; line 502] | CKO_CORE_BASELINE_CONSOLIDATION_REPORT.md [IDENTIFIER_REFERENCE; MEDIUM; line 503] | CKO_CORE_BASELINE_CONSOLIDATION_REPORT.md [IDENTIFIER_REFERENCE; MEDIUM; line 504] | CKO_CORE_BASELINE_CONSOLIDATION_REPORT.md [IDENTIFIER_REFERENCE; MEDIUM; line 505] | CKO_CORE_BASELINE_CONSOLIDATION_REPORT.md [IDENTIFIER_REFERENCE; MEDIUM; line 506] | CKO_CORE_BASELINE_CONSOLIDATION_REPORT.md [IDENTIFIER_REFERENCE; MEDIUM; line 573] | CKO_CORE_BASELINE_CONSOLIDATION_REPORT.md [IDENTIFIER_REFERENCE; MEDIUM; line 574] | CKO_CORE_BASELINE_CONSOLIDATION_REPORT.md [IDENTIFIER_REFERENCE; MEDIUM; line 575] | CKO_CORE_BASELINE_CONSOLIDATION_REPORT.md [IDENTIFIER_REFERENCE; MEDIUM; line 610] | CKO_CORE_BASELINE_CONSOLIDATION_REPORT.md [IDENTIFIER_REFERENCE; MEDIUM; line 611] | CKO_CORE_BASELINE_CONSOLIDATION_REPORT.md [IDENTIFIER_REFERENCE; MEDIUM; line 617] | CKO_CORE_BASELINE_CONSOLIDATION_REPORT.md [PATH_REFERENCE; HIGH; line 256] | CKO_CORE_BASELINE_EXECUTION_REPORT.md [IDENTIFIER_REFERENCE; MEDIUM; line 321] | CKO_CORE_BASELINE_EXECUTION_REPORT.md [IDENTIFIER_REFERENCE; MEDIUM; line 322] | CKO_CORE_BASELINE_EXECUTION_REPORT.md [IDENTIFIER_REFERENCE; MEDIUM; line 328] | CKO_CORE_BASELINE_EXECUTION_REPORT.md [IDENTIFIER_REFERENCE; MEDIUM; line 82] | CKO_CORE_BASELINE_EXECUTION_REPORT.md [PATH_REFERENCE; HIGH; line 82] | docs/governance/GOV-006_PROJECT_DOSSIER.md [IDENTIFIER_REFERENCE; MEDIUM; line 135] | docs/governance/GOV-006_PROJECT_DOSSIER.md [IDENTIFIER_REFERENCE; MEDIUM; line 257] | docs/governance/GOV-006_PROJECT_DOSSIER.md [IDENTIFIER_REFERENCE; MEDIUM; line 413] | docs/governance/GOV-006_PROJECT_DOSSIER.md [IDENTIFIER_REFERENCE; MEDIUM; line 682] | docs/governance/OPS-004_REPOSITORY_CANONICAL_MIGRATION_PLAN.md [IDENTIFIER_REFERENCE; MEDIUM; line 66] | docs/governance/OPS-004_REPOSITORY_CANONICAL_MIGRATION_PLAN.md [IDENTIFIER_REFERENCE; MEDIUM; line 67] | docs/governance/OPS-004_REPOSITORY_CANONICAL_MIGRATION_PLAN.md [IDENTIFIER_REFERENCE; MEDIUM; line 68] | docs/governance/OPS-004_REPOSITORY_CANONICAL_MIGRATION_PLAN.md [IDENTIFIER_REFERENCE; MEDIUM; line 71] | GOV-005_PROJECT_EFFORT_AUDIT.md [IDENTIFIER_REFERENCE; MEDIUM; line 161] | GOV-005_PROJECT_EFFORT_AUDIT.md [IDENTIFIER_REFERENCE; MEDIUM; line 197] | GOV-005_PROJECT_EFFORT_AUDIT.md [IDENTIFIER_REFERENCE; MEDIUM; line 226] | GOV-005_PROJECT_EFFORT_AUDIT.md [IDENTIFIER_REFERENCE; MEDIUM; line 381] | GOV-005_PROJECT_EFFORT_AUDIT.md [IDENTIFIER_REFERENCE; MEDIUM; line 555] | SPR008B_IMPLEMENTATION_REPORT.md [IDENTIFIER_REFERENCE; MEDIUM; line 128] | SPR008B_IMPLEMENTATION_REPORT.md [IDENTIFIER_REFERENCE; MEDIUM; line 153] | SPR008B_IMPLEMENTATION_REPORT.md [IDENTIFIER_REFERENCE; MEDIUM; line 73] | SPR008B_IMPLEMENTATION_REPORT.md [IDENTIFIER_REFERENCE; MEDIUM; line 76] | SPR008B_IMPLEMENTATION_REPORT.md [IDENTIFIER_REFERENCE; MEDIUM; line 78] | SPR008B_IMPLEMENTATION_REPORT.md [IDENTIFIER_REFERENCE; MEDIUM; line 9] | SPR008C_IMPLEMENTATION_REPORT.md [IDENTIFIER_REFERENCE; MEDIUM; line 100] | SPR008C_IMPLEMENTATION_REPORT.md [IDENTIFIER_REFERENCE; MEDIUM; line 103] | SPR008C_IMPLEMENTATION_REPORT.md [IDENTIFIER_REFERENCE; MEDIUM; line 126] | SPR008C_IMPLEMENTATION_REPORT.md [IDENTIFIER_REFERENCE; MEDIUM; line 192] | SPR008C_IMPLEMENTATION_REPORT.md [IDENTIFIER_REFERENCE; MEDIUM; line 9] | SPR008D_IMPLEMENTATION_REPORT.md [IDENTIFIER_REFERENCE; MEDIUM; line 195] | SPR008D_IMPLEMENTATION_REPORT.md [IDENTIFIER_REFERENCE; MEDIUM; line 244] | SPR008D_IMPLEMENTATION_REPORT.md [IDENTIFIER_REFERENCE; MEDIUM; line 290] | SPR008D_IMPLEMENTATION_REPORT.md [IDENTIFIER_REFERENCE; MEDIUM; line 9] | SPR008E_IMPLEMENTATION_REPORT.md [IDENTIFIER_REFERENCE; MEDIUM; line 173] | SPR008E_IMPLEMENTATION_REPORT.md [IDENTIFIER_REFERENCE; MEDIUM; line 230] | SPR008E_IMPLEMENTATION_REPORT.md [IDENTIFIER_REFERENCE; MEDIUM; line 243] | SPR008E_IMPLEMENTATION_REPORT.md [IDENTIFIER_REFERENCE; MEDIUM; line 285] | SPR008E_IMPLEMENTATION_REPORT.md [IDENTIFIER_REFERENCE; MEDIUM; line 317] | SPR008F_IMPLEMENTATION_REPORT.md [IDENTIFIER_REFERENCE; MEDIUM; line 287] | SPR008F_IMPLEMENTATION_REPORT.md [IDENTIFIER_REFERENCE; MEDIUM; line 339] | SPR008F_IMPLEMENTATION_REPORT.md [IDENTIFIER_REFERENCE; MEDIUM; line 385] | SPR008G_IMPLEMENTATION_REPORT.md [IDENTIFIER_REFERENCE; MEDIUM; line 178] | SPR008G_IMPLEMENTATION_REPORT.md [IDENTIFIER_REFERENCE; MEDIUM; line 180] | SPR008G_IMPLEMENTATION_REPORT.md [IDENTIFIER_REFERENCE; MEDIUM; line 206] | SPR008G_IMPLEMENTATION_REPORT.md [IDENTIFIER_REFERENCE; MEDIUM; line 238] | SPR008G_IMPLEMENTATION_REPORT.md [IDENTIFIER_REFERENCE; MEDIUM; line 270] | SPR008H_IMPLEMENTATION_REPORT.md [IDENTIFIER_REFERENCE; MEDIUM; line 145] | SPR008H_IMPLEMENTATION_REPORT.md [IDENTIFIER_REFERENCE; MEDIUM; line 167] | SPR008H_IMPLEMENTATION_REPORT.md [IDENTIFIER_REFERENCE; MEDIUM; line 191] | SPR008I_IMPLEMENTATION_REPORT.md [IDENTIFIER_REFERENCE; MEDIUM; line 185] | SPR008I_IMPLEMENTATION_REPORT.md [IDENTIFIER_REFERENCE; MEDIUM; line 212] | SPR008I_IMPLEMENTATION_REPORT.md [IDENTIFIER_REFERENCE; MEDIUM; line 234] | SPR008J_IMPLEMENTATION_REPORT.md [IDENTIFIER_REFERENCE; MEDIUM; line 177] | SPR008K_IMPLEMENTATION_REPORT.md [IDENTIFIER_REFERENCE; MEDIUM; line 134] | SPR008K_IMPLEMENTATION_REPORT.md [IDENTIFIER_REFERENCE; MEDIUM; line 155] | SPR008K_IMPLEMENTATION_REPORT.md [IDENTIFIER_REFERENCE; MEDIUM; line 173] | SPR008L_IMPLEMENTATION_REPORT.md [IDENTIFIER_REFERENCE; MEDIUM; line 154] | SPR008L_IMPLEMENTATION_REPORT.md [IDENTIFIER_REFERENCE; MEDIUM; line 182] | SPR008L_IMPLEMENTATION_REPORT.md [IDENTIFIER_REFERENCE; MEDIUM; line 199] | SPR008M_IMPLEMENTATION_REPORT.md [IDENTIFIER_REFERENCE; MEDIUM; line 185] | SPR008M_IMPLEMENTATION_REPORT.md [IDENTIFIER_REFERENCE; MEDIUM; line 211] | SPR008M_IMPLEMENTATION_REPORT.md [IDENTIFIER_REFERENCE; MEDIUM; line 229] | SPR008M_IMPLEMENTATION_REPORT.md [IDENTIFIER_REFERENCE; MEDIUM; line 238] | SPR008N_IMPLEMENTATION_REPORT.md [IDENTIFIER_REFERENCE; MEDIUM; line 184] | SPR008N_IMPLEMENTATION_REPORT.md [IDENTIFIER_REFERENCE; MEDIUM; line 225] | SPR008N_IMPLEMENTATION_REPORT.md [IDENTIFIER_REFERENCE; MEDIUM; line 228] | SPR008N_IMPLEMENTATION_REPORT.md [IDENTIFIER_REFERENCE; MEDIUM; line 244] | SPR008N_IMPLEMENTATION_REPORT.md [IDENTIFIER_REFERENCE; MEDIUM; line 258] | SPR008O_IMPLEMENTATION_REPORT.md [IDENTIFIER_REFERENCE; MEDIUM; line 163] | SPR008O_IMPLEMENTATION_REPORT.md [IDENTIFIER_REFERENCE; MEDIUM; line 204] | SPR008O_IMPLEMENTATION_REPORT.md [IDENTIFIER_REFERENCE; MEDIUM; line 222] | SPR008O_IMPLEMENTATION_REPORT.md [IDENTIFIER_REFERENCE; MEDIUM; line 237] | SPR008OA_IMPLEMENTATION_REPORT.md [IDENTIFIER_REFERENCE; MEDIUM; line 178] | SPR008P_IMPLEMENTATION_REPORT.md [IDENTIFIER_REFERENCE; MEDIUM; line 187] | SPR008P_IMPLEMENTATION_REPORT.md [IDENTIFIER_REFERENCE; MEDIUM; line 256] | SPR008P_IMPLEMENTATION_REPORT.md [IDENTIFIER_REFERENCE; MEDIUM; line 270] | SPR008Q_IMPLEMENTATION_REPORT.md [IDENTIFIER_REFERENCE; MEDIUM; line 192] | SPR008Q_IMPLEMENTATION_REPORT.md [IDENTIFIER_REFERENCE; MEDIUM; line 240] | SPR008Q_IMPLEMENTATION_REPORT.md [IDENTIFIER_REFERENCE; MEDIUM; line 262] | SPR008Q_IMPLEMENTATION_REPORT.md [IDENTIFIER_REFERENCE; MEDIUM; line 275] | SPR009_ARCHITECTURE_CERTIFICATION_REPORT.md [IDENTIFIER_REFERENCE; MEDIUM; line 5] | SPR015_IMPLEMENTATION_REPORT.md [IDENTIFIER_REFERENCE; MEDIUM; line 6] | SPR016_IMPLEMENTATION_REPORT.md [IDENTIFIER_REFERENCE; MEDIUM; line 6] | SPR017_PREIMPLEMENTATION_ARCHITECTURE_AUDIT.md [IDENTIFIER_REFERENCE; MEDIUM; line 9] | SPR017_TECHNICAL_SPECIFICATION.md [IDENTIFIER_REFERENCE; MEDIUM; line 30] | tests/test_core_sdk_spr008a.py [IDENTIFIER_REFERENCE; MEDIUM; line 138] | tests/test_core_sdk_spr008a.py [IDENTIFIER_REFERENCE; MEDIUM; line 153] | tests/test_core_sdk_spr008a.py [IDENTIFIER_REFERENCE; MEDIUM; line 1],1,pyproject.toml [PATH_REFERENCE; HIGH; line 116],3,132,HIGH_REFERENCE_RISK,HIGH,YES,Confirmed HIGH/MEDIUM references recorded in AUD-004 reference matrix.
INV-0128,SPR008B_IMPLEMENTATION_REPORT.md,MOVE,YES,ARCH-001_CKO_CORE_MASTER_ARCHITECTURE.md [IDENTIFIER_REFERENCE; MEDIUM; line 1160] | ARCH-001_CKO_CORE_MASTER_ARCHITECTURE_v1.1.md [IDENTIFIER_REFERENCE; MEDIUM; line 791] | CKO_CORE_BASELINE_CONSOLIDATION_REPORT.md [IDENTIFIER_REFERENCE; MEDIUM; line 257] | CKO_CORE_BASELINE_CONSOLIDATION_REPORT.md [IDENTIFIER_REFERENCE; MEDIUM; line 613] | CKO_CORE_BASELINE_CONSOLIDATION_REPORT.md [PATH_REFERENCE; HIGH; line 257] | CKO_CORE_BASELINE_EXECUTION_REPORT.md [IDENTIFIER_REFERENCE; MEDIUM; line 324] | CKO_CORE_BASELINE_EXECUTION_REPORT.md [IDENTIFIER_REFERENCE; MEDIUM; line 83] | CKO_CORE_BASELINE_EXECUTION_REPORT.md [PATH_REFERENCE; HIGH; line 83] | docs/governance/OPS-004_REPOSITORY_CANONICAL_MIGRATION_PLAN.md [IDENTIFIER_REFERENCE; MEDIUM; line 66] | docs/governance/OPS-004_REPOSITORY_CANONICAL_MIGRATION_PLAN.md [IDENTIFIER_REFERENCE; MEDIUM; line 67] | docs/governance/OPS-004_REPOSITORY_CANONICAL_MIGRATION_PLAN.md [IDENTIFIER_REFERENCE; MEDIUM; line 71] | SPR008C_IMPLEMENTATION_REPORT.md [IDENTIFIER_REFERENCE; MEDIUM; line 109] | SPR008C_IMPLEMENTATION_REPORT.md [IDENTIFIER_REFERENCE; MEDIUM; line 10] | SPR008C_IMPLEMENTATION_REPORT.md [IDENTIFIER_REFERENCE; MEDIUM; line 126] | SPR008C_IMPLEMENTATION_REPORT.md [IDENTIFIER_REFERENCE; MEDIUM; line 168] | SPR008C_IMPLEMENTATION_REPORT.md [IDENTIFIER_REFERENCE; MEDIUM; line 192] | SPR008C_IMPLEMENTATION_REPORT.md [IDENTIFIER_REFERENCE; MEDIUM; line 91] | SPR008C_IMPLEMENTATION_REPORT.md [IDENTIFIER_REFERENCE; MEDIUM; line 95] | SPR008D_IMPLEMENTATION_REPORT.md [IDENTIFIER_REFERENCE; MEDIUM; line 195] | SPR008D_IMPLEMENTATION_REPORT.md [IDENTIFIER_REFERENCE; MEDIUM; line 250] | SPR008D_IMPLEMENTATION_REPORT.md [IDENTIFIER_REFERENCE; MEDIUM; line 95] | SPR008D_IMPLEMENTATION_REPORT.md [IDENTIFIER_REFERENCE; MEDIUM; line 9] | SPR008E_IMPLEMENTATION_REPORT.md [IDENTIFIER_REFERENCE; MEDIUM; line 178] | SPR008E_IMPLEMENTATION_REPORT.md [IDENTIFIER_REFERENCE; MEDIUM; line 230] | SPR008E_IMPLEMENTATION_REPORT.md [IDENTIFIER_REFERENCE; MEDIUM; line 285] | SPR008F_IMPLEMENTATION_REPORT.md [IDENTIFIER_REFERENCE; MEDIUM; line 288] | SPR008F_IMPLEMENTATION_REPORT.md [IDENTIFIER_REFERENCE; MEDIUM; line 343] | SPR008H_IMPLEMENTATION_REPORT.md [IDENTIFIER_REFERENCE; MEDIUM; line 145] | SPR008I_IMPLEMENTATION_REPORT.md [IDENTIFIER_REFERENCE; MEDIUM; line 185] | tests/test_canonical_asset_model_spr008b.py [IDENTIFIER_REFERENCE; MEDIUM; line 1] | tests/test_canonical_asset_model_spr008b.py [IDENTIFIER_REFERENCE; MEDIUM; line 70],YES,DOCUMENTARY_DEPENDENCY | OPERATIONAL_DEPENDENCY,33,ARCH-001_CKO_CORE_MASTER_ARCHITECTURE.md [IDENTIFIER_REFERENCE; MEDIUM; line 1160] | ARCH-001_CKO_CORE_MASTER_ARCHITECTURE_v1.1.md [IDENTIFIER_REFERENCE; MEDIUM; line 791] | CKO_CORE_BASELINE_CONSOLIDATION_REPORT.md [IDENTIFIER_REFERENCE; MEDIUM; line 257] | CKO_CORE_BASELINE_CONSOLIDATION_REPORT.md [IDENTIFIER_REFERENCE; MEDIUM; line 613] | CKO_CORE_BASELINE_CONSOLIDATION_REPORT.md [PATH_REFERENCE; HIGH; line 257] | CKO_CORE_BASELINE_EXECUTION_REPORT.md [IDENTIFIER_REFERENCE; MEDIUM; line 324] | CKO_CORE_BASELINE_EXECUTION_REPORT.md [IDENTIFIER_REFERENCE; MEDIUM; line 83] | CKO_CORE_BASELINE_EXECUTION_REPORT.md [PATH_REFERENCE; HIGH; line 83] | docs/governance/OPS-004_REPOSITORY_CANONICAL_MIGRATION_PLAN.md [IDENTIFIER_REFERENCE; MEDIUM; line 66] | docs/governance/OPS-004_REPOSITORY_CANONICAL_MIGRATION_PLAN.md [IDENTIFIER_REFERENCE; MEDIUM; line 67] | docs/governance/OPS-004_REPOSITORY_CANONICAL_MIGRATION_PLAN.md [IDENTIFIER_REFERENCE; MEDIUM; line 71] | SPR008C_IMPLEMENTATION_REPORT.md [IDENTIFIER_REFERENCE; MEDIUM; line 109] | SPR008C_IMPLEMENTATION_REPORT.md [IDENTIFIER_REFERENCE; MEDIUM; line 10] | SPR008C_IMPLEMENTATION_REPORT.md [IDENTIFIER_REFERENCE; MEDIUM; line 126] | SPR008C_IMPLEMENTATION_REPORT.md [IDENTIFIER_REFERENCE; MEDIUM; line 168] | SPR008C_IMPLEMENTATION_REPORT.md [IDENTIFIER_REFERENCE; MEDIUM; line 192] | SPR008C_IMPLEMENTATION_REPORT.md [IDENTIFIER_REFERENCE; MEDIUM; line 91] | SPR008C_IMPLEMENTATION_REPORT.md [IDENTIFIER_REFERENCE; MEDIUM; line 95] | SPR008D_IMPLEMENTATION_REPORT.md [IDENTIFIER_REFERENCE; MEDIUM; line 195] | SPR008D_IMPLEMENTATION_REPORT.md [IDENTIFIER_REFERENCE; MEDIUM; line 250] | SPR008D_IMPLEMENTATION_REPORT.md [IDENTIFIER_REFERENCE; MEDIUM; line 95] | SPR008D_IMPLEMENTATION_REPORT.md [IDENTIFIER_REFERENCE; MEDIUM; line 9] | SPR008E_IMPLEMENTATION_REPORT.md [IDENTIFIER_REFERENCE; MEDIUM; line 178] | SPR008E_IMPLEMENTATION_REPORT.md [IDENTIFIER_REFERENCE; MEDIUM; line 230] | SPR008E_IMPLEMENTATION_REPORT.md [IDENTIFIER_REFERENCE; MEDIUM; line 285] | SPR008F_IMPLEMENTATION_REPORT.md [IDENTIFIER_REFERENCE; MEDIUM; line 288] | SPR008F_IMPLEMENTATION_REPORT.md [IDENTIFIER_REFERENCE; MEDIUM; line 343] | SPR008H_IMPLEMENTATION_REPORT.md [IDENTIFIER_REFERENCE; MEDIUM; line 145] | SPR008I_IMPLEMENTATION_REPORT.md [IDENTIFIER_REFERENCE; MEDIUM; line 185] | tests/test_canonical_asset_model_spr008b.py [IDENTIFIER_REFERENCE; MEDIUM; line 1] | tests/test_canonical_asset_model_spr008b.py [IDENTIFIER_REFERENCE; MEDIUM; line 70],6,SPR008A_IMPLEMENTATION_REPORT.md [IDENTIFIER_REFERENCE; MEDIUM; line 128] | SPR008A_IMPLEMENTATION_REPORT.md [IDENTIFIER_REFERENCE; MEDIUM; line 153] | SPR008A_IMPLEMENTATION_REPORT.md [IDENTIFIER_REFERENCE; MEDIUM; line 73] | SPR008A_IMPLEMENTATION_REPORT.md [IDENTIFIER_REFERENCE; MEDIUM; line 76] | SPR008A_IMPLEMENTATION_REPORT.md [IDENTIFIER_REFERENCE; MEDIUM; line 78] | SPR008A_IMPLEMENTATION_REPORT.md [IDENTIFIER_REFERENCE; MEDIUM; line 9],2,37,HIGH_REFERENCE_RISK,HIGH,YES,Confirmed HIGH/MEDIUM references recorded in AUD-004 reference matrix.
INV-0129,SPR008C_IMPLEMENTATION_REPORT.md,MOVE,YES,ARCH-001_CKO_CORE_MASTER_ARCHITECTURE.md [IDENTIFIER_REFERENCE; MEDIUM; line 1161] | ARCH-001_CKO_CORE_MASTER_ARCHITECTURE_v1.1.md [IDENTIFIER_REFERENCE; MEDIUM; line 792] | ARCH-001_CKO_CORE_MASTER_ARCHITECTURE_v1.2.md [IDENTIFIER_REFERENCE; MEDIUM; line 549] | CKO_CORE_BASELINE_CONSOLIDATION_REPORT.md [IDENTIFIER_REFERENCE; MEDIUM; line 258] | CKO_CORE_BASELINE_CONSOLIDATION_REPORT.md [IDENTIFIER_REFERENCE; MEDIUM; line 480] | CKO_CORE_BASELINE_CONSOLIDATION_REPORT.md [IDENTIFIER_REFERENCE; MEDIUM; line 481] | CKO_CORE_BASELINE_CONSOLIDATION_REPORT.md [IDENTIFIER_REFERENCE; MEDIUM; line 482] | CKO_CORE_BASELINE_CONSOLIDATION_REPORT.md [IDENTIFIER_REFERENCE; MEDIUM; line 483] | CKO_CORE_BASELINE_CONSOLIDATION_REPORT.md [IDENTIFIER_REFERENCE; MEDIUM; line 484] | CKO_CORE_BASELINE_CONSOLIDATION_REPORT.md [IDENTIFIER_REFERENCE; MEDIUM; line 485] | CKO_CORE_BASELINE_CONSOLIDATION_REPORT.md [IDENTIFIER_REFERENCE; MEDIUM; line 486] | CKO_CORE_BASELINE_CONSOLIDATION_REPORT.md [IDENTIFIER_REFERENCE; MEDIUM; line 633] | CKO_CORE_BASELINE_CONSOLIDATION_REPORT.md [PATH_REFERENCE; HIGH; line 258] | CKO_CORE_BASELINE_EXECUTION_REPORT.md [IDENTIFIER_REFERENCE; MEDIUM; line 343] | CKO_CORE_BASELINE_EXECUTION_REPORT.md [IDENTIFIER_REFERENCE; MEDIUM; line 84] | CKO_CORE_BASELINE_EXECUTION_REPORT.md [PATH_REFERENCE; HIGH; line 84] | docs/governance/OPS-004_REPOSITORY_CANONICAL_MIGRATION_PLAN.md [IDENTIFIER_REFERENCE; MEDIUM; line 66] | docs/governance/OPS-004_REPOSITORY_CANONICAL_MIGRATION_PLAN.md [IDENTIFIER_REFERENCE; MEDIUM; line 67] | docs/governance/OPS-004_REPOSITORY_CANONICAL_MIGRATION_PLAN.md [IDENTIFIER_REFERENCE; MEDIUM; line 68] | docs/governance/OPS-004_REPOSITORY_CANONICAL_MIGRATION_PLAN.md [IDENTIFIER_REFERENCE; MEDIUM; line 71] | SPR008D_IMPLEMENTATION_REPORT.md [IDENTIFIER_REFERENCE; MEDIUM; line 195] | SPR008D_IMPLEMENTATION_REPORT.md [IDENTIFIER_REFERENCE; MEDIUM; line 256] | SPR008D_IMPLEMENTATION_REPORT.md [IDENTIFIER_REFERENCE; MEDIUM; line 9] | SPR008E_IMPLEMENTATION_REPORT.md [IDENTIFIER_REFERENCE; MEDIUM; line 182] | SPR008E_IMPLEMENTATION_REPORT.md [IDENTIFIER_REFERENCE; MEDIUM; line 230] | SPR008E_IMPLEMENTATION_REPORT.md [IDENTIFIER_REFERENCE; MEDIUM; line 285] | SPR008F_IMPLEMENTATION_REPORT.md [IDENTIFIER_REFERENCE; MEDIUM; line 289] | SPR008F_IMPLEMENTATION_REPORT.md [IDENTIFIER_REFERENCE; MEDIUM; line 347] | SPR008H_IMPLEMENTATION_REPORT.md [IDENTIFIER_REFERENCE; MEDIUM; line 145] | SPR008I_IMPLEMENTATION_REPORT.md [IDENTIFIER_REFERENCE; MEDIUM; line 185] | tests/test_inventory_engine_spr008c.py [IDENTIFIER_REFERENCE; MEDIUM; line 1],YES,DOCUMENTARY_DEPENDENCY | OPERATIONAL_DEPENDENCY,33,ARCH-001_CKO_CORE_MASTER_ARCHITECTURE.md [IDENTIFIER_REFERENCE; MEDIUM; line 1161] | ARCH-001_CKO_CORE_MASTER_ARCHITECTURE_v1.1.md [IDENTIFIER_REFERENCE; MEDIUM; line 792] | ARCH-001_CKO_CORE_MASTER_ARCHITECTURE_v1.2.md [IDENTIFIER_REFERENCE; MEDIUM; line 549] | CKO_CORE_BASELINE_CONSOLIDATION_REPORT.md [IDENTIFIER_REFERENCE; MEDIUM; line 258] | CKO_CORE_BASELINE_CONSOLIDATION_REPORT.md [IDENTIFIER_REFERENCE; MEDIUM; line 480] | CKO_CORE_BASELINE_CONSOLIDATION_REPORT.md [IDENTIFIER_REFERENCE; MEDIUM; line 481] | CKO_CORE_BASELINE_CONSOLIDATION_REPORT.md [IDENTIFIER_REFERENCE; MEDIUM; line 482] | CKO_CORE_BASELINE_CONSOLIDATION_REPORT.md [IDENTIFIER_REFERENCE; MEDIUM; line 483] | CKO_CORE_BASELINE_CONSOLIDATION_REPORT.md [IDENTIFIER_REFERENCE; MEDIUM; line 484] | CKO_CORE_BASELINE_CONSOLIDATION_REPORT.md [IDENTIFIER_REFERENCE; MEDIUM; line 485] | CKO_CORE_BASELINE_CONSOLIDATION_REPORT.md [IDENTIFIER_REFERENCE; MEDIUM; line 486] | CKO_CORE_BASELINE_CONSOLIDATION_REPORT.md [IDENTIFIER_REFERENCE; MEDIUM; line 633] | CKO_CORE_BASELINE_CONSOLIDATION_REPORT.md [PATH_REFERENCE; HIGH; line 258] | CKO_CORE_BASELINE_EXECUTION_REPORT.md [IDENTIFIER_REFERENCE; MEDIUM; line 343] | CKO_CORE_BASELINE_EXECUTION_REPORT.md [IDENTIFIER_REFERENCE; MEDIUM; line 84] | CKO_CORE_BASELINE_EXECUTION_REPORT.md [PATH_REFERENCE; HIGH; line 84] | docs/governance/OPS-004_REPOSITORY_CANONICAL_MIGRATION_PLAN.md [IDENTIFIER_REFERENCE; MEDIUM; line 66] | docs/governance/OPS-004_REPOSITORY_CANONICAL_MIGRATION_PLAN.md [IDENTIFIER_REFERENCE; MEDIUM; line 67] | docs/governance/OPS-004_REPOSITORY_CANONICAL_MIGRATION_PLAN.md [IDENTIFIER_REFERENCE; MEDIUM; line 68] | docs/governance/OPS-004_REPOSITORY_CANONICAL_MIGRATION_PLAN.md [IDENTIFIER_REFERENCE; MEDIUM; line 71] | SPR008D_IMPLEMENTATION_REPORT.md [IDENTIFIER_REFERENCE; MEDIUM; line 195] | SPR008D_IMPLEMENTATION_REPORT.md [IDENTIFIER_REFERENCE; MEDIUM; line 256] | SPR008D_IMPLEMENTATION_REPORT.md [IDENTIFIER_REFERENCE; MEDIUM; line 9] | SPR008E_IMPLEMENTATION_REPORT.md [IDENTIFIER_REFERENCE; MEDIUM; line 182] | SPR008E_IMPLEMENTATION_REPORT.md [IDENTIFIER_REFERENCE; MEDIUM; line 230] | SPR008E_IMPLEMENTATION_REPORT.md [IDENTIFIER_REFERENCE; MEDIUM; line 285] | SPR008F_IMPLEMENTATION_REPORT.md [IDENTIFIER_REFERENCE; MEDIUM; line 289] | SPR008F_IMPLEMENTATION_REPORT.md [IDENTIFIER_REFERENCE; MEDIUM; line 347] | SPR008H_IMPLEMENTATION_REPORT.md [IDENTIFIER_REFERENCE; MEDIUM; line 145] | SPR008I_IMPLEMENTATION_REPORT.md [IDENTIFIER_REFERENCE; MEDIUM; line 185] | tests/test_inventory_engine_spr008c.py [IDENTIFIER_REFERENCE; MEDIUM; line 1],12,SPR008A_IMPLEMENTATION_REPORT.md [IDENTIFIER_REFERENCE; MEDIUM; line 100] | SPR008A_IMPLEMENTATION_REPORT.md [IDENTIFIER_REFERENCE; MEDIUM; line 103] | SPR008A_IMPLEMENTATION_REPORT.md [IDENTIFIER_REFERENCE; MEDIUM; line 126] | SPR008A_IMPLEMENTATION_REPORT.md [IDENTIFIER_REFERENCE; MEDIUM; line 192] | SPR008A_IMPLEMENTATION_REPORT.md [IDENTIFIER_REFERENCE; MEDIUM; line 9] | SPR008B_IMPLEMENTATION_REPORT.md [IDENTIFIER_REFERENCE; MEDIUM; line 109] | SPR008B_IMPLEMENTATION_REPORT.md [IDENTIFIER_REFERENCE; MEDIUM; line 10] | SPR008B_IMPLEMENTATION_REPORT.md [IDENTIFIER_REFERENCE; MEDIUM; line 126] | SPR008B_IMPLEMENTATION_REPORT.md [IDENTIFIER_REFERENCE; MEDIUM; line 168] | SPR008B_IMPLEMENTATION_REPORT.md [IDENTIFIER_REFERENCE; MEDIUM; line 192] | SPR008B_IMPLEMENTATION_REPORT.md [IDENTIFIER_REFERENCE; MEDIUM; line 91] | SPR008B_IMPLEMENTATION_REPORT.md [IDENTIFIER_REFERENCE; MEDIUM; line 95],2,43,HIGH_REFERENCE_RISK,HIGH,YES,Confirmed HIGH/MEDIUM references recorded in AUD-004 reference matrix.
INV-0130,SPR008D_IMPLEMENTATION_REPORT.md,MOVE,YES,ARCH-001_CKO_CORE_MASTER_ARCHITECTURE.md [IDENTIFIER_REFERENCE; MEDIUM; line 1162] | ARCH-001_CKO_CORE_MASTER_ARCHITECTURE_v1.1.md [IDENTIFIER_REFERENCE; MEDIUM; line 793] | ARCH-001_CKO_CORE_MASTER_ARCHITECTURE_v1.2.md [IDENTIFIER_REFERENCE; MEDIUM; line 550] | CKO_CORE_BASELINE_CONSOLIDATION_REPORT.md [IDENTIFIER_REFERENCE; MEDIUM; line 259] | CKO_CORE_BASELINE_CONSOLIDATION_REPORT.md [IDENTIFIER_REFERENCE; MEDIUM; line 379] | CKO_CORE_BASELINE_CONSOLIDATION_REPORT.md [IDENTIFIER_REFERENCE; MEDIUM; line 380] | CKO_CORE_BASELINE_CONSOLIDATION_REPORT.md [IDENTIFIER_REFERENCE; MEDIUM; line 381] | CKO_CORE_BASELINE_CONSOLIDATION_REPORT.md [IDENTIFIER_REFERENCE; MEDIUM; line 382] | CKO_CORE_BASELINE_CONSOLIDATION_REPORT.md [IDENTIFIER_REFERENCE; MEDIUM; line 383] | CKO_CORE_BASELINE_CONSOLIDATION_REPORT.md [IDENTIFIER_REFERENCE; MEDIUM; line 384] | CKO_CORE_BASELINE_CONSOLIDATION_REPORT.md [IDENTIFIER_REFERENCE; MEDIUM; line 385] | CKO_CORE_BASELINE_CONSOLIDATION_REPORT.md [IDENTIFIER_REFERENCE; MEDIUM; line 386] | CKO_CORE_BASELINE_CONSOLIDATION_REPORT.md [IDENTIFIER_REFERENCE; MEDIUM; line 387] | CKO_CORE_BASELINE_CONSOLIDATION_REPORT.md [IDENTIFIER_REFERENCE; MEDIUM; line 388] | CKO_CORE_BASELINE_CONSOLIDATION_REPORT.md [IDENTIFIER_REFERENCE; MEDIUM; line 389] | CKO_CORE_BASELINE_CONSOLIDATION_REPORT.md [IDENTIFIER_REFERENCE; MEDIUM; line 390] | CKO_CORE_BASELINE_CONSOLIDATION_REPORT.md [IDENTIFIER_REFERENCE; MEDIUM; line 391] | CKO_CORE_BASELINE_CONSOLIDATION_REPORT.md [IDENTIFIER_REFERENCE; MEDIUM; line 392] | CKO_CORE_BASELINE_CONSOLIDATION_REPORT.md [IDENTIFIER_REFERENCE; MEDIUM; line 393] | CKO_CORE_BASELINE_CONSOLIDATION_REPORT.md [IDENTIFIER_REFERENCE; MEDIUM; line 394] | CKO_CORE_BASELINE_CONSOLIDATION_REPORT.md [IDENTIFIER_REFERENCE; MEDIUM; line 395] | CKO_CORE_BASELINE_CONSOLIDATION_REPORT.md [IDENTIFIER_REFERENCE; MEDIUM; line 396] | CKO_CORE_BASELINE_CONSOLIDATION_REPORT.md [IDENTIFIER_REFERENCE; MEDIUM; line 397] | CKO_CORE_BASELINE_CONSOLIDATION_REPORT.md [IDENTIFIER_REFERENCE; MEDIUM; line 398] | CKO_CORE_BASELINE_CONSOLIDATION_REPORT.md [IDENTIFIER_REFERENCE; MEDIUM; line 399] | CKO_CORE_BASELINE_CONSOLIDATION_REPORT.md [IDENTIFIER_REFERENCE; MEDIUM; line 400] | CKO_CORE_BASELINE_CONSOLIDATION_REPORT.md [IDENTIFIER_REFERENCE; MEDIUM; line 401] | CKO_CORE_BASELINE_CONSOLIDATION_REPORT.md [IDENTIFIER_REFERENCE; MEDIUM; line 402] | CKO_CORE_BASELINE_CONSOLIDATION_REPORT.md [IDENTIFIER_REFERENCE; MEDIUM; line 403] | CKO_CORE_BASELINE_CONSOLIDATION_REPORT.md [IDENTIFIER_REFERENCE; MEDIUM; line 404] | CKO_CORE_BASELINE_CONSOLIDATION_REPORT.md [IDENTIFIER_REFERENCE; MEDIUM; line 405] | CKO_CORE_BASELINE_CONSOLIDATION_REPORT.md [IDENTIFIER_REFERENCE; MEDIUM; line 406] | CKO_CORE_BASELINE_CONSOLIDATION_REPORT.md [IDENTIFIER_REFERENCE; MEDIUM; line 407] | CKO_CORE_BASELINE_CONSOLIDATION_REPORT.md [IDENTIFIER_REFERENCE; MEDIUM; line 408] | CKO_CORE_BASELINE_CONSOLIDATION_REPORT.md [IDENTIFIER_REFERENCE; MEDIUM; line 409] | CKO_CORE_BASELINE_CONSOLIDATION_REPORT.md [IDENTIFIER_REFERENCE; MEDIUM; line 421] | CKO_CORE_BASELINE_CONSOLIDATION_REPORT.md [IDENTIFIER_REFERENCE; MEDIUM; line 422] | CKO_CORE_BASELINE_CONSOLIDATION_REPORT.md [IDENTIFIER_REFERENCE; MEDIUM; line 423] | CKO_CORE_BASELINE_CONSOLIDATION_REPORT.md [IDENTIFIER_REFERENCE; MEDIUM; line 424] | CKO_CORE_BASELINE_CONSOLIDATION_REPORT.md [IDENTIFIER_REFERENCE; MEDIUM; line 425] | CKO_CORE_BASELINE_CONSOLIDATION_REPORT.md [IDENTIFIER_REFERENCE; MEDIUM; line 426] | CKO_CORE_BASELINE_CONSOLIDATION_REPORT.md [IDENTIFIER_REFERENCE; MEDIUM; line 427] | CKO_CORE_BASELINE_CONSOLIDATION_REPORT.md [IDENTIFIER_REFERENCE; MEDIUM; line 428] | CKO_CORE_BASELINE_CONSOLIDATION_REPORT.md [IDENTIFIER_REFERENCE; MEDIUM; line 429] | CKO_CORE_BASELINE_CONSOLIDATION_REPORT.md [IDENTIFIER_REFERENCE; MEDIUM; line 430] | CKO_CORE_BASELINE_CONSOLIDATION_REPORT.md [IDENTIFIER_REFERENCE; MEDIUM; line 431] | CKO_CORE_BASELINE_CONSOLIDATION_REPORT.md [IDENTIFIER_REFERENCE; MEDIUM; line 620] | CKO_CORE_BASELINE_CONSOLIDATION_REPORT.md [PATH_REFERENCE; HIGH; line 259] | CKO_CORE_BASELINE_EXECUTION_REPORT.md [IDENTIFIER_REFERENCE; MEDIUM; line 331] | CKO_CORE_BASELINE_EXECUTION_REPORT.md [IDENTIFIER_REFERENCE; MEDIUM; line 85] | CKO_CORE_BASELINE_EXECUTION_REPORT.md [PATH_REFERENCE; HIGH; line 85] | docs/governance/OPS-004_REPOSITORY_CANONICAL_MIGRATION_PLAN.md [IDENTIFIER_REFERENCE; MEDIUM; line 66] | docs/governance/OPS-004_REPOSITORY_CANONICAL_MIGRATION_PLAN.md [IDENTIFIER_REFERENCE; MEDIUM; line 67] | docs/governance/OPS-004_REPOSITORY_CANONICAL_MIGRATION_PLAN.md [IDENTIFIER_REFERENCE; MEDIUM; line 68] | docs/governance/OPS-004_REPOSITORY_CANONICAL_MIGRATION_PLAN.md [IDENTIFIER_REFERENCE; MEDIUM; line 71] | SPR008E_IMPLEMENTATION_REPORT.md [IDENTIFIER_REFERENCE; MEDIUM; line 10] | SPR008E_IMPLEMENTATION_REPORT.md [IDENTIFIER_REFERENCE; MEDIUM; line 141] | SPR008E_IMPLEMENTATION_REPORT.md [IDENTIFIER_REFERENCE; MEDIUM; line 158] | SPR008E_IMPLEMENTATION_REPORT.md [IDENTIFIER_REFERENCE; MEDIUM; line 187] | SPR008E_IMPLEMENTATION_REPORT.md [IDENTIFIER_REFERENCE; MEDIUM; line 230] | SPR008E_IMPLEMENTATION_REPORT.md [IDENTIFIER_REFERENCE; MEDIUM; line 285] | SPR008E_IMPLEMENTATION_REPORT.md [IDENTIFIER_REFERENCE; MEDIUM; line 36] | SPR008E_IMPLEMENTATION_REPORT.md [IDENTIFIER_REFERENCE; MEDIUM; line 48] | SPR008F_IMPLEMENTATION_REPORT.md [IDENTIFIER_REFERENCE; MEDIUM; line 290] | SPR008F_IMPLEMENTATION_REPORT.md [IDENTIFIER_REFERENCE; MEDIUM; line 351] | SPR008F_IMPLEMENTATION_REPORT.md [IDENTIFIER_REFERENCE; MEDIUM; line 381] | SPR008H_IMPLEMENTATION_REPORT.md [IDENTIFIER_REFERENCE; MEDIUM; line 146] | SPR008I_IMPLEMENTATION_REPORT.md [IDENTIFIER_REFERENCE; MEDIUM; line 186] | src/cko/core/discovery/execution.py [IDENTIFIER_REFERENCE; MEDIUM; line 75] | tests/test_discovery_contracts_spr008d.py [IDENTIFIER_REFERENCE; MEDIUM; line 1],YES,DOCUMENTARY_DEPENDENCY | OPERATIONAL_DEPENDENCY,72,ARCH-001_CKO_CORE_MASTER_ARCHITECTURE.md [IDENTIFIER_REFERENCE; MEDIUM; line 1162] | ARCH-001_CKO_CORE_MASTER_ARCHITECTURE_v1.1.md [IDENTIFIER_REFERENCE; MEDIUM; line 793] | ARCH-001_CKO_CORE_MASTER_ARCHITECTURE_v1.2.md [IDENTIFIER_REFERENCE; MEDIUM; line 550] | CKO_CORE_BASELINE_CONSOLIDATION_REPORT.md [IDENTIFIER_REFERENCE; MEDIUM; line 259] | CKO_CORE_BASELINE_CONSOLIDATION_REPORT.md [IDENTIFIER_REFERENCE; MEDIUM; line 379] | CKO_CORE_BASELINE_CONSOLIDATION_REPORT.md [IDENTIFIER_REFERENCE; MEDIUM; line 380] | CKO_CORE_BASELINE_CONSOLIDATION_REPORT.md [IDENTIFIER_REFERENCE; MEDIUM; line 381] | CKO_CORE_BASELINE_CONSOLIDATION_REPORT.md [IDENTIFIER_REFERENCE; MEDIUM; line 382] | CKO_CORE_BASELINE_CONSOLIDATION_REPORT.md [IDENTIFIER_REFERENCE; MEDIUM; line 383] | CKO_CORE_BASELINE_CONSOLIDATION_REPORT.md [IDENTIFIER_REFERENCE; MEDIUM; line 384] | CKO_CORE_BASELINE_CONSOLIDATION_REPORT.md [IDENTIFIER_REFERENCE; MEDIUM; line 385] | CKO_CORE_BASELINE_CONSOLIDATION_REPORT.md [IDENTIFIER_REFERENCE; MEDIUM; line 386] | CKO_CORE_BASELINE_CONSOLIDATION_REPORT.md [IDENTIFIER_REFERENCE; MEDIUM; line 387] | CKO_CORE_BASELINE_CONSOLIDATION_REPORT.md [IDENTIFIER_REFERENCE; MEDIUM; line 388] | CKO_CORE_BASELINE_CONSOLIDATION_REPORT.md [IDENTIFIER_REFERENCE; MEDIUM; line 389] | CKO_CORE_BASELINE_CONSOLIDATION_REPORT.md [IDENTIFIER_REFERENCE; MEDIUM; line 390] | CKO_CORE_BASELINE_CONSOLIDATION_REPORT.md [IDENTIFIER_REFERENCE; MEDIUM; line 391] | CKO_CORE_BASELINE_CONSOLIDATION_REPORT.md [IDENTIFIER_REFERENCE; MEDIUM; line 392] | CKO_CORE_BASELINE_CONSOLIDATION_REPORT.md [IDENTIFIER_REFERENCE; MEDIUM; line 393] | CKO_CORE_BASELINE_CONSOLIDATION_REPORT.md [IDENTIFIER_REFERENCE; MEDIUM; line 394] | CKO_CORE_BASELINE_CONSOLIDATION_REPORT.md [IDENTIFIER_REFERENCE; MEDIUM; line 395] | CKO_CORE_BASELINE_CONSOLIDATION_REPORT.md [IDENTIFIER_REFERENCE; MEDIUM; line 396] | CKO_CORE_BASELINE_CONSOLIDATION_REPORT.md [IDENTIFIER_REFERENCE; MEDIUM; line 397] | CKO_CORE_BASELINE_CONSOLIDATION_REPORT.md [IDENTIFIER_REFERENCE; MEDIUM; line 398] | CKO_CORE_BASELINE_CONSOLIDATION_REPORT.md [IDENTIFIER_REFERENCE; MEDIUM; line 399] | CKO_CORE_BASELINE_CONSOLIDATION_REPORT.md [IDENTIFIER_REFERENCE; MEDIUM; line 400] | CKO_CORE_BASELINE_CONSOLIDATION_REPORT.md [IDENTIFIER_REFERENCE; MEDIUM; line 401] | CKO_CORE_BASELINE_CONSOLIDATION_REPORT.md [IDENTIFIER_REFERENCE; MEDIUM; line 402] | CKO_CORE_BASELINE_CONSOLIDATION_REPORT.md [IDENTIFIER_REFERENCE; MEDIUM; line 403] | CKO_CORE_BASELINE_CONSOLIDATION_REPORT.md [IDENTIFIER_REFERENCE; MEDIUM; line 404] | CKO_CORE_BASELINE_CONSOLIDATION_REPORT.md [IDENTIFIER_REFERENCE; MEDIUM; line 405] | CKO_CORE_BASELINE_CONSOLIDATION_REPORT.md [IDENTIFIER_REFERENCE; MEDIUM; line 406] | CKO_CORE_BASELINE_CONSOLIDATION_REPORT.md [IDENTIFIER_REFERENCE; MEDIUM; line 407] | CKO_CORE_BASELINE_CONSOLIDATION_REPORT.md [IDENTIFIER_REFERENCE; MEDIUM; line 408] | CKO_CORE_BASELINE_CONSOLIDATION_REPORT.md [IDENTIFIER_REFERENCE; MEDIUM; line 409] | CKO_CORE_BASELINE_CONSOLIDATION_REPORT.md [IDENTIFIER_REFERENCE; MEDIUM; line 421] | CKO_CORE_BASELINE_CONSOLIDATION_REPORT.md [IDENTIFIER_REFERENCE; MEDIUM; line 422] | CKO_CORE_BASELINE_CONSOLIDATION_REPORT.md [IDENTIFIER_REFERENCE; MEDIUM; line 423] | CKO_CORE_BASELINE_CONSOLIDATION_REPORT.md [IDENTIFIER_REFERENCE; MEDIUM; line 424] | CKO_CORE_BASELINE_CONSOLIDATION_REPORT.md [IDENTIFIER_REFERENCE; MEDIUM; line 425] | CKO_CORE_BASELINE_CONSOLIDATION_REPORT.md [IDENTIFIER_REFERENCE; MEDIUM; line 426] | CKO_CORE_BASELINE_CONSOLIDATION_REPORT.md [IDENTIFIER_REFERENCE; MEDIUM; line 427] | CKO_CORE_BASELINE_CONSOLIDATION_REPORT.md [IDENTIFIER_REFERENCE; MEDIUM; line 428] | CKO_CORE_BASELINE_CONSOLIDATION_REPORT.md [IDENTIFIER_REFERENCE; MEDIUM; line 429] | CKO_CORE_BASELINE_CONSOLIDATION_REPORT.md [IDENTIFIER_REFERENCE; MEDIUM; line 430] | CKO_CORE_BASELINE_CONSOLIDATION_REPORT.md [IDENTIFIER_REFERENCE; MEDIUM; line 431] | CKO_CORE_BASELINE_CONSOLIDATION_REPORT.md [IDENTIFIER_REFERENCE; MEDIUM; line 620] | CKO_CORE_BASELINE_CONSOLIDATION_REPORT.md [PATH_REFERENCE; HIGH; line 259] | CKO_CORE_BASELINE_EXECUTION_REPORT.md [IDENTIFIER_REFERENCE; MEDIUM; line 331] | CKO_CORE_BASELINE_EXECUTION_REPORT.md [IDENTIFIER_REFERENCE; MEDIUM; line 85] | CKO_CORE_BASELINE_EXECUTION_REPORT.md [PATH_REFERENCE; HIGH; line 85] | docs/governance/OPS-004_REPOSITORY_CANONICAL_MIGRATION_PLAN.md [IDENTIFIER_REFERENCE; MEDIUM; line 66] | docs/governance/OPS-004_REPOSITORY_CANONICAL_MIGRATION_PLAN.md [IDENTIFIER_REFERENCE; MEDIUM; line 67] | docs/governance/OPS-004_REPOSITORY_CANONICAL_MIGRATION_PLAN.md [IDENTIFIER_REFERENCE; MEDIUM; line 68] | docs/governance/OPS-004_REPOSITORY_CANONICAL_MIGRATION_PLAN.md [IDENTIFIER_REFERENCE; MEDIUM; line 71] | SPR008E_IMPLEMENTATION_REPORT.md [IDENTIFIER_REFERENCE; MEDIUM; line 10] | SPR008E_IMPLEMENTATION_REPORT.md [IDENTIFIER_REFERENCE; MEDIUM; line 141] | SPR008E_IMPLEMENTATION_REPORT.md [IDENTIFIER_REFERENCE; MEDIUM; line 158] | SPR008E_IMPLEMENTATION_REPORT.md [IDENTIFIER_REFERENCE; MEDIUM; line 187] | SPR008E_IMPLEMENTATION_REPORT.md [IDENTIFIER_REFERENCE; MEDIUM; line 230] | SPR008E_IMPLEMENTATION_REPORT.md [IDENTIFIER_REFERENCE; MEDIUM; line 285] | SPR008E_IMPLEMENTATION_REPORT.md [IDENTIFIER_REFERENCE; MEDIUM; line 36] | SPR008E_IMPLEMENTATION_REPORT.md [IDENTIFIER_REFERENCE; MEDIUM; line 48] | SPR008F_IMPLEMENTATION_REPORT.md [IDENTIFIER_REFERENCE; MEDIUM; line 290] | SPR008F_IMPLEMENTATION_REPORT.md [IDENTIFIER_REFERENCE; MEDIUM; line 351] | SPR008F_IMPLEMENTATION_REPORT.md [IDENTIFIER_REFERENCE; MEDIUM; line 381] | SPR008H_IMPLEMENTATION_REPORT.md [IDENTIFIER_REFERENCE; MEDIUM; line 146] | SPR008I_IMPLEMENTATION_REPORT.md [IDENTIFIER_REFERENCE; MEDIUM; line 186] | src/cko/core/discovery/execution.py [IDENTIFIER_REFERENCE; MEDIUM; line 75] | tests/test_discovery_contracts_spr008d.py [IDENTIFIER_REFERENCE; MEDIUM; line 1],11,SPR008A_IMPLEMENTATION_REPORT.md [IDENTIFIER_REFERENCE; MEDIUM; line 195] | SPR008A_IMPLEMENTATION_REPORT.md [IDENTIFIER_REFERENCE; MEDIUM; line 244] | SPR008A_IMPLEMENTATION_REPORT.md [IDENTIFIER_REFERENCE; MEDIUM; line 290] | SPR008A_IMPLEMENTATION_REPORT.md [IDENTIFIER_REFERENCE; MEDIUM; line 9] | SPR008B_IMPLEMENTATION_REPORT.md [IDENTIFIER_REFERENCE; MEDIUM; line 195] | SPR008B_IMPLEMENTATION_REPORT.md [IDENTIFIER_REFERENCE; MEDIUM; line 250] | SPR008B_IMPLEMENTATION_REPORT.md [IDENTIFIER_REFERENCE; MEDIUM; line 95] | SPR008B_IMPLEMENTATION_REPORT.md [IDENTIFIER_REFERENCE; MEDIUM; line 9] | SPR008C_IMPLEMENTATION_REPORT.md [IDENTIFIER_REFERENCE; MEDIUM; line 195] | SPR008C_IMPLEMENTATION_REPORT.md [IDENTIFIER_REFERENCE; MEDIUM; line 256] | SPR008C_IMPLEMENTATION_REPORT.md [IDENTIFIER_REFERENCE; MEDIUM; line 9],2,81,HIGH_REFERENCE_RISK,HIGH,YES,Confirmed HIGH/MEDIUM references recorded in AUD-004 reference matrix.
INV-0131,SPR008E_IMPLEMENTATION_REPORT.md,MOVE,YES,ARCH-001_CKO_CORE_MASTER_ARCHITECTURE.md [IDENTIFIER_REFERENCE; MEDIUM; line 1163] | ARCH-001_CKO_CORE_MASTER_ARCHITECTURE_v1.1.md [IDENTIFIER_REFERENCE; MEDIUM; line 794] | CKO_CORE_BASELINE_CONSOLIDATION_REPORT.md [IDENTIFIER_REFERENCE; MEDIUM; line 260] | CKO_CORE_BASELINE_CONSOLIDATION_REPORT.md [IDENTIFIER_REFERENCE; MEDIUM; line 622] | CKO_CORE_BASELINE_CONSOLIDATION_REPORT.md [PATH_REFERENCE; HIGH; line 260] | CKO_CORE_BASELINE_EXECUTION_REPORT.md [IDENTIFIER_REFERENCE; MEDIUM; line 333] | CKO_CORE_BASELINE_EXECUTION_REPORT.md [IDENTIFIER_REFERENCE; MEDIUM; line 86] | CKO_CORE_BASELINE_EXECUTION_REPORT.md [PATH_REFERENCE; HIGH; line 86] | docs/governance/OPS-004_REPOSITORY_CANONICAL_MIGRATION_PLAN.md [IDENTIFIER_REFERENCE; MEDIUM; line 66] | docs/governance/OPS-004_REPOSITORY_CANONICAL_MIGRATION_PLAN.md [IDENTIFIER_REFERENCE; MEDIUM; line 67] | docs/governance/OPS-004_REPOSITORY_CANONICAL_MIGRATION_PLAN.md [IDENTIFIER_REFERENCE; MEDIUM; line 71] | SPR008F_IMPLEMENTATION_REPORT.md [IDENTIFIER_REFERENCE; MEDIUM; line 10] | SPR008F_IMPLEMENTATION_REPORT.md [IDENTIFIER_REFERENCE; MEDIUM; line 161] | SPR008F_IMPLEMENTATION_REPORT.md [IDENTIFIER_REFERENCE; MEDIUM; line 174] | SPR008F_IMPLEMENTATION_REPORT.md [IDENTIFIER_REFERENCE; MEDIUM; line 291] | SPR008F_IMPLEMENTATION_REPORT.md [IDENTIFIER_REFERENCE; MEDIUM; line 356] | SPR008F_IMPLEMENTATION_REPORT.md [IDENTIFIER_REFERENCE; MEDIUM; line 379] | SPR008F_IMPLEMENTATION_REPORT.md [IDENTIFIER_REFERENCE; MEDIUM; line 380] | SPR008H_IMPLEMENTATION_REPORT.md [IDENTIFIER_REFERENCE; MEDIUM; line 146] | SPR008I_IMPLEMENTATION_REPORT.md [IDENTIFIER_REFERENCE; MEDIUM; line 186] | src/cko/core/discovery/streaming_pipeline.py [IDENTIFIER_REFERENCE; MEDIUM; line 379] | tests/test_discovery_provider_foundation_spr008e.py [IDENTIFIER_REFERENCE; MEDIUM; line 1] | tests/test_discovery_provider_foundation_spr008e.py [IDENTIFIER_REFERENCE; MEDIUM; line 50] | tests/test_discovery_streaming_foundation_spr008f.py [IDENTIFIER_REFERENCE; MEDIUM; line 286],YES,DOCUMENTARY_DEPENDENCY | OPERATIONAL_DEPENDENCY,26,ARCH-001_CKO_CORE_MASTER_ARCHITECTURE.md [IDENTIFIER_REFERENCE; MEDIUM; line 1163] | ARCH-001_CKO_CORE_MASTER_ARCHITECTURE_v1.1.md [IDENTIFIER_REFERENCE; MEDIUM; line 794] | CKO_CORE_BASELINE_CONSOLIDATION_REPORT.md [IDENTIFIER_REFERENCE; MEDIUM; line 260] | CKO_CORE_BASELINE_CONSOLIDATION_REPORT.md [IDENTIFIER_REFERENCE; MEDIUM; line 622] | CKO_CORE_BASELINE_CONSOLIDATION_REPORT.md [PATH_REFERENCE; HIGH; line 260] | CKO_CORE_BASELINE_EXECUTION_REPORT.md [IDENTIFIER_REFERENCE; MEDIUM; line 333] | CKO_CORE_BASELINE_EXECUTION_REPORT.md [IDENTIFIER_REFERENCE; MEDIUM; line 86] | CKO_CORE_BASELINE_EXECUTION_REPORT.md [PATH_REFERENCE; HIGH; line 86] | docs/governance/OPS-004_REPOSITORY_CANONICAL_MIGRATION_PLAN.md [IDENTIFIER_REFERENCE; MEDIUM; line 66] | docs/governance/OPS-004_REPOSITORY_CANONICAL_MIGRATION_PLAN.md [IDENTIFIER_REFERENCE; MEDIUM; line 67] | docs/governance/OPS-004_REPOSITORY_CANONICAL_MIGRATION_PLAN.md [IDENTIFIER_REFERENCE; MEDIUM; line 71] | SPR008F_IMPLEMENTATION_REPORT.md [IDENTIFIER_REFERENCE; MEDIUM; line 10] | SPR008F_IMPLEMENTATION_REPORT.md [IDENTIFIER_REFERENCE; MEDIUM; line 161] | SPR008F_IMPLEMENTATION_REPORT.md [IDENTIFIER_REFERENCE; MEDIUM; line 174] | SPR008F_IMPLEMENTATION_REPORT.md [IDENTIFIER_REFERENCE; MEDIUM; line 291] | SPR008F_IMPLEMENTATION_REPORT.md [IDENTIFIER_REFERENCE; MEDIUM; line 356] | SPR008F_IMPLEMENTATION_REPORT.md [IDENTIFIER_REFERENCE; MEDIUM; line 379] | SPR008F_IMPLEMENTATION_REPORT.md [IDENTIFIER_REFERENCE; MEDIUM; line 380] | SPR008H_IMPLEMENTATION_REPORT.md [IDENTIFIER_REFERENCE; MEDIUM; line 146] | SPR008I_IMPLEMENTATION_REPORT.md [IDENTIFIER_REFERENCE; MEDIUM; line 186] | src/cko/core/discovery/streaming_pipeline.py [IDENTIFIER_REFERENCE; MEDIUM; line 379] | tests/test_discovery_provider_foundation_spr008e.py [IDENTIFIER_REFERENCE; MEDIUM; line 1] | tests/test_discovery_provider_foundation_spr008e.py [IDENTIFIER_REFERENCE; MEDIUM; line 50] | tests/test_discovery_streaming_foundation_spr008f.py [IDENTIFIER_REFERENCE; MEDIUM; line 286],20,SPR008A_IMPLEMENTATION_REPORT.md [IDENTIFIER_REFERENCE; MEDIUM; line 173] | SPR008A_IMPLEMENTATION_REPORT.md [IDENTIFIER_REFERENCE; MEDIUM; line 230] | SPR008A_IMPLEMENTATION_REPORT.md [IDENTIFIER_REFERENCE; MEDIUM; line 243] | SPR008A_IMPLEMENTATION_REPORT.md [IDENTIFIER_REFERENCE; MEDIUM; line 285] | SPR008A_IMPLEMENTATION_REPORT.md [IDENTIFIER_REFERENCE; MEDIUM; line 317] | SPR008B_IMPLEMENTATION_REPORT.md [IDENTIFIER_REFERENCE; MEDIUM; line 178] | SPR008B_IMPLEMENTATION_REPORT.md [IDENTIFIER_REFERENCE; MEDIUM; line 230] | SPR008B_IMPLEMENTATION_REPORT.md [IDENTIFIER_REFERENCE; MEDIUM; line 285] | SPR008C_IMPLEMENTATION_REPORT.md [IDENTIFIER_REFERENCE; MEDIUM; line 182] | SPR008C_IMPLEMENTATION_REPORT.md [IDENTIFIER_REFERENCE; MEDIUM; line 230] | SPR008C_IMPLEMENTATION_REPORT.md [IDENTIFIER_REFERENCE; MEDIUM; line 285] | SPR008D_IMPLEMENTATION_REPORT.md [IDENTIFIER_REFERENCE; MEDIUM; line 10] | SPR008D_IMPLEMENTATION_REPORT.md [IDENTIFIER_REFERENCE; MEDIUM; line 141] | SPR008D_IMPLEMENTATION_REPORT.md [IDENTIFIER_REFERENCE; MEDIUM; line 158] | SPR008D_IMPLEMENTATION_REPORT.md [IDENTIFIER_REFERENCE; MEDIUM; line 187] | SPR008D_IMPLEMENTATION_REPORT.md [IDENTIFIER_REFERENCE; MEDIUM; line 230] | SPR008D_IMPLEMENTATION_REPORT.md [IDENTIFIER_REFERENCE; MEDIUM; line 285] | SPR008D_IMPLEMENTATION_REPORT.md [IDENTIFIER_REFERENCE; MEDIUM; line 36] | SPR008D_IMPLEMENTATION_REPORT.md [IDENTIFIER_REFERENCE; MEDIUM; line 48] | SPR008F_IMPLEMENTATION_REPORT.md [IDENTIFIER_REFERENCE; MEDIUM; line 331],2,44,HIGH_REFERENCE_RISK,HIGH,YES,Confirmed HIGH/MEDIUM references recorded in AUD-004 reference matrix.
INV-0132,SPR008F_IMPLEMENTATION_REPORT.md,MOVE,YES,ARCH-001_CKO_CORE_MASTER_ARCHITECTURE.md [IDENTIFIER_REFERENCE; MEDIUM; line 1164] | ARCH-001_CKO_CORE_MASTER_ARCHITECTURE_v1.1.md [IDENTIFIER_REFERENCE; MEDIUM; line 795] | CKO_CORE_BASELINE_CONSOLIDATION_REPORT.md [IDENTIFIER_REFERENCE; MEDIUM; line 261] | CKO_CORE_BASELINE_CONSOLIDATION_REPORT.md [IDENTIFIER_REFERENCE; MEDIUM; line 627] | CKO_CORE_BASELINE_CONSOLIDATION_REPORT.md [PATH_REFERENCE; HIGH; line 261] | CKO_CORE_BASELINE_EXECUTION_REPORT.md [IDENTIFIER_REFERENCE; MEDIUM; line 338] | CKO_CORE_BASELINE_EXECUTION_REPORT.md [IDENTIFIER_REFERENCE; MEDIUM; line 87] | CKO_CORE_BASELINE_EXECUTION_REPORT.md [PATH_REFERENCE; HIGH; line 87] | docs/governance/GOV-006_PROJECT_DOSSIER.md [IDENTIFIER_REFERENCE; MEDIUM; line 258] | docs/governance/OPS-004_REPOSITORY_CANONICAL_MIGRATION_PLAN.md [IDENTIFIER_REFERENCE; MEDIUM; line 66] | docs/governance/OPS-004_REPOSITORY_CANONICAL_MIGRATION_PLAN.md [IDENTIFIER_REFERENCE; MEDIUM; line 67] | docs/governance/OPS-004_REPOSITORY_CANONICAL_MIGRATION_PLAN.md [IDENTIFIER_REFERENCE; MEDIUM; line 71] | GOV-005_PROJECT_EFFORT_AUDIT.md [IDENTIFIER_REFERENCE; MEDIUM; line 382] | SPR008E_IMPLEMENTATION_REPORT.md [IDENTIFIER_REFERENCE; MEDIUM; line 331] | SPR008H_IMPLEMENTATION_REPORT.md [IDENTIFIER_REFERENCE; MEDIUM; line 146] | SPR008I_IMPLEMENTATION_REPORT.md [IDENTIFIER_REFERENCE; MEDIUM; line 186] | tests/test_discovery_streaming_foundation_spr008f.py [IDENTIFIER_REFERENCE; MEDIUM; line 1] | tests/test_discovery_streaming_foundation_spr008f.py [IDENTIFIER_REFERENCE; MEDIUM; line 60],YES,DOCUMENTARY_DEPENDENCY | OPERATIONAL_DEPENDENCY,20,ARCH-001_CKO_CORE_MASTER_ARCHITECTURE.md [IDENTIFIER_REFERENCE; MEDIUM; line 1164] | ARCH-001_CKO_CORE_MASTER_ARCHITECTURE_v1.1.md [IDENTIFIER_REFERENCE; MEDIUM; line 795] | CKO_CORE_BASELINE_CONSOLIDATION_REPORT.md [IDENTIFIER_REFERENCE; MEDIUM; line 261] | CKO_CORE_BASELINE_CONSOLIDATION_REPORT.md [IDENTIFIER_REFERENCE; MEDIUM; line 627] | CKO_CORE_BASELINE_CONSOLIDATION_REPORT.md [PATH_REFERENCE; HIGH; line 261] | CKO_CORE_BASELINE_EXECUTION_REPORT.md [IDENTIFIER_REFERENCE; MEDIUM; line 338] | CKO_CORE_BASELINE_EXECUTION_REPORT.md [IDENTIFIER_REFERENCE; MEDIUM; line 87] | CKO_CORE_BASELINE_EXECUTION_REPORT.md [PATH_REFERENCE; HIGH; line 87] | docs/governance/GOV-006_PROJECT_DOSSIER.md [IDENTIFIER_REFERENCE; MEDIUM; line 258] | docs/governance/OPS-004_REPOSITORY_CANONICAL_MIGRATION_PLAN.md [IDENTIFIER_REFERENCE; MEDIUM; line 66] | docs/governance/OPS-004_REPOSITORY_CANONICAL_MIGRATION_PLAN.md [IDENTIFIER_REFERENCE; MEDIUM; line 67] | docs/governance/OPS-004_REPOSITORY_CANONICAL_MIGRATION_PLAN.md [IDENTIFIER_REFERENCE; MEDIUM; line 71] | GOV-005_PROJECT_EFFORT_AUDIT.md [IDENTIFIER_REFERENCE; MEDIUM; line 382] | SPR008E_IMPLEMENTATION_REPORT.md [IDENTIFIER_REFERENCE; MEDIUM; line 331] | SPR008H_IMPLEMENTATION_REPORT.md [IDENTIFIER_REFERENCE; MEDIUM; line 146] | SPR008I_IMPLEMENTATION_REPORT.md [IDENTIFIER_REFERENCE; MEDIUM; line 186] | tests/test_discovery_streaming_foundation_spr008f.py [IDENTIFIER_REFERENCE; MEDIUM; line 1] | tests/test_discovery_streaming_foundation_spr008f.py [IDENTIFIER_REFERENCE; MEDIUM; line 60],18,SPR008A_IMPLEMENTATION_REPORT.md [IDENTIFIER_REFERENCE; MEDIUM; line 287] | SPR008A_IMPLEMENTATION_REPORT.md [IDENTIFIER_REFERENCE; MEDIUM; line 339] | SPR008A_IMPLEMENTATION_REPORT.md [IDENTIFIER_REFERENCE; MEDIUM; line 385] | SPR008B_IMPLEMENTATION_REPORT.md [IDENTIFIER_REFERENCE; MEDIUM; line 288] | SPR008B_IMPLEMENTATION_REPORT.md [IDENTIFIER_REFERENCE; MEDIUM; line 343] | SPR008C_IMPLEMENTATION_REPORT.md [IDENTIFIER_REFERENCE; MEDIUM; line 289] | SPR008C_IMPLEMENTATION_REPORT.md [IDENTIFIER_REFERENCE; MEDIUM; line 347] | SPR008D_IMPLEMENTATION_REPORT.md [IDENTIFIER_REFERENCE; MEDIUM; line 290] | SPR008D_IMPLEMENTATION_REPORT.md [IDENTIFIER_REFERENCE; MEDIUM; line 351] | SPR008D_IMPLEMENTATION_REPORT.md [IDENTIFIER_REFERENCE; MEDIUM; line 381] | SPR008E_IMPLEMENTATION_REPORT.md [IDENTIFIER_REFERENCE; MEDIUM; line 10] | SPR008E_IMPLEMENTATION_REPORT.md [IDENTIFIER_REFERENCE; MEDIUM; line 161] | SPR008E_IMPLEMENTATION_REPORT.md [IDENTIFIER_REFERENCE; MEDIUM; line 174] | SPR008E_IMPLEMENTATION_REPORT.md [IDENTIFIER_REFERENCE; MEDIUM; line 291] | SPR008E_IMPLEMENTATION_REPORT.md [IDENTIFIER_REFERENCE; MEDIUM; line 356] | SPR008E_IMPLEMENTATION_REPORT.md [IDENTIFIER_REFERENCE; MEDIUM; line 379] | SPR008E_IMPLEMENTATION_REPORT.md [IDENTIFIER_REFERENCE; MEDIUM; line 380] | SPR008G_IMPLEMENTATION_REPORT.md [IDENTIFIER_REFERENCE; MEDIUM; line 402],2,36,HIGH_REFERENCE_RISK,HIGH,YES,Confirmed HIGH/MEDIUM references recorded in AUD-004 reference matrix.
INV-0133,SPR008G_IMPLEMENTATION_REPORT.md,MOVE,YES,ARCH-001_CKO_CORE_MASTER_ARCHITECTURE.md [IDENTIFIER_REFERENCE; MEDIUM; line 1165] | ARCH-001_CKO_CORE_MASTER_ARCHITECTURE_v1.1.md [IDENTIFIER_REFERENCE; MEDIUM; line 796] | CKO_CORE_BASELINE_CONSOLIDATION_REPORT.md [IDENTIFIER_REFERENCE; MEDIUM; line 262] | CKO_CORE_BASELINE_CONSOLIDATION_REPORT.md [IDENTIFIER_REFERENCE; MEDIUM; line 621] | CKO_CORE_BASELINE_CONSOLIDATION_REPORT.md [PATH_REFERENCE; HIGH; line 262] | CKO_CORE_BASELINE_EXECUTION_REPORT.md [IDENTIFIER_REFERENCE; MEDIUM; line 332] | CKO_CORE_BASELINE_EXECUTION_REPORT.md [IDENTIFIER_REFERENCE; MEDIUM; line 88] | CKO_CORE_BASELINE_EXECUTION_REPORT.md [PATH_REFERENCE; HIGH; line 88] | docs/governance/OPS-004_REPOSITORY_CANONICAL_MIGRATION_PLAN.md [IDENTIFIER_REFERENCE; MEDIUM; line 66] | docs/governance/OPS-004_REPOSITORY_CANONICAL_MIGRATION_PLAN.md [IDENTIFIER_REFERENCE; MEDIUM; line 67] | docs/governance/OPS-004_REPOSITORY_CANONICAL_MIGRATION_PLAN.md [IDENTIFIER_REFERENCE; MEDIUM; line 71] | GOV-005_PROJECT_EFFORT_AUDIT.md [IDENTIFIER_REFERENCE; MEDIUM; line 162] | GOV-005_PROJECT_EFFORT_AUDIT.md [IDENTIFIER_REFERENCE; MEDIUM; line 198] | SPR008F_IMPLEMENTATION_REPORT.md [IDENTIFIER_REFERENCE; MEDIUM; line 402] | SPR008H_IMPLEMENTATION_REPORT.md [IDENTIFIER_REFERENCE; MEDIUM; line 146] | SPR008H_IMPLEMENTATION_REPORT.md [IDENTIFIER_REFERENCE; MEDIUM; line 167] | SPR008I_IMPLEMENTATION_REPORT.md [IDENTIFIER_REFERENCE; MEDIUM; line 186] | tests/test_discovery_identity_resolution_spr008g.py [IDENTIFIER_REFERENCE; MEDIUM; line 1],YES,DOCUMENTARY_DEPENDENCY | OPERATIONAL_DEPENDENCY,20,ARCH-001_CKO_CORE_MASTER_ARCHITECTURE.md [IDENTIFIER_REFERENCE; MEDIUM; line 1165] | ARCH-001_CKO_CORE_MASTER_ARCHITECTURE_v1.1.md [IDENTIFIER_REFERENCE; MEDIUM; line 796] | CKO_CORE_BASELINE_CONSOLIDATION_REPORT.md [IDENTIFIER_REFERENCE; MEDIUM; line 262] | CKO_CORE_BASELINE_CONSOLIDATION_REPORT.md [IDENTIFIER_REFERENCE; MEDIUM; line 621] | CKO_CORE_BASELINE_CONSOLIDATION_REPORT.md [PATH_REFERENCE; HIGH; line 262] | CKO_CORE_BASELINE_EXECUTION_REPORT.md [IDENTIFIER_REFERENCE; MEDIUM; line 332] | CKO_CORE_BASELINE_EXECUTION_REPORT.md [IDENTIFIER_REFERENCE; MEDIUM; line 88] | CKO_CORE_BASELINE_EXECUTION_REPORT.md [PATH_REFERENCE; HIGH; line 88] | docs/governance/OPS-004_REPOSITORY_CANONICAL_MIGRATION_PLAN.md [IDENTIFIER_REFERENCE; MEDIUM; line 66] | docs/governance/OPS-004_REPOSITORY_CANONICAL_MIGRATION_PLAN.md [IDENTIFIER_REFERENCE; MEDIUM; line 67] | docs/governance/OPS-004_REPOSITORY_CANONICAL_MIGRATION_PLAN.md [IDENTIFIER_REFERENCE; MEDIUM; line 71] | GOV-005_PROJECT_EFFORT_AUDIT.md [IDENTIFIER_REFERENCE; MEDIUM; line 162] | GOV-005_PROJECT_EFFORT_AUDIT.md [IDENTIFIER_REFERENCE; MEDIUM; line 198] | SPR008F_IMPLEMENTATION_REPORT.md [IDENTIFIER_REFERENCE; MEDIUM; line 402] | SPR008H_IMPLEMENTATION_REPORT.md [IDENTIFIER_REFERENCE; MEDIUM; line 146] | SPR008H_IMPLEMENTATION_REPORT.md [IDENTIFIER_REFERENCE; MEDIUM; line 167] | SPR008I_IMPLEMENTATION_REPORT.md [IDENTIFIER_REFERENCE; MEDIUM; line 186] | tests/test_discovery_identity_resolution_spr008g.py [IDENTIFIER_REFERENCE; MEDIUM; line 1],6,SPR008A_IMPLEMENTATION_REPORT.md [IDENTIFIER_REFERENCE; MEDIUM; line 178] | SPR008A_IMPLEMENTATION_REPORT.md [IDENTIFIER_REFERENCE; MEDIUM; line 180] | SPR008A_IMPLEMENTATION_REPORT.md [IDENTIFIER_REFERENCE; MEDIUM; line 206] | SPR008A_IMPLEMENTATION_REPORT.md [IDENTIFIER_REFERENCE; MEDIUM; line 238] | SPR008A_IMPLEMENTATION_REPORT.md [IDENTIFIER_REFERENCE; MEDIUM; line 270] | SPR008H_IMPLEMENTATION_REPORT.md [IDENTIFIER_REFERENCE; MEDIUM; line 277],2,24,HIGH_REFERENCE_RISK,HIGH,YES,Confirmed HIGH/MEDIUM references recorded in AUD-004 reference matrix.
INV-0134,SPR008H_IMPLEMENTATION_REPORT.md,MOVE,YES,ARCH-001_CKO_CORE_MASTER_ARCHITECTURE.md [IDENTIFIER_REFERENCE; MEDIUM; line 1166] | ARCH-001_CKO_CORE_MASTER_ARCHITECTURE_v1.1.md [IDENTIFIER_REFERENCE; MEDIUM; line 797] | CKO_CORE_BASELINE_CONSOLIDATION_REPORT.md [IDENTIFIER_REFERENCE; MEDIUM; line 263] | CKO_CORE_BASELINE_CONSOLIDATION_REPORT.md [IDENTIFIER_REFERENCE; MEDIUM; line 619] | CKO_CORE_BASELINE_CONSOLIDATION_REPORT.md [PATH_REFERENCE; HIGH; line 263] | CKO_CORE_BASELINE_EXECUTION_REPORT.md [IDENTIFIER_REFERENCE; MEDIUM; line 330] | CKO_CORE_BASELINE_EXECUTION_REPORT.md [IDENTIFIER_REFERENCE; MEDIUM; line 89] | CKO_CORE_BASELINE_EXECUTION_REPORT.md [PATH_REFERENCE; HIGH; line 89] | docs/governance/OPS-004_REPOSITORY_CANONICAL_MIGRATION_PLAN.md [IDENTIFIER_REFERENCE; MEDIUM; line 66] | docs/governance/OPS-004_REPOSITORY_CANONICAL_MIGRATION_PLAN.md [IDENTIFIER_REFERENCE; MEDIUM; line 67] | docs/governance/OPS-004_REPOSITORY_CANONICAL_MIGRATION_PLAN.md [IDENTIFIER_REFERENCE; MEDIUM; line 71] | SPR008G_IMPLEMENTATION_REPORT.md [IDENTIFIER_REFERENCE; MEDIUM; line 277] | SPR008I_IMPLEMENTATION_REPORT.md [IDENTIFIER_REFERENCE; MEDIUM; line 186] | SPR008I_IMPLEMENTATION_REPORT.md [IDENTIFIER_REFERENCE; MEDIUM; line 212] | tests/test_discovery_capability_model_spr008h.py [IDENTIFIER_REFERENCE; MEDIUM; line 1] | tests/test_discovery_capability_model_spr008h.py [IDENTIFIER_REFERENCE; MEDIUM; line 54],YES,DOCUMENTARY_DEPENDENCY | OPERATIONAL_DEPENDENCY,18,ARCH-001_CKO_CORE_MASTER_ARCHITECTURE.md [IDENTIFIER_REFERENCE; MEDIUM; line 1166] | ARCH-001_CKO_CORE_MASTER_ARCHITECTURE_v1.1.md [IDENTIFIER_REFERENCE; MEDIUM; line 797] | CKO_CORE_BASELINE_CONSOLIDATION_REPORT.md [IDENTIFIER_REFERENCE; MEDIUM; line 263] | CKO_CORE_BASELINE_CONSOLIDATION_REPORT.md [IDENTIFIER_REFERENCE; MEDIUM; line 619] | CKO_CORE_BASELINE_CONSOLIDATION_REPORT.md [PATH_REFERENCE; HIGH; line 263] | CKO_CORE_BASELINE_EXECUTION_REPORT.md [IDENTIFIER_REFERENCE; MEDIUM; line 330] | CKO_CORE_BASELINE_EXECUTION_REPORT.md [IDENTIFIER_REFERENCE; MEDIUM; line 89] | CKO_CORE_BASELINE_EXECUTION_REPORT.md [PATH_REFERENCE; HIGH; line 89] | docs/governance/OPS-004_REPOSITORY_CANONICAL_MIGRATION_PLAN.md [IDENTIFIER_REFERENCE; MEDIUM; line 66] | docs/governance/OPS-004_REPOSITORY_CANONICAL_MIGRATION_PLAN.md [IDENTIFIER_REFERENCE; MEDIUM; line 67] | docs/governance/OPS-004_REPOSITORY_CANONICAL_MIGRATION_PLAN.md [IDENTIFIER_REFERENCE; MEDIUM; line 71] | SPR008G_IMPLEMENTATION_REPORT.md [IDENTIFIER_REFERENCE; MEDIUM; line 277] | SPR008I_IMPLEMENTATION_REPORT.md [IDENTIFIER_REFERENCE; MEDIUM; line 186] | SPR008I_IMPLEMENTATION_REPORT.md [IDENTIFIER_REFERENCE; MEDIUM; line 212] | tests/test_discovery_capability_model_spr008h.py [IDENTIFIER_REFERENCE; MEDIUM; line 1] | tests/test_discovery_capability_model_spr008h.py [IDENTIFIER_REFERENCE; MEDIUM; line 54],11,SPR008A_IMPLEMENTATION_REPORT.md [IDENTIFIER_REFERENCE; MEDIUM; line 145] | SPR008A_IMPLEMENTATION_REPORT.md [IDENTIFIER_REFERENCE; MEDIUM; line 167] | SPR008A_IMPLEMENTATION_REPORT.md [IDENTIFIER_REFERENCE; MEDIUM; line 191] | SPR008B_IMPLEMENTATION_REPORT.md [IDENTIFIER_REFERENCE; MEDIUM; line 145] | SPR008C_IMPLEMENTATION_REPORT.md [IDENTIFIER_REFERENCE; MEDIUM; line 145] | SPR008D_IMPLEMENTATION_REPORT.md [IDENTIFIER_REFERENCE; MEDIUM; line 146] | SPR008E_IMPLEMENTATION_REPORT.md [IDENTIFIER_REFERENCE; MEDIUM; line 146] | SPR008F_IMPLEMENTATION_REPORT.md [IDENTIFIER_REFERENCE; MEDIUM; line 146] | SPR008G_IMPLEMENTATION_REPORT.md [IDENTIFIER_REFERENCE; MEDIUM; line 146] | SPR008G_IMPLEMENTATION_REPORT.md [IDENTIFIER_REFERENCE; MEDIUM; line 167] | SPR008I_IMPLEMENTATION_REPORT.md [IDENTIFIER_REFERENCE; MEDIUM; line 199],2,27,HIGH_REFERENCE_RISK,HIGH,YES,Confirmed HIGH/MEDIUM references recorded in AUD-004 reference matrix.
INV-0135,SPR008I_IMPLEMENTATION_REPORT.md,MOVE,YES,ARCH-001_CKO_CORE_MASTER_ARCHITECTURE.md [IDENTIFIER_REFERENCE; MEDIUM; line 1167] | ARCH-001_CKO_CORE_MASTER_ARCHITECTURE_v1.1.md [IDENTIFIER_REFERENCE; MEDIUM; line 798] | CKO_CORE_BASELINE_CONSOLIDATION_REPORT.md [IDENTIFIER_REFERENCE; MEDIUM; line 264] | CKO_CORE_BASELINE_CONSOLIDATION_REPORT.md [IDENTIFIER_REFERENCE; MEDIUM; line 410] | CKO_CORE_BASELINE_CONSOLIDATION_REPORT.md [IDENTIFIER_REFERENCE; MEDIUM; line 418] | CKO_CORE_BASELINE_CONSOLIDATION_REPORT.md [IDENTIFIER_REFERENCE; MEDIUM; line 419] | CKO_CORE_BASELINE_CONSOLIDATION_REPORT.md [IDENTIFIER_REFERENCE; MEDIUM; line 420] | CKO_CORE_BASELINE_CONSOLIDATION_REPORT.md [IDENTIFIER_REFERENCE; MEDIUM; line 624] | CKO_CORE_BASELINE_CONSOLIDATION_REPORT.md [PATH_REFERENCE; HIGH; line 264] | CKO_CORE_BASELINE_EXECUTION_REPORT.md [IDENTIFIER_REFERENCE; MEDIUM; line 335] | CKO_CORE_BASELINE_EXECUTION_REPORT.md [IDENTIFIER_REFERENCE; MEDIUM; line 90] | CKO_CORE_BASELINE_EXECUTION_REPORT.md [PATH_REFERENCE; HIGH; line 90] | docs/governance/GOV-006_PROJECT_DOSSIER.md [IDENTIFIER_REFERENCE; MEDIUM; line 259] | docs/governance/OPS-004_REPOSITORY_CANONICAL_MIGRATION_PLAN.md [IDENTIFIER_REFERENCE; MEDIUM; line 66] | docs/governance/OPS-004_REPOSITORY_CANONICAL_MIGRATION_PLAN.md [IDENTIFIER_REFERENCE; MEDIUM; line 67] | docs/governance/OPS-004_REPOSITORY_CANONICAL_MIGRATION_PLAN.md [IDENTIFIER_REFERENCE; MEDIUM; line 71] | GOV-005_PROJECT_EFFORT_AUDIT.md [IDENTIFIER_REFERENCE; MEDIUM; line 383] | SPR008H_IMPLEMENTATION_REPORT.md [IDENTIFIER_REFERENCE; MEDIUM; line 199] | SPR008J_IMPLEMENTATION_REPORT.md [IDENTIFIER_REFERENCE; MEDIUM; line 145] | SPR008J_IMPLEMENTATION_REPORT.md [IDENTIFIER_REFERENCE; MEDIUM; line 192] | SPR008J_IMPLEMENTATION_REPORT.md [IDENTIFIER_REFERENCE; MEDIUM; line 7] | SPR008K_IMPLEMENTATION_REPORT.md [IDENTIFIER_REFERENCE; MEDIUM; line 16] | SPR008L_IMPLEMENTATION_REPORT.md [IDENTIFIER_REFERENCE; MEDIUM; line 18] | SPR008M_IMPLEMENTATION_REPORT.md [IDENTIFIER_REFERENCE; MEDIUM; line 19] | SPR008N_IMPLEMENTATION_REPORT.md [IDENTIFIER_REFERENCE; MEDIUM; line 23] | SPR008O_IMPLEMENTATION_REPORT.md [IDENTIFIER_REFERENCE; MEDIUM; line 23] | tests/test_discovery_query_foundation_spr008i.py [IDENTIFIER_REFERENCE; MEDIUM; line 1],YES,DOCUMENTARY_DEPENDENCY | OPERATIONAL_DEPENDENCY,29,ARCH-001_CKO_CORE_MASTER_ARCHITECTURE.md [IDENTIFIER_REFERENCE; MEDIUM; line 1167] | ARCH-001_CKO_CORE_MASTER_ARCHITECTURE_v1.1.md [IDENTIFIER_REFERENCE; MEDIUM; line 798] | CKO_CORE_BASELINE_CONSOLIDATION_REPORT.md [IDENTIFIER_REFERENCE; MEDIUM; line 264] | CKO_CORE_BASELINE_CONSOLIDATION_REPORT.md [IDENTIFIER_REFERENCE; MEDIUM; line 410] | CKO_CORE_BASELINE_CONSOLIDATION_REPORT.md [IDENTIFIER_REFERENCE; MEDIUM; line 418] | CKO_CORE_BASELINE_CONSOLIDATION_REPORT.md [IDENTIFIER_REFERENCE; MEDIUM; line 419] | CKO_CORE_BASELINE_CONSOLIDATION_REPORT.md [IDENTIFIER_REFERENCE; MEDIUM; line 420] | CKO_CORE_BASELINE_CONSOLIDATION_REPORT.md [IDENTIFIER_REFERENCE; MEDIUM; line 624] | CKO_CORE_BASELINE_CONSOLIDATION_REPORT.md [PATH_REFERENCE; HIGH; line 264] | CKO_CORE_BASELINE_EXECUTION_REPORT.md [IDENTIFIER_REFERENCE; MEDIUM; line 335] | CKO_CORE_BASELINE_EXECUTION_REPORT.md [IDENTIFIER_REFERENCE; MEDIUM; line 90] | CKO_CORE_BASELINE_EXECUTION_REPORT.md [PATH_REFERENCE; HIGH; line 90] | docs/governance/GOV-006_PROJECT_DOSSIER.md [IDENTIFIER_REFERENCE; MEDIUM; line 259] | docs/governance/OPS-004_REPOSITORY_CANONICAL_MIGRATION_PLAN.md [IDENTIFIER_REFERENCE; MEDIUM; line 66] | docs/governance/OPS-004_REPOSITORY_CANONICAL_MIGRATION_PLAN.md [IDENTIFIER_REFERENCE; MEDIUM; line 67] | docs/governance/OPS-004_REPOSITORY_CANONICAL_MIGRATION_PLAN.md [IDENTIFIER_REFERENCE; MEDIUM; line 71] | GOV-005_PROJECT_EFFORT_AUDIT.md [IDENTIFIER_REFERENCE; MEDIUM; line 383] | SPR008H_IMPLEMENTATION_REPORT.md [IDENTIFIER_REFERENCE; MEDIUM; line 199] | SPR008J_IMPLEMENTATION_REPORT.md [IDENTIFIER_REFERENCE; MEDIUM; line 145] | SPR008J_IMPLEMENTATION_REPORT.md [IDENTIFIER_REFERENCE; MEDIUM; line 192] | SPR008J_IMPLEMENTATION_REPORT.md [IDENTIFIER_REFERENCE; MEDIUM; line 7] | SPR008K_IMPLEMENTATION_REPORT.md [IDENTIFIER_REFERENCE; MEDIUM; line 16] | SPR008L_IMPLEMENTATION_REPORT.md [IDENTIFIER_REFERENCE; MEDIUM; line 18] | SPR008M_IMPLEMENTATION_REPORT.md [IDENTIFIER_REFERENCE; MEDIUM; line 19] | SPR008N_IMPLEMENTATION_REPORT.md [IDENTIFIER_REFERENCE; MEDIUM; line 23] | SPR008O_IMPLEMENTATION_REPORT.md [IDENTIFIER_REFERENCE; MEDIUM; line 23] | tests/test_discovery_query_foundation_spr008i.py [IDENTIFIER_REFERENCE; MEDIUM; line 1],12,SPR008A_IMPLEMENTATION_REPORT.md [IDENTIFIER_REFERENCE; MEDIUM; line 185] | SPR008A_IMPLEMENTATION_REPORT.md [IDENTIFIER_REFERENCE; MEDIUM; line 212] | SPR008A_IMPLEMENTATION_REPORT.md [IDENTIFIER_REFERENCE; MEDIUM; line 234] | SPR008B_IMPLEMENTATION_REPORT.md [IDENTIFIER_REFERENCE; MEDIUM; line 185] | SPR008C_IMPLEMENTATION_REPORT.md [IDENTIFIER_REFERENCE; MEDIUM; line 185] | SPR008D_IMPLEMENTATION_REPORT.md [IDENTIFIER_REFERENCE; MEDIUM; line 186] | SPR008E_IMPLEMENTATION_REPORT.md [IDENTIFIER_REFERENCE; MEDIUM; line 186] | SPR008F_IMPLEMENTATION_REPORT.md [IDENTIFIER_REFERENCE; MEDIUM; line 186] | SPR008G_IMPLEMENTATION_REPORT.md [IDENTIFIER_REFERENCE; MEDIUM; line 186] | SPR008H_IMPLEMENTATION_REPORT.md [IDENTIFIER_REFERENCE; MEDIUM; line 186] | SPR008H_IMPLEMENTATION_REPORT.md [IDENTIFIER_REFERENCE; MEDIUM; line 212] | SPR008J_IMPLEMENTATION_REPORT.md [IDENTIFIER_REFERENCE; MEDIUM; line 244],2,39,HIGH_REFERENCE_RISK,HIGH,YES,Confirmed HIGH/MEDIUM references recorded in AUD-004 reference matrix.
INV-0136,SPR008J_IMPLEMENTATION_REPORT.md,MOVE,YES,ARCH-001_CKO_CORE_MASTER_ARCHITECTURE.md [IDENTIFIER_REFERENCE; MEDIUM; line 1168] | ARCH-001_CKO_CORE_MASTER_ARCHITECTURE_v1.1.md [IDENTIFIER_REFERENCE; MEDIUM; line 799] | CKO_CORE_BASELINE_CONSOLIDATION_REPORT.md [IDENTIFIER_REFERENCE; MEDIUM; line 265] | CKO_CORE_BASELINE_CONSOLIDATION_REPORT.md [IDENTIFIER_REFERENCE; MEDIUM; line 322] | CKO_CORE_BASELINE_CONSOLIDATION_REPORT.md [IDENTIFIER_REFERENCE; MEDIUM; line 411] | CKO_CORE_BASELINE_CONSOLIDATION_REPORT.md [IDENTIFIER_REFERENCE; MEDIUM; line 412] | CKO_CORE_BASELINE_CONSOLIDATION_REPORT.md [IDENTIFIER_REFERENCE; MEDIUM; line 413] | CKO_CORE_BASELINE_CONSOLIDATION_REPORT.md [IDENTIFIER_REFERENCE; MEDIUM; line 414] | CKO_CORE_BASELINE_CONSOLIDATION_REPORT.md [IDENTIFIER_REFERENCE; MEDIUM; line 623] | CKO_CORE_BASELINE_CONSOLIDATION_REPORT.md [PATH_REFERENCE; HIGH; line 265] | CKO_CORE_BASELINE_EXECUTION_REPORT.md [IDENTIFIER_REFERENCE; MEDIUM; line 124] | CKO_CORE_BASELINE_EXECUTION_REPORT.md [IDENTIFIER_REFERENCE; MEDIUM; line 334] | CKO_CORE_BASELINE_EXECUTION_REPORT.md [IDENTIFIER_REFERENCE; MEDIUM; line 91] | CKO_CORE_BASELINE_EXECUTION_REPORT.md [PATH_REFERENCE; HIGH; line 91] | CKO_CORE_V1_TEST_AND_COVERAGE_REPORT.md [IDENTIFIER_REFERENCE; MEDIUM; line 61] | docs/governance/GOV-006_PROJECT_DOSSIER.md [IDENTIFIER_REFERENCE; MEDIUM; line 136] | docs/governance/GOV-006_PROJECT_DOSSIER.md [IDENTIFIER_REFERENCE; MEDIUM; line 414] | docs/governance/OPS-004_REPOSITORY_CANONICAL_MIGRATION_PLAN.md [IDENTIFIER_REFERENCE; MEDIUM; line 66] | docs/governance/OPS-004_REPOSITORY_CANONICAL_MIGRATION_PLAN.md [IDENTIFIER_REFERENCE; MEDIUM; line 67] | docs/governance/OPS-004_REPOSITORY_CANONICAL_MIGRATION_PLAN.md [IDENTIFIER_REFERENCE; MEDIUM; line 71] | docs/governance/OPS-004_REPOSITORY_CANONICAL_MIGRATION_PLAN.md [IDENTIFIER_REFERENCE; MEDIUM; line 84] | GOV-005_PROJECT_EFFORT_AUDIT.md [IDENTIFIER_REFERENCE; MEDIUM; line 163] | GOV-005_PROJECT_EFFORT_AUDIT.md [IDENTIFIER_REFERENCE; MEDIUM; line 199] | SPR008I_IMPLEMENTATION_REPORT.md [IDENTIFIER_REFERENCE; MEDIUM; line 244] | SPR008K_IMPLEMENTATION_REPORT.md [IDENTIFIER_REFERENCE; MEDIUM; line 155] | SPR008K_IMPLEMENTATION_REPORT.md [IDENTIFIER_REFERENCE; MEDIUM; line 17] | tests/test_discovery_query_evaluation_spr008j.py [IDENTIFIER_REFERENCE; MEDIUM; line 1],YES,DOCUMENTARY_DEPENDENCY | OPERATIONAL_DEPENDENCY,29,ARCH-001_CKO_CORE_MASTER_ARCHITECTURE.md [IDENTIFIER_REFERENCE; MEDIUM; line 1168] | ARCH-001_CKO_CORE_MASTER_ARCHITECTURE_v1.1.md [IDENTIFIER_REFERENCE; MEDIUM; line 799] | CKO_CORE_BASELINE_CONSOLIDATION_REPORT.md [IDENTIFIER_REFERENCE; MEDIUM; line 265] | CKO_CORE_BASELINE_CONSOLIDATION_REPORT.md [IDENTIFIER_REFERENCE; MEDIUM; line 322] | CKO_CORE_BASELINE_CONSOLIDATION_REPORT.md [IDENTIFIER_REFERENCE; MEDIUM; line 411] | CKO_CORE_BASELINE_CONSOLIDATION_REPORT.md [IDENTIFIER_REFERENCE; MEDIUM; line 412] | CKO_CORE_BASELINE_CONSOLIDATION_REPORT.md [IDENTIFIER_REFERENCE; MEDIUM; line 413] | CKO_CORE_BASELINE_CONSOLIDATION_REPORT.md [IDENTIFIER_REFERENCE; MEDIUM; line 414] | CKO_CORE_BASELINE_CONSOLIDATION_REPORT.md [IDENTIFIER_REFERENCE; MEDIUM; line 623] | CKO_CORE_BASELINE_CONSOLIDATION_REPORT.md [PATH_REFERENCE; HIGH; line 265] | CKO_CORE_BASELINE_EXECUTION_REPORT.md [IDENTIFIER_REFERENCE; MEDIUM; line 124] | CKO_CORE_BASELINE_EXECUTION_REPORT.md [IDENTIFIER_REFERENCE; MEDIUM; line 334] | CKO_CORE_BASELINE_EXECUTION_REPORT.md [IDENTIFIER_REFERENCE; MEDIUM; line 91] | CKO_CORE_BASELINE_EXECUTION_REPORT.md [PATH_REFERENCE; HIGH; line 91] | CKO_CORE_V1_TEST_AND_COVERAGE_REPORT.md [IDENTIFIER_REFERENCE; MEDIUM; line 61] | docs/governance/GOV-006_PROJECT_DOSSIER.md [IDENTIFIER_REFERENCE; MEDIUM; line 136] | docs/governance/GOV-006_PROJECT_DOSSIER.md [IDENTIFIER_REFERENCE; MEDIUM; line 414] | docs/governance/OPS-004_REPOSITORY_CANONICAL_MIGRATION_PLAN.md [IDENTIFIER_REFERENCE; MEDIUM; line 66] | docs/governance/OPS-004_REPOSITORY_CANONICAL_MIGRATION_PLAN.md [IDENTIFIER_REFERENCE; MEDIUM; line 67] | docs/governance/OPS-004_REPOSITORY_CANONICAL_MIGRATION_PLAN.md [IDENTIFIER_REFERENCE; MEDIUM; line 71] | docs/governance/OPS-004_REPOSITORY_CANONICAL_MIGRATION_PLAN.md [IDENTIFIER_REFERENCE; MEDIUM; line 84] | GOV-005_PROJECT_EFFORT_AUDIT.md [IDENTIFIER_REFERENCE; MEDIUM; line 163] | GOV-005_PROJECT_EFFORT_AUDIT.md [IDENTIFIER_REFERENCE; MEDIUM; line 199] | SPR008I_IMPLEMENTATION_REPORT.md [IDENTIFIER_REFERENCE; MEDIUM; line 244] | SPR008K_IMPLEMENTATION_REPORT.md [IDENTIFIER_REFERENCE; MEDIUM; line 155] | SPR008K_IMPLEMENTATION_REPORT.md [IDENTIFIER_REFERENCE; MEDIUM; line 17] | tests/test_discovery_query_evaluation_spr008j.py [IDENTIFIER_REFERENCE; MEDIUM; line 1],5,SPR008A_IMPLEMENTATION_REPORT.md [IDENTIFIER_REFERENCE; MEDIUM; line 177] | SPR008I_IMPLEMENTATION_REPORT.md [IDENTIFIER_REFERENCE; MEDIUM; line 145] | SPR008I_IMPLEMENTATION_REPORT.md [IDENTIFIER_REFERENCE; MEDIUM; line 192] | SPR008I_IMPLEMENTATION_REPORT.md [IDENTIFIER_REFERENCE; MEDIUM; line 7] | SPR008K_IMPLEMENTATION_REPORT.md [IDENTIFIER_REFERENCE; MEDIUM; line 240],2,32,HIGH_REFERENCE_RISK,HIGH,YES,Confirmed HIGH/MEDIUM references recorded in AUD-004 reference matrix.
INV-0137,SPR008K_IMPLEMENTATION_REPORT.md,MOVE,YES,ARCH-001_CKO_CORE_MASTER_ARCHITECTURE.md [IDENTIFIER_REFERENCE; MEDIUM; line 1169] | ARCH-001_CKO_CORE_MASTER_ARCHITECTURE_v1.1.md [IDENTIFIER_REFERENCE; MEDIUM; line 800] | CKO_CORE_BASELINE_CONSOLIDATION_REPORT.md [IDENTIFIER_REFERENCE; MEDIUM; line 266] | CKO_CORE_BASELINE_CONSOLIDATION_REPORT.md [IDENTIFIER_REFERENCE; MEDIUM; line 415] | CKO_CORE_BASELINE_CONSOLIDATION_REPORT.md [IDENTIFIER_REFERENCE; MEDIUM; line 416] | CKO_CORE_BASELINE_CONSOLIDATION_REPORT.md [IDENTIFIER_REFERENCE; MEDIUM; line 417] | CKO_CORE_BASELINE_CONSOLIDATION_REPORT.md [IDENTIFIER_REFERENCE; MEDIUM; line 625] | CKO_CORE_BASELINE_CONSOLIDATION_REPORT.md [PATH_REFERENCE; HIGH; line 266] | CKO_CORE_BASELINE_EXECUTION_REPORT.md [IDENTIFIER_REFERENCE; MEDIUM; line 336] | CKO_CORE_BASELINE_EXECUTION_REPORT.md [IDENTIFIER_REFERENCE; MEDIUM; line 92] | CKO_CORE_BASELINE_EXECUTION_REPORT.md [PATH_REFERENCE; HIGH; line 92] | docs/governance/OPS-004_REPOSITORY_CANONICAL_MIGRATION_PLAN.md [IDENTIFIER_REFERENCE; MEDIUM; line 66] | docs/governance/OPS-004_REPOSITORY_CANONICAL_MIGRATION_PLAN.md [IDENTIFIER_REFERENCE; MEDIUM; line 67] | docs/governance/OPS-004_REPOSITORY_CANONICAL_MIGRATION_PLAN.md [IDENTIFIER_REFERENCE; MEDIUM; line 71] | SPR008J_IMPLEMENTATION_REPORT.md [IDENTIFIER_REFERENCE; MEDIUM; line 240] | SPR008L_IMPLEMENTATION_REPORT.md [IDENTIFIER_REFERENCE; MEDIUM; line 18] | SPR008M_IMPLEMENTATION_REPORT.md [IDENTIFIER_REFERENCE; MEDIUM; line 19] | tests/test_discovery_query_index_foundation_spr008k.py [IDENTIFIER_REFERENCE; MEDIUM; line 1] | tests/test_discovery_statistics_foundation_spr008l.py [IDENTIFIER_REFERENCE; MEDIUM; line 54],YES,DOCUMENTARY_DEPENDENCY | OPERATIONAL_DEPENDENCY,21,ARCH-001_CKO_CORE_MASTER_ARCHITECTURE.md [IDENTIFIER_REFERENCE; MEDIUM; line 1169] | ARCH-001_CKO_CORE_MASTER_ARCHITECTURE_v1.1.md [IDENTIFIER_REFERENCE; MEDIUM; line 800] | CKO_CORE_BASELINE_CONSOLIDATION_REPORT.md [IDENTIFIER_REFERENCE; MEDIUM; line 266] | CKO_CORE_BASELINE_CONSOLIDATION_REPORT.md [IDENTIFIER_REFERENCE; MEDIUM; line 415] | CKO_CORE_BASELINE_CONSOLIDATION_REPORT.md [IDENTIFIER_REFERENCE; MEDIUM; line 416] | CKO_CORE_BASELINE_CONSOLIDATION_REPORT.md [IDENTIFIER_REFERENCE; MEDIUM; line 417] | CKO_CORE_BASELINE_CONSOLIDATION_REPORT.md [IDENTIFIER_REFERENCE; MEDIUM; line 625] | CKO_CORE_BASELINE_CONSOLIDATION_REPORT.md [PATH_REFERENCE; HIGH; line 266] | CKO_CORE_BASELINE_EXECUTION_REPORT.md [IDENTIFIER_REFERENCE; MEDIUM; line 336] | CKO_CORE_BASELINE_EXECUTION_REPORT.md [IDENTIFIER_REFERENCE; MEDIUM; line 92] | CKO_CORE_BASELINE_EXECUTION_REPORT.md [PATH_REFERENCE; HIGH; line 92] | docs/governance/OPS-004_REPOSITORY_CANONICAL_MIGRATION_PLAN.md [IDENTIFIER_REFERENCE; MEDIUM; line 66] | docs/governance/OPS-004_REPOSITORY_CANONICAL_MIGRATION_PLAN.md [IDENTIFIER_REFERENCE; MEDIUM; line 67] | docs/governance/OPS-004_REPOSITORY_CANONICAL_MIGRATION_PLAN.md [IDENTIFIER_REFERENCE; MEDIUM; line 71] | SPR008J_IMPLEMENTATION_REPORT.md [IDENTIFIER_REFERENCE; MEDIUM; line 240] | SPR008L_IMPLEMENTATION_REPORT.md [IDENTIFIER_REFERENCE; MEDIUM; line 18] | SPR008M_IMPLEMENTATION_REPORT.md [IDENTIFIER_REFERENCE; MEDIUM; line 19] | tests/test_discovery_query_index_foundation_spr008k.py [IDENTIFIER_REFERENCE; MEDIUM; line 1] | tests/test_discovery_statistics_foundation_spr008l.py [IDENTIFIER_REFERENCE; MEDIUM; line 54],7,SPR008A_IMPLEMENTATION_REPORT.md [IDENTIFIER_REFERENCE; MEDIUM; line 134] | SPR008A_IMPLEMENTATION_REPORT.md [IDENTIFIER_REFERENCE; MEDIUM; line 155] | SPR008A_IMPLEMENTATION_REPORT.md [IDENTIFIER_REFERENCE; MEDIUM; line 173] | SPR008I_IMPLEMENTATION_REPORT.md [IDENTIFIER_REFERENCE; MEDIUM; line 16] | SPR008J_IMPLEMENTATION_REPORT.md [IDENTIFIER_REFERENCE; MEDIUM; line 155] | SPR008J_IMPLEMENTATION_REPORT.md [IDENTIFIER_REFERENCE; MEDIUM; line 17] | SPR008L_IMPLEMENTATION_REPORT.md [IDENTIFIER_REFERENCE; MEDIUM; line 182],2,26,HIGH_REFERENCE_RISK,HIGH,YES,Confirmed HIGH/MEDIUM references recorded in AUD-004 reference matrix.
INV-0138,SPR008L_IMPLEMENTATION_REPORT.md,MOVE,YES,ARCH-001_CKO_CORE_MASTER_ARCHITECTURE.md [IDENTIFIER_REFERENCE; MEDIUM; line 1170] | ARCH-001_CKO_CORE_MASTER_ARCHITECTURE_v1.1.md [IDENTIFIER_REFERENCE; MEDIUM; line 801] | CKO_CORE_BASELINE_CONSOLIDATION_REPORT.md [IDENTIFIER_REFERENCE; MEDIUM; line 267] | CKO_CORE_BASELINE_CONSOLIDATION_REPORT.md [IDENTIFIER_REFERENCE; MEDIUM; line 626] | CKO_CORE_BASELINE_CONSOLIDATION_REPORT.md [PATH_REFERENCE; HIGH; line 267] | CKO_CORE_BASELINE_EXECUTION_REPORT.md [IDENTIFIER_REFERENCE; MEDIUM; line 337] | CKO_CORE_BASELINE_EXECUTION_REPORT.md [IDENTIFIER_REFERENCE; MEDIUM; line 93] | CKO_CORE_BASELINE_EXECUTION_REPORT.md [PATH_REFERENCE; HIGH; line 93] | docs/governance/OPS-004_REPOSITORY_CANONICAL_MIGRATION_PLAN.md [IDENTIFIER_REFERENCE; MEDIUM; line 66] | docs/governance/OPS-004_REPOSITORY_CANONICAL_MIGRATION_PLAN.md [IDENTIFIER_REFERENCE; MEDIUM; line 67] | docs/governance/OPS-004_REPOSITORY_CANONICAL_MIGRATION_PLAN.md [IDENTIFIER_REFERENCE; MEDIUM; line 71] | SPR008K_IMPLEMENTATION_REPORT.md [IDENTIFIER_REFERENCE; MEDIUM; line 182] | SPR008M_IMPLEMENTATION_REPORT.md [IDENTIFIER_REFERENCE; MEDIUM; line 19] | SPR008M_IMPLEMENTATION_REPORT.md [IDENTIFIER_REFERENCE; MEDIUM; line 211] | tests/test_discovery_statistics_foundation_spr008l.py [IDENTIFIER_REFERENCE; MEDIUM; line 1] | tests/test_discovery_statistics_foundation_spr008l.py [IDENTIFIER_REFERENCE; MEDIUM; line 67],YES,DOCUMENTARY_DEPENDENCY | OPERATIONAL_DEPENDENCY,18,ARCH-001_CKO_CORE_MASTER_ARCHITECTURE.md [IDENTIFIER_REFERENCE; MEDIUM; line 1170] | ARCH-001_CKO_CORE_MASTER_ARCHITECTURE_v1.1.md [IDENTIFIER_REFERENCE; MEDIUM; line 801] | CKO_CORE_BASELINE_CONSOLIDATION_REPORT.md [IDENTIFIER_REFERENCE; MEDIUM; line 267] | CKO_CORE_BASELINE_CONSOLIDATION_REPORT.md [IDENTIFIER_REFERENCE; MEDIUM; line 626] | CKO_CORE_BASELINE_CONSOLIDATION_REPORT.md [PATH_REFERENCE; HIGH; line 267] | CKO_CORE_BASELINE_EXECUTION_REPORT.md [IDENTIFIER_REFERENCE; MEDIUM; line 337] | CKO_CORE_BASELINE_EXECUTION_REPORT.md [IDENTIFIER_REFERENCE; MEDIUM; line 93] | CKO_CORE_BASELINE_EXECUTION_REPORT.md [PATH_REFERENCE; HIGH; line 93] | docs/governance/OPS-004_REPOSITORY_CANONICAL_MIGRATION_PLAN.md [IDENTIFIER_REFERENCE; MEDIUM; line 66] | docs/governance/OPS-004_REPOSITORY_CANONICAL_MIGRATION_PLAN.md [IDENTIFIER_REFERENCE; MEDIUM; line 67] | docs/governance/OPS-004_REPOSITORY_CANONICAL_MIGRATION_PLAN.md [IDENTIFIER_REFERENCE; MEDIUM; line 71] | SPR008K_IMPLEMENTATION_REPORT.md [IDENTIFIER_REFERENCE; MEDIUM; line 182] | SPR008M_IMPLEMENTATION_REPORT.md [IDENTIFIER_REFERENCE; MEDIUM; line 19] | SPR008M_IMPLEMENTATION_REPORT.md [IDENTIFIER_REFERENCE; MEDIUM; line 211] | tests/test_discovery_statistics_foundation_spr008l.py [IDENTIFIER_REFERENCE; MEDIUM; line 1] | tests/test_discovery_statistics_foundation_spr008l.py [IDENTIFIER_REFERENCE; MEDIUM; line 67],6,SPR008A_IMPLEMENTATION_REPORT.md [IDENTIFIER_REFERENCE; MEDIUM; line 154] | SPR008A_IMPLEMENTATION_REPORT.md [IDENTIFIER_REFERENCE; MEDIUM; line 182] | SPR008A_IMPLEMENTATION_REPORT.md [IDENTIFIER_REFERENCE; MEDIUM; line 199] | SPR008I_IMPLEMENTATION_REPORT.md [IDENTIFIER_REFERENCE; MEDIUM; line 18] | SPR008K_IMPLEMENTATION_REPORT.md [IDENTIFIER_REFERENCE; MEDIUM; line 18] | SPR008M_IMPLEMENTATION_REPORT.md [IDENTIFIER_REFERENCE; MEDIUM; line 206],2,22,HIGH_REFERENCE_RISK,HIGH,YES,Confirmed HIGH/MEDIUM references recorded in AUD-004 reference matrix.
INV-0139,SPR008M_IMPLEMENTATION_REPORT.md,MOVE,YES,ARCH-001_CKO_CORE_MASTER_ARCHITECTURE.md [IDENTIFIER_REFERENCE; MEDIUM; line 1171] | ARCH-001_CKO_CORE_MASTER_ARCHITECTURE.md [IDENTIFIER_REFERENCE; MEDIUM; line 461] | ARCH-001_CKO_CORE_MASTER_ARCHITECTURE_v1.1.md [IDENTIFIER_REFERENCE; MEDIUM; line 802] | CKO_CORE_BASELINE_CONSOLIDATION_REPORT.md [IDENTIFIER_REFERENCE; MEDIUM; line 268] | CKO_CORE_BASELINE_CONSOLIDATION_REPORT.md [IDENTIFIER_REFERENCE; MEDIUM; line 323] | CKO_CORE_BASELINE_CONSOLIDATION_REPORT.md [IDENTIFIER_REFERENCE; MEDIUM; line 618] | CKO_CORE_BASELINE_CONSOLIDATION_REPORT.md [PATH_REFERENCE; HIGH; line 268] | CKO_CORE_BASELINE_EXECUTION_REPORT.md [IDENTIFIER_REFERENCE; MEDIUM; line 125] | CKO_CORE_BASELINE_EXECUTION_REPORT.md [IDENTIFIER_REFERENCE; MEDIUM; line 329] | CKO_CORE_BASELINE_EXECUTION_REPORT.md [IDENTIFIER_REFERENCE; MEDIUM; line 94] | CKO_CORE_BASELINE_EXECUTION_REPORT.md [PATH_REFERENCE; HIGH; line 94] | docs/governance/OPS-004_REPOSITORY_CANONICAL_MIGRATION_PLAN.md [IDENTIFIER_REFERENCE; MEDIUM; line 66] | docs/governance/OPS-004_REPOSITORY_CANONICAL_MIGRATION_PLAN.md [IDENTIFIER_REFERENCE; MEDIUM; line 67] | docs/governance/OPS-004_REPOSITORY_CANONICAL_MIGRATION_PLAN.md [IDENTIFIER_REFERENCE; MEDIUM; line 71] | SPR008L_IMPLEMENTATION_REPORT.md [IDENTIFIER_REFERENCE; MEDIUM; line 206] | SPR008N_IMPLEMENTATION_REPORT.md [IDENTIFIER_REFERENCE; MEDIUM; line 225] | SPR008N_IMPLEMENTATION_REPORT.md [IDENTIFIER_REFERENCE; MEDIUM; line 228] | SPR008N_IMPLEMENTATION_REPORT.md [IDENTIFIER_REFERENCE; MEDIUM; line 23] | SPR008N_IMPLEMENTATION_REPORT.md [IDENTIFIER_REFERENCE; MEDIUM; line 25] | tests/test_cost_based_planner_spr008m.py [IDENTIFIER_REFERENCE; MEDIUM; line 1],YES,DOCUMENTARY_DEPENDENCY | OPERATIONAL_DEPENDENCY,22,ARCH-001_CKO_CORE_MASTER_ARCHITECTURE.md [IDENTIFIER_REFERENCE; MEDIUM; line 1171] | ARCH-001_CKO_CORE_MASTER_ARCHITECTURE.md [IDENTIFIER_REFERENCE; MEDIUM; line 461] | ARCH-001_CKO_CORE_MASTER_ARCHITECTURE_v1.1.md [IDENTIFIER_REFERENCE; MEDIUM; line 802] | CKO_CORE_BASELINE_CONSOLIDATION_REPORT.md [IDENTIFIER_REFERENCE; MEDIUM; line 268] | CKO_CORE_BASELINE_CONSOLIDATION_REPORT.md [IDENTIFIER_REFERENCE; MEDIUM; line 323] | CKO_CORE_BASELINE_CONSOLIDATION_REPORT.md [IDENTIFIER_REFERENCE; MEDIUM; line 618] | CKO_CORE_BASELINE_CONSOLIDATION_REPORT.md [PATH_REFERENCE; HIGH; line 268] | CKO_CORE_BASELINE_EXECUTION_REPORT.md [IDENTIFIER_REFERENCE; MEDIUM; line 125] | CKO_CORE_BASELINE_EXECUTION_REPORT.md [IDENTIFIER_REFERENCE; MEDIUM; line 329] | CKO_CORE_BASELINE_EXECUTION_REPORT.md [IDENTIFIER_REFERENCE; MEDIUM; line 94] | CKO_CORE_BASELINE_EXECUTION_REPORT.md [PATH_REFERENCE; HIGH; line 94] | docs/governance/OPS-004_REPOSITORY_CANONICAL_MIGRATION_PLAN.md [IDENTIFIER_REFERENCE; MEDIUM; line 66] | docs/governance/OPS-004_REPOSITORY_CANONICAL_MIGRATION_PLAN.md [IDENTIFIER_REFERENCE; MEDIUM; line 67] | docs/governance/OPS-004_REPOSITORY_CANONICAL_MIGRATION_PLAN.md [IDENTIFIER_REFERENCE; MEDIUM; line 71] | SPR008L_IMPLEMENTATION_REPORT.md [IDENTIFIER_REFERENCE; MEDIUM; line 206] | SPR008N_IMPLEMENTATION_REPORT.md [IDENTIFIER_REFERENCE; MEDIUM; line 225] | SPR008N_IMPLEMENTATION_REPORT.md [IDENTIFIER_REFERENCE; MEDIUM; line 228] | SPR008N_IMPLEMENTATION_REPORT.md [IDENTIFIER_REFERENCE; MEDIUM; line 23] | SPR008N_IMPLEMENTATION_REPORT.md [IDENTIFIER_REFERENCE; MEDIUM; line 25] | tests/test_cost_based_planner_spr008m.py [IDENTIFIER_REFERENCE; MEDIUM; line 1],13,logs/.gitkeep [FILENAME_REFERENCE; MEDIUM; line 141] | reports/spr008j_trace/.gitkeep [FILENAME_REFERENCE; MEDIUM; line 141] | reports/spr008m_trace/.gitkeep [PATH_REFERENCE; HIGH; line 141] | SPR008A_IMPLEMENTATION_REPORT.md [IDENTIFIER_REFERENCE; MEDIUM; line 185] | SPR008A_IMPLEMENTATION_REPORT.md [IDENTIFIER_REFERENCE; MEDIUM; line 211] | SPR008A_IMPLEMENTATION_REPORT.md [IDENTIFIER_REFERENCE; MEDIUM; line 229] | SPR008A_IMPLEMENTATION_REPORT.md [IDENTIFIER_REFERENCE; MEDIUM; line 238] | SPR008I_IMPLEMENTATION_REPORT.md [IDENTIFIER_REFERENCE; MEDIUM; line 19] | SPR008K_IMPLEMENTATION_REPORT.md [IDENTIFIER_REFERENCE; MEDIUM; line 19] | SPR008L_IMPLEMENTATION_REPORT.md [IDENTIFIER_REFERENCE; MEDIUM; line 19] | SPR008L_IMPLEMENTATION_REPORT.md [IDENTIFIER_REFERENCE; MEDIUM; line 211] | SPR008N_IMPLEMENTATION_REPORT.md [IDENTIFIER_REFERENCE; MEDIUM; line 205] | SPR008N_IMPLEMENTATION_REPORT.md [IDENTIFIER_REFERENCE; MEDIUM; line 240],5,30,HIGH_REFERENCE_RISK,HIGH,YES,Confirmed HIGH/MEDIUM references recorded in AUD-004 reference matrix.
INV-0140,SPR008N_IMPLEMENTATION_REPORT.md,MOVE,YES,ARCH-001_CKO_CORE_MASTER_ARCHITECTURE.md [IDENTIFIER_REFERENCE; MEDIUM; line 1172] | ARCH-001_CKO_CORE_MASTER_ARCHITECTURE_v1.1.md [IDENTIFIER_REFERENCE; MEDIUM; line 803] | CKO_CORE_BASELINE_CONSOLIDATION_REPORT.md [IDENTIFIER_REFERENCE; MEDIUM; line 269] | CKO_CORE_BASELINE_CONSOLIDATION_REPORT.md [IDENTIFIER_REFERENCE; MEDIUM; line 644] | CKO_CORE_BASELINE_CONSOLIDATION_REPORT.md [PATH_REFERENCE; HIGH; line 269] | CKO_CORE_BASELINE_EXECUTION_REPORT.md [IDENTIFIER_REFERENCE; MEDIUM; line 347] | CKO_CORE_BASELINE_EXECUTION_REPORT.md [IDENTIFIER_REFERENCE; MEDIUM; line 95] | CKO_CORE_BASELINE_EXECUTION_REPORT.md [PATH_REFERENCE; HIGH; line 95] | docs/governance/OPS-004_REPOSITORY_CANONICAL_MIGRATION_PLAN.md [IDENTIFIER_REFERENCE; MEDIUM; line 66] | docs/governance/OPS-004_REPOSITORY_CANONICAL_MIGRATION_PLAN.md [IDENTIFIER_REFERENCE; MEDIUM; line 67] | docs/governance/OPS-004_REPOSITORY_CANONICAL_MIGRATION_PLAN.md [IDENTIFIER_REFERENCE; MEDIUM; line 71] | SPR008M_IMPLEMENTATION_REPORT.md [IDENTIFIER_REFERENCE; MEDIUM; line 205] | SPR008M_IMPLEMENTATION_REPORT.md [IDENTIFIER_REFERENCE; MEDIUM; line 240] | SPR008O_IMPLEMENTATION_REPORT.md [IDENTIFIER_REFERENCE; MEDIUM; line 204] | SPR008O_IMPLEMENTATION_REPORT.md [IDENTIFIER_REFERENCE; MEDIUM; line 23] | tests/test_query_optimizer_spr008n.py [IDENTIFIER_REFERENCE; MEDIUM; line 1],YES,DOCUMENTARY_DEPENDENCY | OPERATIONAL_DEPENDENCY,18,ARCH-001_CKO_CORE_MASTER_ARCHITECTURE.md [IDENTIFIER_REFERENCE; MEDIUM; line 1172] | ARCH-001_CKO_CORE_MASTER_ARCHITECTURE_v1.1.md [IDENTIFIER_REFERENCE; MEDIUM; line 803] | CKO_CORE_BASELINE_CONSOLIDATION_REPORT.md [IDENTIFIER_REFERENCE; MEDIUM; line 269] | CKO_CORE_BASELINE_CONSOLIDATION_REPORT.md [IDENTIFIER_REFERENCE; MEDIUM; line 644] | CKO_CORE_BASELINE_CONSOLIDATION_REPORT.md [PATH_REFERENCE; HIGH; line 269] | CKO_CORE_BASELINE_EXECUTION_REPORT.md [IDENTIFIER_REFERENCE; MEDIUM; line 347] | CKO_CORE_BASELINE_EXECUTION_REPORT.md [IDENTIFIER_REFERENCE; MEDIUM; line 95] | CKO_CORE_BASELINE_EXECUTION_REPORT.md [PATH_REFERENCE; HIGH; line 95] | docs/governance/OPS-004_REPOSITORY_CANONICAL_MIGRATION_PLAN.md [IDENTIFIER_REFERENCE; MEDIUM; line 66] | docs/governance/OPS-004_REPOSITORY_CANONICAL_MIGRATION_PLAN.md [IDENTIFIER_REFERENCE; MEDIUM; line 67] | docs/governance/OPS-004_REPOSITORY_CANONICAL_MIGRATION_PLAN.md [IDENTIFIER_REFERENCE; MEDIUM; line 71] | SPR008M_IMPLEMENTATION_REPORT.md [IDENTIFIER_REFERENCE; MEDIUM; line 205] | SPR008M_IMPLEMENTATION_REPORT.md [IDENTIFIER_REFERENCE; MEDIUM; line 240] | SPR008O_IMPLEMENTATION_REPORT.md [IDENTIFIER_REFERENCE; MEDIUM; line 204] | SPR008O_IMPLEMENTATION_REPORT.md [IDENTIFIER_REFERENCE; MEDIUM; line 23] | tests/test_query_optimizer_spr008n.py [IDENTIFIER_REFERENCE; MEDIUM; line 1],13,docs/sprint/CKO-SPR-005A_TERMO_OFICIAL.md [IDENTIFIER_REFERENCE; MEDIUM; line 200] | SPR008A_IMPLEMENTATION_REPORT.md [IDENTIFIER_REFERENCE; MEDIUM; line 184] | SPR008A_IMPLEMENTATION_REPORT.md [IDENTIFIER_REFERENCE; MEDIUM; line 225] | SPR008A_IMPLEMENTATION_REPORT.md [IDENTIFIER_REFERENCE; MEDIUM; line 228] | SPR008A_IMPLEMENTATION_REPORT.md [IDENTIFIER_REFERENCE; MEDIUM; line 244] | SPR008A_IMPLEMENTATION_REPORT.md [IDENTIFIER_REFERENCE; MEDIUM; line 258] | SPR008I_IMPLEMENTATION_REPORT.md [IDENTIFIER_REFERENCE; MEDIUM; line 23] | SPR008M_IMPLEMENTATION_REPORT.md [IDENTIFIER_REFERENCE; MEDIUM; line 225] | SPR008M_IMPLEMENTATION_REPORT.md [IDENTIFIER_REFERENCE; MEDIUM; line 228] | SPR008M_IMPLEMENTATION_REPORT.md [IDENTIFIER_REFERENCE; MEDIUM; line 23] | SPR008M_IMPLEMENTATION_REPORT.md [IDENTIFIER_REFERENCE; MEDIUM; line 25] | SPR008O_IMPLEMENTATION_REPORT.md [IDENTIFIER_REFERENCE; MEDIUM; line 259] | SPR008O_IMPLEMENTATION_REPORT.md [IDENTIFIER_REFERENCE; MEDIUM; line 26],2,29,HIGH_REFERENCE_RISK,HIGH,YES,Confirmed HIGH/MEDIUM references recorded in AUD-004 reference matrix.
INV-0141,SPR008O_IMPLEMENTATION_REPORT.md,MOVE,YES,ARCH-001_CKO_CORE_MASTER_ARCHITECTURE.md [IDENTIFIER_REFERENCE; MEDIUM; line 1173] | ARCH-001_CKO_CORE_MASTER_ARCHITECTURE.md [IDENTIFIER_REFERENCE; MEDIUM; line 463] | ARCH-001_CKO_CORE_MASTER_ARCHITECTURE_v1.1.md [IDENTIFIER_REFERENCE; MEDIUM; line 804] | ARCH-001_CKO_CORE_MASTER_ARCHITECTURE_v1.2.md [IDENTIFIER_REFERENCE; MEDIUM; line 551] | CKO_CORE_BASELINE_CONSOLIDATION_REPORT.md [IDENTIFIER_REFERENCE; MEDIUM; line 271] | CKO_CORE_BASELINE_CONSOLIDATION_REPORT.md [IDENTIFIER_REFERENCE; MEDIUM; line 630] | CKO_CORE_BASELINE_CONSOLIDATION_REPORT.md [PATH_REFERENCE; HIGH; line 271] | CKO_CORE_BASELINE_EXECUTION_REPORT.md [IDENTIFIER_REFERENCE; MEDIUM; line 340] | CKO_CORE_BASELINE_EXECUTION_REPORT.md [IDENTIFIER_REFERENCE; MEDIUM; line 97] | CKO_CORE_BASELINE_EXECUTION_REPORT.md [PATH_REFERENCE; HIGH; line 97] | docs/governance/OPS-004_REPOSITORY_CANONICAL_MIGRATION_PLAN.md [IDENTIFIER_REFERENCE; MEDIUM; line 66] | docs/governance/OPS-004_REPOSITORY_CANONICAL_MIGRATION_PLAN.md [IDENTIFIER_REFERENCE; MEDIUM; line 67] | docs/governance/OPS-004_REPOSITORY_CANONICAL_MIGRATION_PLAN.md [IDENTIFIER_REFERENCE; MEDIUM; line 68] | docs/governance/OPS-004_REPOSITORY_CANONICAL_MIGRATION_PLAN.md [IDENTIFIER_REFERENCE; MEDIUM; line 71] | GOV-005_PROJECT_EFFORT_AUDIT.md [IDENTIFIER_REFERENCE; MEDIUM; line 200] | SPR008N_IMPLEMENTATION_REPORT.md [IDENTIFIER_REFERENCE; MEDIUM; line 259] | SPR008N_IMPLEMENTATION_REPORT.md [IDENTIFIER_REFERENCE; MEDIUM; line 26] | SPR008OA_IMPLEMENTATION_REPORT.md [IDENTIFIER_REFERENCE; MEDIUM; line 161] | SPR008OA_IMPLEMENTATION_REPORT.md [IDENTIFIER_REFERENCE; MEDIUM; line 178] | SPR008OA_IMPLEMENTATION_REPORT.md [IDENTIFIER_REFERENCE; MEDIUM; line 206] | SPR008P_IMPLEMENTATION_REPORT.md [IDENTIFIER_REFERENCE; MEDIUM; line 144] | SPR008P_IMPLEMENTATION_REPORT.md [IDENTIFIER_REFERENCE; MEDIUM; line 169] | SPR008P_IMPLEMENTATION_REPORT.md [IDENTIFIER_REFERENCE; MEDIUM; line 223] | SPR008P_IMPLEMENTATION_REPORT.md [IDENTIFIER_REFERENCE; MEDIUM; line 24] | SPR008P_IMPLEMENTATION_REPORT.md [IDENTIFIER_REFERENCE; MEDIUM; line 6] | tests/test_execution_planner_spr008o.py [IDENTIFIER_REFERENCE; MEDIUM; line 1],YES,DOCUMENTARY_DEPENDENCY | OPERATIONAL_DEPENDENCY,28,ARCH-001_CKO_CORE_MASTER_ARCHITECTURE.md [IDENTIFIER_REFERENCE; MEDIUM; line 1173] | ARCH-001_CKO_CORE_MASTER_ARCHITECTURE.md [IDENTIFIER_REFERENCE; MEDIUM; line 463] | ARCH-001_CKO_CORE_MASTER_ARCHITECTURE_v1.1.md [IDENTIFIER_REFERENCE; MEDIUM; line 804] | ARCH-001_CKO_CORE_MASTER_ARCHITECTURE_v1.2.md [IDENTIFIER_REFERENCE; MEDIUM; line 551] | CKO_CORE_BASELINE_CONSOLIDATION_REPORT.md [IDENTIFIER_REFERENCE; MEDIUM; line 271] | CKO_CORE_BASELINE_CONSOLIDATION_REPORT.md [IDENTIFIER_REFERENCE; MEDIUM; line 630] | CKO_CORE_BASELINE_CONSOLIDATION_REPORT.md [PATH_REFERENCE; HIGH; line 271] | CKO_CORE_BASELINE_EXECUTION_REPORT.md [IDENTIFIER_REFERENCE; MEDIUM; line 340] | CKO_CORE_BASELINE_EXECUTION_REPORT.md [IDENTIFIER_REFERENCE; MEDIUM; line 97] | CKO_CORE_BASELINE_EXECUTION_REPORT.md [PATH_REFERENCE; HIGH; line 97] | docs/governance/OPS-004_REPOSITORY_CANONICAL_MIGRATION_PLAN.md [IDENTIFIER_REFERENCE; MEDIUM; line 66] | docs/governance/OPS-004_REPOSITORY_CANONICAL_MIGRATION_PLAN.md [IDENTIFIER_REFERENCE; MEDIUM; line 67] | docs/governance/OPS-004_REPOSITORY_CANONICAL_MIGRATION_PLAN.md [IDENTIFIER_REFERENCE; MEDIUM; line 68] | docs/governance/OPS-004_REPOSITORY_CANONICAL_MIGRATION_PLAN.md [IDENTIFIER_REFERENCE; MEDIUM; line 71] | GOV-005_PROJECT_EFFORT_AUDIT.md [IDENTIFIER_REFERENCE; MEDIUM; line 200] | SPR008N_IMPLEMENTATION_REPORT.md [IDENTIFIER_REFERENCE; MEDIUM; line 259] | SPR008N_IMPLEMENTATION_REPORT.md [IDENTIFIER_REFERENCE; MEDIUM; line 26] | SPR008OA_IMPLEMENTATION_REPORT.md [IDENTIFIER_REFERENCE; MEDIUM; line 161] | SPR008OA_IMPLEMENTATION_REPORT.md [IDENTIFIER_REFERENCE; MEDIUM; line 178] | SPR008OA_IMPLEMENTATION_REPORT.md [IDENTIFIER_REFERENCE; MEDIUM; line 206] | SPR008P_IMPLEMENTATION_REPORT.md [IDENTIFIER_REFERENCE; MEDIUM; line 144] | SPR008P_IMPLEMENTATION_REPORT.md [IDENTIFIER_REFERENCE; MEDIUM; line 169] | SPR008P_IMPLEMENTATION_REPORT.md [IDENTIFIER_REFERENCE; MEDIUM; line 223] | SPR008P_IMPLEMENTATION_REPORT.md [IDENTIFIER_REFERENCE; MEDIUM; line 24] | SPR008P_IMPLEMENTATION_REPORT.md [IDENTIFIER_REFERENCE; MEDIUM; line 6] | tests/test_execution_planner_spr008o.py [IDENTIFIER_REFERENCE; MEDIUM; line 1],8,SPR008A_IMPLEMENTATION_REPORT.md [IDENTIFIER_REFERENCE; MEDIUM; line 163] | SPR008A_IMPLEMENTATION_REPORT.md [IDENTIFIER_REFERENCE; MEDIUM; line 204] | SPR008A_IMPLEMENTATION_REPORT.md [IDENTIFIER_REFERENCE; MEDIUM; line 222] | SPR008A_IMPLEMENTATION_REPORT.md [IDENTIFIER_REFERENCE; MEDIUM; line 237] | SPR008I_IMPLEMENTATION_REPORT.md [IDENTIFIER_REFERENCE; MEDIUM; line 23] | SPR008N_IMPLEMENTATION_REPORT.md [IDENTIFIER_REFERENCE; MEDIUM; line 204] | SPR008N_IMPLEMENTATION_REPORT.md [IDENTIFIER_REFERENCE; MEDIUM; line 23] | SPR008P_IMPLEMENTATION_REPORT.md [IDENTIFIER_REFERENCE; MEDIUM; line 238],2,34,HIGH_REFERENCE_RISK,HIGH,YES,Confirmed HIGH/MEDIUM references recorded in AUD-004 reference matrix.
INV-0142,SPR008OA_IMPLEMENTATION_REPORT.md,MOVE,YES,CKO_CORE_BASELINE_CONSOLIDATION_REPORT.md [PATH_REFERENCE; HIGH; line 270] | CKO_CORE_BASELINE_EXECUTION_REPORT.md [PATH_REFERENCE; HIGH; line 96],YES,DOCUMENTARY_DEPENDENCY,2,CKO_CORE_BASELINE_CONSOLIDATION_REPORT.md [PATH_REFERENCE; HIGH; line 270] | CKO_CORE_BASELINE_EXECUTION_REPORT.md [PATH_REFERENCE; HIGH; line 96],17,CKO_BUILD.cmd [PATH_REFERENCE; HIGH; line 222] | CKO_BUILD.cmd [PATH_REFERENCE; HIGH; line 91] | CKO_CLEAN.cmd [PATH_REFERENCE; HIGH; line 220] | CKO_CLEAN.cmd [PATH_REFERENCE; HIGH; line 88] | CKO_RUNTIME.cmd [PATH_REFERENCE; HIGH; line 112] | CKO_RUNTIME.cmd [PATH_REFERENCE; HIGH; line 223] | CKO_RUNTIME.cmd [PATH_REFERENCE; HIGH; line 93] | CKO_TESTS.cmd [PATH_REFERENCE; HIGH; line 190] | CKO_TESTS.cmd [PATH_REFERENCE; HIGH; line 221] | CKO_TESTS.cmd [PATH_REFERENCE; HIGH; line 89] | docs/sprint/CKO-SPR-005A_TERMO_OFICIAL.md [IDENTIFIER_REFERENCE; MEDIUM; line 201] | pyproject.toml [PATH_REFERENCE; HIGH; line 43] | SPR008A_IMPLEMENTATION_REPORT.md [IDENTIFIER_REFERENCE; MEDIUM; line 178] | SPR008O_IMPLEMENTATION_REPORT.md [IDENTIFIER_REFERENCE; MEDIUM; line 161] | SPR008O_IMPLEMENTATION_REPORT.md [IDENTIFIER_REFERENCE; MEDIUM; line 178] | SPR008O_IMPLEMENTATION_REPORT.md [IDENTIFIER_REFERENCE; MEDIUM; line 206] | SPR008P_IMPLEMENTATION_REPORT.md [IDENTIFIER_REFERENCE; MEDIUM; line 255],13,6,HIGH_REFERENCE_RISK,HIGH,YES,Confirmed HIGH/MEDIUM references recorded in AUD-004 reference matrix.
INV-0143,SPR008P_IMPLEMENTATION_REPORT.md,MOVE,YES,ARCH-001_CKO_CORE_MASTER_ARCHITECTURE.md [IDENTIFIER_REFERENCE; MEDIUM; line 1175] | ARCH-001_CKO_CORE_MASTER_ARCHITECTURE_v1.1.md [IDENTIFIER_REFERENCE; MEDIUM; line 806] | CKO_CORE_BASELINE_CONSOLIDATION_REPORT.md [IDENTIFIER_REFERENCE; MEDIUM; line 272] | CKO_CORE_BASELINE_CONSOLIDATION_REPORT.md [IDENTIFIER_REFERENCE; MEDIUM; line 444] | CKO_CORE_BASELINE_CONSOLIDATION_REPORT.md [IDENTIFIER_REFERENCE; MEDIUM; line 445] | CKO_CORE_BASELINE_CONSOLIDATION_REPORT.md [IDENTIFIER_REFERENCE; MEDIUM; line 446] | CKO_CORE_BASELINE_CONSOLIDATION_REPORT.md [IDENTIFIER_REFERENCE; MEDIUM; line 447] | CKO_CORE_BASELINE_CONSOLIDATION_REPORT.md [IDENTIFIER_REFERENCE; MEDIUM; line 448] | CKO_CORE_BASELINE_CONSOLIDATION_REPORT.md [IDENTIFIER_REFERENCE; MEDIUM; line 449] | CKO_CORE_BASELINE_CONSOLIDATION_REPORT.md [IDENTIFIER_REFERENCE; MEDIUM; line 450] | CKO_CORE_BASELINE_CONSOLIDATION_REPORT.md [IDENTIFIER_REFERENCE; MEDIUM; line 629] | CKO_CORE_BASELINE_CONSOLIDATION_REPORT.md [PATH_REFERENCE; HIGH; line 272] | CKO_CORE_BASELINE_EXECUTION_REPORT.md [IDENTIFIER_REFERENCE; MEDIUM; line 339] | CKO_CORE_BASELINE_EXECUTION_REPORT.md [IDENTIFIER_REFERENCE; MEDIUM; line 98] | CKO_CORE_BASELINE_EXECUTION_REPORT.md [PATH_REFERENCE; HIGH; line 98] | CKO_CORE_V1_TEST_AND_COVERAGE_REPORT.md [IDENTIFIER_REFERENCE; MEDIUM; line 63] | docs/governance/OPS-004_REPOSITORY_CANONICAL_MIGRATION_PLAN.md [IDENTIFIER_REFERENCE; MEDIUM; line 66] | docs/governance/OPS-004_REPOSITORY_CANONICAL_MIGRATION_PLAN.md [IDENTIFIER_REFERENCE; MEDIUM; line 67] | docs/governance/OPS-004_REPOSITORY_CANONICAL_MIGRATION_PLAN.md [IDENTIFIER_REFERENCE; MEDIUM; line 71] | docs/governance/OPS-004_REPOSITORY_CANONICAL_MIGRATION_PLAN.md [IDENTIFIER_REFERENCE; MEDIUM; line 84] | SPR008O_IMPLEMENTATION_REPORT.md [IDENTIFIER_REFERENCE; MEDIUM; line 238] | SPR008OA_IMPLEMENTATION_REPORT.md [IDENTIFIER_REFERENCE; MEDIUM; line 255] | SPR008Q_IMPLEMENTATION_REPORT.md [IDENTIFIER_REFERENCE; MEDIUM; line 219] | SPR008Q_IMPLEMENTATION_REPORT.md [IDENTIFIER_REFERENCE; MEDIUM; line 8] | tests/test_execution_engine_spr008p.py [IDENTIFIER_REFERENCE; MEDIUM; line 1],YES,DOCUMENTARY_DEPENDENCY | OPERATIONAL_DEPENDENCY,27,ARCH-001_CKO_CORE_MASTER_ARCHITECTURE.md [IDENTIFIER_REFERENCE; MEDIUM; line 1175] | ARCH-001_CKO_CORE_MASTER_ARCHITECTURE_v1.1.md [IDENTIFIER_REFERENCE; MEDIUM; line 806] | CKO_CORE_BASELINE_CONSOLIDATION_REPORT.md [IDENTIFIER_REFERENCE; MEDIUM; line 272] | CKO_CORE_BASELINE_CONSOLIDATION_REPORT.md [IDENTIFIER_REFERENCE; MEDIUM; line 444] | CKO_CORE_BASELINE_CONSOLIDATION_REPORT.md [IDENTIFIER_REFERENCE; MEDIUM; line 445] | CKO_CORE_BASELINE_CONSOLIDATION_REPORT.md [IDENTIFIER_REFERENCE; MEDIUM; line 446] | CKO_CORE_BASELINE_CONSOLIDATION_REPORT.md [IDENTIFIER_REFERENCE; MEDIUM; line 447] | CKO_CORE_BASELINE_CONSOLIDATION_REPORT.md [IDENTIFIER_REFERENCE; MEDIUM; line 448] | CKO_CORE_BASELINE_CONSOLIDATION_REPORT.md [IDENTIFIER_REFERENCE; MEDIUM; line 449] | CKO_CORE_BASELINE_CONSOLIDATION_REPORT.md [IDENTIFIER_REFERENCE; MEDIUM; line 450] | CKO_CORE_BASELINE_CONSOLIDATION_REPORT.md [IDENTIFIER_REFERENCE; MEDIUM; line 629] | CKO_CORE_BASELINE_CONSOLIDATION_REPORT.md [PATH_REFERENCE; HIGH; line 272] | CKO_CORE_BASELINE_EXECUTION_REPORT.md [IDENTIFIER_REFERENCE; MEDIUM; line 339] | CKO_CORE_BASELINE_EXECUTION_REPORT.md [IDENTIFIER_REFERENCE; MEDIUM; line 98] | CKO_CORE_BASELINE_EXECUTION_REPORT.md [PATH_REFERENCE; HIGH; line 98] | CKO_CORE_V1_TEST_AND_COVERAGE_REPORT.md [IDENTIFIER_REFERENCE; MEDIUM; line 63] | docs/governance/OPS-004_REPOSITORY_CANONICAL_MIGRATION_PLAN.md [IDENTIFIER_REFERENCE; MEDIUM; line 66] | docs/governance/OPS-004_REPOSITORY_CANONICAL_MIGRATION_PLAN.md [IDENTIFIER_REFERENCE; MEDIUM; line 67] | docs/governance/OPS-004_REPOSITORY_CANONICAL_MIGRATION_PLAN.md [IDENTIFIER_REFERENCE; MEDIUM; line 71] | docs/governance/OPS-004_REPOSITORY_CANONICAL_MIGRATION_PLAN.md [IDENTIFIER_REFERENCE; MEDIUM; line 84] | SPR008O_IMPLEMENTATION_REPORT.md [IDENTIFIER_REFERENCE; MEDIUM; line 238] | SPR008OA_IMPLEMENTATION_REPORT.md [IDENTIFIER_REFERENCE; MEDIUM; line 255] | SPR008Q_IMPLEMENTATION_REPORT.md [IDENTIFIER_REFERENCE; MEDIUM; line 219] | SPR008Q_IMPLEMENTATION_REPORT.md [IDENTIFIER_REFERENCE; MEDIUM; line 8] | tests/test_execution_engine_spr008p.py [IDENTIFIER_REFERENCE; MEDIUM; line 1],11,CKO_TESTS.cmd [PATH_REFERENCE; HIGH; line 201] | docs/sprint/CKO-SPR-005A_TERMO_OFICIAL.md [IDENTIFIER_REFERENCE; MEDIUM; line 210] | SPR008A_IMPLEMENTATION_REPORT.md [IDENTIFIER_REFERENCE; MEDIUM; line 187] | SPR008A_IMPLEMENTATION_REPORT.md [IDENTIFIER_REFERENCE; MEDIUM; line 256] | SPR008A_IMPLEMENTATION_REPORT.md [IDENTIFIER_REFERENCE; MEDIUM; line 270] | SPR008O_IMPLEMENTATION_REPORT.md [IDENTIFIER_REFERENCE; MEDIUM; line 144] | SPR008O_IMPLEMENTATION_REPORT.md [IDENTIFIER_REFERENCE; MEDIUM; line 169] | SPR008O_IMPLEMENTATION_REPORT.md [IDENTIFIER_REFERENCE; MEDIUM; line 223] | SPR008O_IMPLEMENTATION_REPORT.md [IDENTIFIER_REFERENCE; MEDIUM; line 24] | SPR008O_IMPLEMENTATION_REPORT.md [IDENTIFIER_REFERENCE; MEDIUM; line 6] | SPR008Q_IMPLEMENTATION_REPORT.md [IDENTIFIER_REFERENCE; MEDIUM; line 271],3,35,HIGH_REFERENCE_RISK,HIGH,YES,Confirmed HIGH/MEDIUM references recorded in AUD-004 reference matrix.
INV-0144,SPR008Q_IMPLEMENTATION_REPORT.md,MOVE,YES,ARCH-001_CKO_CORE_MASTER_ARCHITECTURE.md [IDENTIFIER_REFERENCE; MEDIUM; line 10] | ARCH-001_CKO_CORE_MASTER_ARCHITECTURE.md [IDENTIFIER_REFERENCE; MEDIUM; line 1176] | ARCH-001_CKO_CORE_MASTER_ARCHITECTURE.md [IDENTIFIER_REFERENCE; MEDIUM; line 1459] | ARCH-001_CKO_CORE_MASTER_ARCHITECTURE.md [IDENTIFIER_REFERENCE; MEDIUM; line 1475] | ARCH-001_CKO_CORE_MASTER_ARCHITECTURE.md [IDENTIFIER_REFERENCE; MEDIUM; line 158] | ARCH-001_CKO_CORE_MASTER_ARCHITECTURE.md [IDENTIFIER_REFERENCE; MEDIUM; line 20] | ARCH-001_CKO_CORE_MASTER_ARCHITECTURE.md [IDENTIFIER_REFERENCE; MEDIUM; line 26] | ARCH-001_CKO_CORE_MASTER_ARCHITECTURE.md [IDENTIFIER_REFERENCE; MEDIUM; line 8] | ARCH-001_CKO_CORE_MASTER_ARCHITECTURE_v1.1.md [IDENTIFIER_REFERENCE; MEDIUM; line 807] | ARCH-001_CKO_CORE_MASTER_ARCHITECTURE_v1.1.md [IDENTIFIER_REFERENCE; MEDIUM; line 976] | CKO_CORE_BASELINE_CONSOLIDATION_REPORT.md [IDENTIFIER_REFERENCE; MEDIUM; line 139] | CKO_CORE_BASELINE_CONSOLIDATION_REPORT.md [IDENTIFIER_REFERENCE; MEDIUM; line 168] | CKO_CORE_BASELINE_CONSOLIDATION_REPORT.md [IDENTIFIER_REFERENCE; MEDIUM; line 273] | CKO_CORE_BASELINE_CONSOLIDATION_REPORT.md [IDENTIFIER_REFERENCE; MEDIUM; line 645] | CKO_CORE_BASELINE_CONSOLIDATION_REPORT.md [IDENTIFIER_REFERENCE; MEDIUM; line 91] | CKO_CORE_BASELINE_CONSOLIDATION_REPORT.md [PATH_REFERENCE; HIGH; line 273] | CKO_CORE_BASELINE_EXECUTION_REPORT.md [IDENTIFIER_REFERENCE; MEDIUM; line 348] | CKO_CORE_BASELINE_EXECUTION_REPORT.md [IDENTIFIER_REFERENCE; MEDIUM; line 665] | CKO_CORE_BASELINE_EXECUTION_REPORT.md [IDENTIFIER_REFERENCE; MEDIUM; line 99] | CKO_CORE_BASELINE_EXECUTION_REPORT.md [PATH_REFERENCE; HIGH; line 99] | CKO_CORE_V1_TEST_AND_COVERAGE_REPORT.md [IDENTIFIER_REFERENCE; MEDIUM; line 64] | docs/governance/OPS-004_REPOSITORY_CANONICAL_MIGRATION_PLAN.md [IDENTIFIER_REFERENCE; MEDIUM; line 66] | docs/governance/OPS-004_REPOSITORY_CANONICAL_MIGRATION_PLAN.md [IDENTIFIER_REFERENCE; MEDIUM; line 67] | docs/governance/OPS-004_REPOSITORY_CANONICAL_MIGRATION_PLAN.md [IDENTIFIER_REFERENCE; MEDIUM; line 71] | docs/governance/OPS-004_REPOSITORY_CANONICAL_MIGRATION_PLAN.md [IDENTIFIER_REFERENCE; MEDIUM; line 72] | docs/governance/OPS-004_REPOSITORY_CANONICAL_MIGRATION_PLAN.md [IDENTIFIER_REFERENCE; MEDIUM; line 84] | GOV-005_PROJECT_EFFORT_AUDIT.md [IDENTIFIER_REFERENCE; MEDIUM; line 384] | SPR008P_IMPLEMENTATION_REPORT.md [IDENTIFIER_REFERENCE; MEDIUM; line 271] | tests/test_runtime_spr008q.py [IDENTIFIER_REFERENCE; MEDIUM; line 1],YES,DOCUMENTARY_DEPENDENCY | OPERATIONAL_DEPENDENCY,31,ARCH-001_CKO_CORE_MASTER_ARCHITECTURE.md [IDENTIFIER_REFERENCE; MEDIUM; line 10] | ARCH-001_CKO_CORE_MASTER_ARCHITECTURE.md [IDENTIFIER_REFERENCE; MEDIUM; line 1176] | ARCH-001_CKO_CORE_MASTER_ARCHITECTURE.md [IDENTIFIER_REFERENCE; MEDIUM; line 1459] | ARCH-001_CKO_CORE_MASTER_ARCHITECTURE.md [IDENTIFIER_REFERENCE; MEDIUM; line 1475] | ARCH-001_CKO_CORE_MASTER_ARCHITECTURE.md [IDENTIFIER_REFERENCE; MEDIUM; line 158] | ARCH-001_CKO_CORE_MASTER_ARCHITECTURE.md [IDENTIFIER_REFERENCE; MEDIUM; line 20] | ARCH-001_CKO_CORE_MASTER_ARCHITECTURE.md [IDENTIFIER_REFERENCE; MEDIUM; line 26] | ARCH-001_CKO_CORE_MASTER_ARCHITECTURE.md [IDENTIFIER_REFERENCE; MEDIUM; line 8] | ARCH-001_CKO_CORE_MASTER_ARCHITECTURE_v1.1.md [IDENTIFIER_REFERENCE; MEDIUM; line 807] | ARCH-001_CKO_CORE_MASTER_ARCHITECTURE_v1.1.md [IDENTIFIER_REFERENCE; MEDIUM; line 976] | CKO_CORE_BASELINE_CONSOLIDATION_REPORT.md [IDENTIFIER_REFERENCE; MEDIUM; line 139] | CKO_CORE_BASELINE_CONSOLIDATION_REPORT.md [IDENTIFIER_REFERENCE; MEDIUM; line 168] | CKO_CORE_BASELINE_CONSOLIDATION_REPORT.md [IDENTIFIER_REFERENCE; MEDIUM; line 273] | CKO_CORE_BASELINE_CONSOLIDATION_REPORT.md [IDENTIFIER_REFERENCE; MEDIUM; line 645] | CKO_CORE_BASELINE_CONSOLIDATION_REPORT.md [IDENTIFIER_REFERENCE; MEDIUM; line 91] | CKO_CORE_BASELINE_CONSOLIDATION_REPORT.md [PATH_REFERENCE; HIGH; line 273] | CKO_CORE_BASELINE_EXECUTION_REPORT.md [IDENTIFIER_REFERENCE; MEDIUM; line 348] | CKO_CORE_BASELINE_EXECUTION_REPORT.md [IDENTIFIER_REFERENCE; MEDIUM; line 665] | CKO_CORE_BASELINE_EXECUTION_REPORT.md [IDENTIFIER_REFERENCE; MEDIUM; line 99] | CKO_CORE_BASELINE_EXECUTION_REPORT.md [PATH_REFERENCE; HIGH; line 99] | CKO_CORE_V1_TEST_AND_COVERAGE_REPORT.md [IDENTIFIER_REFERENCE; MEDIUM; line 64] | docs/governance/OPS-004_REPOSITORY_CANONICAL_MIGRATION_PLAN.md [IDENTIFIER_REFERENCE; MEDIUM; line 66] | docs/governance/OPS-004_REPOSITORY_CANONICAL_MIGRATION_PLAN.md [IDENTIFIER_REFERENCE; MEDIUM; line 67] | docs/governance/OPS-004_REPOSITORY_CANONICAL_MIGRATION_PLAN.md [IDENTIFIER_REFERENCE; MEDIUM; line 71] | docs/governance/OPS-004_REPOSITORY_CANONICAL_MIGRATION_PLAN.md [IDENTIFIER_REFERENCE; MEDIUM; line 72] | docs/governance/OPS-004_REPOSITORY_CANONICAL_MIGRATION_PLAN.md [IDENTIFIER_REFERENCE; MEDIUM; line 84] | GOV-005_PROJECT_EFFORT_AUDIT.md [IDENTIFIER_REFERENCE; MEDIUM; line 384] | SPR008P_IMPLEMENTATION_REPORT.md [IDENTIFIER_REFERENCE; MEDIUM; line 271] | tests/test_runtime_spr008q.py [IDENTIFIER_REFERENCE; MEDIUM; line 1],9,CKO_TESTS.cmd [PATH_REFERENCE; HIGH; line 206] | docs/sprint/CKO-SPR-005A_TERMO_OFICIAL.md [IDENTIFIER_REFERENCE; MEDIUM; line 215] | SPR008A_IMPLEMENTATION_REPORT.md [IDENTIFIER_REFERENCE; MEDIUM; line 192] | SPR008A_IMPLEMENTATION_REPORT.md [IDENTIFIER_REFERENCE; MEDIUM; line 240] | SPR008A_IMPLEMENTATION_REPORT.md [IDENTIFIER_REFERENCE; MEDIUM; line 262] | SPR008A_IMPLEMENTATION_REPORT.md [IDENTIFIER_REFERENCE; MEDIUM; line 275] | SPR008P_IMPLEMENTATION_REPORT.md [IDENTIFIER_REFERENCE; MEDIUM; line 219] | SPR008P_IMPLEMENTATION_REPORT.md [IDENTIFIER_REFERENCE; MEDIUM; line 8] | SPR008R_IMPLEMENTATION_REPORT.md [IDENTIFIER_REFERENCE; MEDIUM; line 276],3,37,HIGH_REFERENCE_RISK,HIGH,YES,Confirmed HIGH/MEDIUM references recorded in AUD-004 reference matrix.
INV-0145,SPR008R_IMPLEMENTATION_REPORT.md,MOVE,YES,ARCH-001_CKO_CORE_MASTER_ARCHITECTURE.md [IDENTIFIER_REFERENCE; MEDIUM; line 1189] | ARCH-001_CKO_CORE_MASTER_ARCHITECTURE_v1.1.md [IDENTIFIER_REFERENCE; MEDIUM; line 438] | ARCH-001_CKO_CORE_MASTER_ARCHITECTURE_v1.1.md [IDENTIFIER_REFERENCE; MEDIUM; line 773] | ARCH-001_CKO_CORE_MASTER_ARCHITECTURE_v1.1.md [IDENTIFIER_REFERENCE; MEDIUM; line 808] | ARCH-001_CKO_CORE_MASTER_ARCHITECTURE_v1.2.md [IDENTIFIER_REFERENCE; MEDIUM; line 552] | CKO_CORE_BASELINE_CONSOLIDATION_REPORT.md [IDENTIFIER_REFERENCE; MEDIUM; line 274] | CKO_CORE_BASELINE_CONSOLIDATION_REPORT.md [IDENTIFIER_REFERENCE; MEDIUM; line 359] | CKO_CORE_BASELINE_CONSOLIDATION_REPORT.md [IDENTIFIER_REFERENCE; MEDIUM; line 360] | CKO_CORE_BASELINE_CONSOLIDATION_REPORT.md [IDENTIFIER_REFERENCE; MEDIUM; line 361] | CKO_CORE_BASELINE_CONSOLIDATION_REPORT.md [IDENTIFIER_REFERENCE; MEDIUM; line 362] | CKO_CORE_BASELINE_CONSOLIDATION_REPORT.md [IDENTIFIER_REFERENCE; MEDIUM; line 363] | CKO_CORE_BASELINE_CONSOLIDATION_REPORT.md [IDENTIFIER_REFERENCE; MEDIUM; line 364] | CKO_CORE_BASELINE_CONSOLIDATION_REPORT.md [IDENTIFIER_REFERENCE; MEDIUM; line 365] | CKO_CORE_BASELINE_CONSOLIDATION_REPORT.md [IDENTIFIER_REFERENCE; MEDIUM; line 615] | CKO_CORE_BASELINE_CONSOLIDATION_REPORT.md [PATH_REFERENCE; HIGH; line 274] | CKO_CORE_BASELINE_EXECUTION_REPORT.md [IDENTIFIER_REFERENCE; MEDIUM; line 100] | CKO_CORE_BASELINE_EXECUTION_REPORT.md [IDENTIFIER_REFERENCE; MEDIUM; line 326] | CKO_CORE_BASELINE_EXECUTION_REPORT.md [PATH_REFERENCE; HIGH; line 100] | docs/governance/GOV-006_PROJECT_DOSSIER.md [IDENTIFIER_REFERENCE; MEDIUM; line 137] | docs/governance/GOV-006_PROJECT_DOSSIER.md [IDENTIFIER_REFERENCE; MEDIUM; line 260] | docs/governance/GOV-006_PROJECT_DOSSIER.md [IDENTIFIER_REFERENCE; MEDIUM; line 415] | docs/governance/OPS-004_REPOSITORY_CANONICAL_MIGRATION_PLAN.md [IDENTIFIER_REFERENCE; MEDIUM; line 66] | docs/governance/OPS-004_REPOSITORY_CANONICAL_MIGRATION_PLAN.md [IDENTIFIER_REFERENCE; MEDIUM; line 67] | docs/governance/OPS-004_REPOSITORY_CANONICAL_MIGRATION_PLAN.md [IDENTIFIER_REFERENCE; MEDIUM; line 68] | docs/governance/OPS-004_REPOSITORY_CANONICAL_MIGRATION_PLAN.md [IDENTIFIER_REFERENCE; MEDIUM; line 71] | GOV-005_PROJECT_EFFORT_AUDIT.md [IDENTIFIER_REFERENCE; MEDIUM; line 164] | GOV-005_PROJECT_EFFORT_AUDIT.md [IDENTIFIER_REFERENCE; MEDIUM; line 385] | SPR008Q_IMPLEMENTATION_REPORT.md [IDENTIFIER_REFERENCE; MEDIUM; line 276] | SPR008S_IMPLEMENTATION_REPORT.md [IDENTIFIER_REFERENCE; MEDIUM; line 209] | SPR008T_IMPLEMENTATION_REPORT.md [IDENTIFIER_REFERENCE; MEDIUM; line 18] | SPR008T_IMPLEMENTATION_REPORT.md [IDENTIFIER_REFERENCE; MEDIUM; line 221] | SPR008U_IMPLEMENTATION_REPORT.md [IDENTIFIER_REFERENCE; MEDIUM; line 20] | tests/test_connector_abstraction_spr008r.py [IDENTIFIER_REFERENCE; MEDIUM; line 1],YES,DOCUMENTARY_DEPENDENCY | OPERATIONAL_DEPENDENCY,35,ARCH-001_CKO_CORE_MASTER_ARCHITECTURE.md [IDENTIFIER_REFERENCE; MEDIUM; line 1189] | ARCH-001_CKO_CORE_MASTER_ARCHITECTURE_v1.1.md [IDENTIFIER_REFERENCE; MEDIUM; line 438] | ARCH-001_CKO_CORE_MASTER_ARCHITECTURE_v1.1.md [IDENTIFIER_REFERENCE; MEDIUM; line 773] | ARCH-001_CKO_CORE_MASTER_ARCHITECTURE_v1.1.md [IDENTIFIER_REFERENCE; MEDIUM; line 808] | ARCH-001_CKO_CORE_MASTER_ARCHITECTURE_v1.2.md [IDENTIFIER_REFERENCE; MEDIUM; line 552] | CKO_CORE_BASELINE_CONSOLIDATION_REPORT.md [IDENTIFIER_REFERENCE; MEDIUM; line 274] | CKO_CORE_BASELINE_CONSOLIDATION_REPORT.md [IDENTIFIER_REFERENCE; MEDIUM; line 359] | CKO_CORE_BASELINE_CONSOLIDATION_REPORT.md [IDENTIFIER_REFERENCE; MEDIUM; line 360] | CKO_CORE_BASELINE_CONSOLIDATION_REPORT.md [IDENTIFIER_REFERENCE; MEDIUM; line 361] | CKO_CORE_BASELINE_CONSOLIDATION_REPORT.md [IDENTIFIER_REFERENCE; MEDIUM; line 362] | CKO_CORE_BASELINE_CONSOLIDATION_REPORT.md [IDENTIFIER_REFERENCE; MEDIUM; line 363] | CKO_CORE_BASELINE_CONSOLIDATION_REPORT.md [IDENTIFIER_REFERENCE; MEDIUM; line 364] | CKO_CORE_BASELINE_CONSOLIDATION_REPORT.md [IDENTIFIER_REFERENCE; MEDIUM; line 365] | CKO_CORE_BASELINE_CONSOLIDATION_REPORT.md [IDENTIFIER_REFERENCE; MEDIUM; line 615] | CKO_CORE_BASELINE_CONSOLIDATION_REPORT.md [PATH_REFERENCE; HIGH; line 274] | CKO_CORE_BASELINE_EXECUTION_REPORT.md [IDENTIFIER_REFERENCE; MEDIUM; line 100] | CKO_CORE_BASELINE_EXECUTION_REPORT.md [IDENTIFIER_REFERENCE; MEDIUM; line 326] | CKO_CORE_BASELINE_EXECUTION_REPORT.md [PATH_REFERENCE; HIGH; line 100] | docs/governance/GOV-006_PROJECT_DOSSIER.md [IDENTIFIER_REFERENCE; MEDIUM; line 137] | docs/governance/GOV-006_PROJECT_DOSSIER.md [IDENTIFIER_REFERENCE; MEDIUM; line 260] | docs/governance/GOV-006_PROJECT_DOSSIER.md [IDENTIFIER_REFERENCE; MEDIUM; line 415] | docs/governance/OPS-004_REPOSITORY_CANONICAL_MIGRATION_PLAN.md [IDENTIFIER_REFERENCE; MEDIUM; line 66] | docs/governance/OPS-004_REPOSITORY_CANONICAL_MIGRATION_PLAN.md [IDENTIFIER_REFERENCE; MEDIUM; line 67] | docs/governance/OPS-004_REPOSITORY_CANONICAL_MIGRATION_PLAN.md [IDENTIFIER_REFERENCE; MEDIUM; line 68] | docs/governance/OPS-004_REPOSITORY_CANONICAL_MIGRATION_PLAN.md [IDENTIFIER_REFERENCE; MEDIUM; line 71] | GOV-005_PROJECT_EFFORT_AUDIT.md [IDENTIFIER_REFERENCE; MEDIUM; line 164] | GOV-005_PROJECT_EFFORT_AUDIT.md [IDENTIFIER_REFERENCE; MEDIUM; line 385] | SPR008Q_IMPLEMENTATION_REPORT.md [IDENTIFIER_REFERENCE; MEDIUM; line 276] | SPR008S_IMPLEMENTATION_REPORT.md [IDENTIFIER_REFERENCE; MEDIUM; line 209] | SPR008T_IMPLEMENTATION_REPORT.md [IDENTIFIER_REFERENCE; MEDIUM; line 18] | SPR008T_IMPLEMENTATION_REPORT.md [IDENTIFIER_REFERENCE; MEDIUM; line 221] | SPR008U_IMPLEMENTATION_REPORT.md [IDENTIFIER_REFERENCE; MEDIUM; line 20] | tests/test_connector_abstraction_spr008r.py [IDENTIFIER_REFERENCE; MEDIUM; line 1],1,docs/sprint/CKO-SPR-005A_TERMO_OFICIAL.md [IDENTIFIER_REFERENCE; MEDIUM; line 202],2,34,HIGH_REFERENCE_RISK,HIGH,YES,Confirmed HIGH/MEDIUM references recorded in AUD-004 reference matrix.
INV-0146,SPR008S_IMPLEMENTATION_REPORT.md,MOVE,YES,ARCH-001_CKO_CORE_MASTER_ARCHITECTURE_v1.1.md [IDENTIFIER_REFERENCE; MEDIUM; line 464] | ARCH-001_CKO_CORE_MASTER_ARCHITECTURE_v1.1.md [IDENTIFIER_REFERENCE; MEDIUM; line 774] | ARCH-001_CKO_CORE_MASTER_ARCHITECTURE_v1.1.md [IDENTIFIER_REFERENCE; MEDIUM; line 809] | CKO_CORE_BASELINE_CONSOLIDATION_REPORT.md [IDENTIFIER_REFERENCE; MEDIUM; line 275] | CKO_CORE_BASELINE_CONSOLIDATION_REPORT.md [IDENTIFIER_REFERENCE; MEDIUM; line 542] | CKO_CORE_BASELINE_CONSOLIDATION_REPORT.md [IDENTIFIER_REFERENCE; MEDIUM; line 543] | CKO_CORE_BASELINE_CONSOLIDATION_REPORT.md [IDENTIFIER_REFERENCE; MEDIUM; line 544] | CKO_CORE_BASELINE_CONSOLIDATION_REPORT.md [IDENTIFIER_REFERENCE; MEDIUM; line 545] | CKO_CORE_BASELINE_CONSOLIDATION_REPORT.md [IDENTIFIER_REFERENCE; MEDIUM; line 555] | CKO_CORE_BASELINE_CONSOLIDATION_REPORT.md [IDENTIFIER_REFERENCE; MEDIUM; line 556] | CKO_CORE_BASELINE_CONSOLIDATION_REPORT.md [IDENTIFIER_REFERENCE; MEDIUM; line 566] | CKO_CORE_BASELINE_CONSOLIDATION_REPORT.md [IDENTIFIER_REFERENCE; MEDIUM; line 647] | CKO_CORE_BASELINE_CONSOLIDATION_REPORT.md [PATH_REFERENCE; HIGH; line 275] | CKO_CORE_BASELINE_EXECUTION_REPORT.md [IDENTIFIER_REFERENCE; MEDIUM; line 101] | CKO_CORE_BASELINE_EXECUTION_REPORT.md [IDENTIFIER_REFERENCE; MEDIUM; line 350] | CKO_CORE_BASELINE_EXECUTION_REPORT.md [PATH_REFERENCE; HIGH; line 101] | docs/governance/OPS-004_REPOSITORY_CANONICAL_MIGRATION_PLAN.md [IDENTIFIER_REFERENCE; MEDIUM; line 67] | docs/governance/OPS-004_REPOSITORY_CANONICAL_MIGRATION_PLAN.md [IDENTIFIER_REFERENCE; MEDIUM; line 71] | SPR008T_IMPLEMENTATION_REPORT.md [IDENTIFIER_REFERENCE; MEDIUM; line 19] | SPR008T_IMPLEMENTATION_REPORT.md [IDENTIFIER_REFERENCE; MEDIUM; line 222] | SPR008T_IMPLEMENTATION_REPORT.md [IDENTIFIER_REFERENCE; MEDIUM; line 233] | SPR008T_IMPLEMENTATION_REPORT.md [IDENTIFIER_REFERENCE; MEDIUM; line 40] | SPR008U_IMPLEMENTATION_REPORT.md [IDENTIFIER_REFERENCE; MEDIUM; line 20] | tests/test_storage_abstraction_spr008s.py [IDENTIFIER_REFERENCE; MEDIUM; line 1],YES,DOCUMENTARY_DEPENDENCY | OPERATIONAL_DEPENDENCY,26,ARCH-001_CKO_CORE_MASTER_ARCHITECTURE_v1.1.md [IDENTIFIER_REFERENCE; MEDIUM; line 464] | ARCH-001_CKO_CORE_MASTER_ARCHITECTURE_v1.1.md [IDENTIFIER_REFERENCE; MEDIUM; line 774] | ARCH-001_CKO_CORE_MASTER_ARCHITECTURE_v1.1.md [IDENTIFIER_REFERENCE; MEDIUM; line 809] | CKO_CORE_BASELINE_CONSOLIDATION_REPORT.md [IDENTIFIER_REFERENCE; MEDIUM; line 275] | CKO_CORE_BASELINE_CONSOLIDATION_REPORT.md [IDENTIFIER_REFERENCE; MEDIUM; line 542] | CKO_CORE_BASELINE_CONSOLIDATION_REPORT.md [IDENTIFIER_REFERENCE; MEDIUM; line 543] | CKO_CORE_BASELINE_CONSOLIDATION_REPORT.md [IDENTIFIER_REFERENCE; MEDIUM; line 544] | CKO_CORE_BASELINE_CONSOLIDATION_REPORT.md [IDENTIFIER_REFERENCE; MEDIUM; line 545] | CKO_CORE_BASELINE_CONSOLIDATION_REPORT.md [IDENTIFIER_REFERENCE; MEDIUM; line 555] | CKO_CORE_BASELINE_CONSOLIDATION_REPORT.md [IDENTIFIER_REFERENCE; MEDIUM; line 556] | CKO_CORE_BASELINE_CONSOLIDATION_REPORT.md [IDENTIFIER_REFERENCE; MEDIUM; line 566] | CKO_CORE_BASELINE_CONSOLIDATION_REPORT.md [IDENTIFIER_REFERENCE; MEDIUM; line 647] | CKO_CORE_BASELINE_CONSOLIDATION_REPORT.md [PATH_REFERENCE; HIGH; line 275] | CKO_CORE_BASELINE_EXECUTION_REPORT.md [IDENTIFIER_REFERENCE; MEDIUM; line 101] | CKO_CORE_BASELINE_EXECUTION_REPORT.md [IDENTIFIER_REFERENCE; MEDIUM; line 350] | CKO_CORE_BASELINE_EXECUTION_REPORT.md [PATH_REFERENCE; HIGH; line 101] | docs/governance/OPS-004_REPOSITORY_CANONICAL_MIGRATION_PLAN.md [IDENTIFIER_REFERENCE; MEDIUM; line 67] | docs/governance/OPS-004_REPOSITORY_CANONICAL_MIGRATION_PLAN.md [IDENTIFIER_REFERENCE; MEDIUM; line 71] | SPR008T_IMPLEMENTATION_REPORT.md [IDENTIFIER_REFERENCE; MEDIUM; line 19] | SPR008T_IMPLEMENTATION_REPORT.md [IDENTIFIER_REFERENCE; MEDIUM; line 222] | SPR008T_IMPLEMENTATION_REPORT.md [IDENTIFIER_REFERENCE; MEDIUM; line 233] | SPR008T_IMPLEMENTATION_REPORT.md [IDENTIFIER_REFERENCE; MEDIUM; line 40] | SPR008U_IMPLEMENTATION_REPORT.md [IDENTIFIER_REFERENCE; MEDIUM; line 20] | tests/test_storage_abstraction_spr008s.py [IDENTIFIER_REFERENCE; MEDIUM; line 1],2,docs/sprint/CKO-SPR-005A_TERMO_OFICIAL.md [IDENTIFIER_REFERENCE; MEDIUM; line 215] | SPR008R_IMPLEMENTATION_REPORT.md [IDENTIFIER_REFERENCE; MEDIUM; line 209],2,26,HIGH_REFERENCE_RISK,HIGH,YES,Confirmed HIGH/MEDIUM references recorded in AUD-004 reference matrix.
INV-0147,SPR008T_IMPLEMENTATION_REPORT.md,MOVE,YES,ARCH-001_CKO_CORE_MASTER_ARCHITECTURE_v1.1.md [IDENTIFIER_REFERENCE; MEDIUM; line 10] | ARCH-001_CKO_CORE_MASTER_ARCHITECTURE_v1.1.md [IDENTIFIER_REFERENCE; MEDIUM; line 125] | ARCH-001_CKO_CORE_MASTER_ARCHITECTURE_v1.1.md [IDENTIFIER_REFERENCE; MEDIUM; line 19] | ARCH-001_CKO_CORE_MASTER_ARCHITECTURE_v1.1.md [IDENTIFIER_REFERENCE; MEDIUM; line 26] | ARCH-001_CKO_CORE_MASTER_ARCHITECTURE_v1.1.md [IDENTIFIER_REFERENCE; MEDIUM; line 40] | ARCH-001_CKO_CORE_MASTER_ARCHITECTURE_v1.1.md [IDENTIFIER_REFERENCE; MEDIUM; line 493] | ARCH-001_CKO_CORE_MASTER_ARCHITECTURE_v1.1.md [IDENTIFIER_REFERENCE; MEDIUM; line 775] | ARCH-001_CKO_CORE_MASTER_ARCHITECTURE_v1.1.md [IDENTIFIER_REFERENCE; MEDIUM; line 810] | ARCH-001_CKO_CORE_MASTER_ARCHITECTURE_v1.1.md [IDENTIFIER_REFERENCE; MEDIUM; line 8] | ARCH-001_CKO_CORE_MASTER_ARCHITECTURE_v1.1.md [IDENTIFIER_REFERENCE; MEDIUM; line 996] | ARCH-001_CKO_CORE_MASTER_ARCHITECTURE_v1.2.md [IDENTIFIER_REFERENCE; MEDIUM; line 573] | CKO_CORE_BASELINE_CONSOLIDATION_REPORT.md [IDENTIFIER_REFERENCE; MEDIUM; line 276] | CKO_CORE_BASELINE_CONSOLIDATION_REPORT.md [IDENTIFIER_REFERENCE; MEDIUM; line 546] | CKO_CORE_BASELINE_CONSOLIDATION_REPORT.md [IDENTIFIER_REFERENCE; MEDIUM; line 547] | CKO_CORE_BASELINE_CONSOLIDATION_REPORT.md [IDENTIFIER_REFERENCE; MEDIUM; line 548] | CKO_CORE_BASELINE_CONSOLIDATION_REPORT.md [IDENTIFIER_REFERENCE; MEDIUM; line 549] | CKO_CORE_BASELINE_CONSOLIDATION_REPORT.md [IDENTIFIER_REFERENCE; MEDIUM; line 550] | CKO_CORE_BASELINE_CONSOLIDATION_REPORT.md [IDENTIFIER_REFERENCE; MEDIUM; line 551] | CKO_CORE_BASELINE_CONSOLIDATION_REPORT.md [IDENTIFIER_REFERENCE; MEDIUM; line 552] | CKO_CORE_BASELINE_CONSOLIDATION_REPORT.md [IDENTIFIER_REFERENCE; MEDIUM; line 553] | CKO_CORE_BASELINE_CONSOLIDATION_REPORT.md [IDENTIFIER_REFERENCE; MEDIUM; line 554] | CKO_CORE_BASELINE_CONSOLIDATION_REPORT.md [IDENTIFIER_REFERENCE; MEDIUM; line 632] | CKO_CORE_BASELINE_CONSOLIDATION_REPORT.md [PATH_REFERENCE; HIGH; line 276] | CKO_CORE_BASELINE_EXECUTION_REPORT.md [IDENTIFIER_REFERENCE; MEDIUM; line 102] | CKO_CORE_BASELINE_EXECUTION_REPORT.md [IDENTIFIER_REFERENCE; MEDIUM; line 342] | CKO_CORE_BASELINE_EXECUTION_REPORT.md [PATH_REFERENCE; HIGH; line 102] | CKO_CORE_V1_TEST_AND_COVERAGE_REPORT.md [IDENTIFIER_REFERENCE; MEDIUM; line 12] | CKO_CORE_V1_TEST_AND_COVERAGE_REPORT.md [IDENTIFIER_REFERENCE; MEDIUM; line 65] | docs/governance/OPS-004_REPOSITORY_CANONICAL_MIGRATION_PLAN.md [IDENTIFIER_REFERENCE; MEDIUM; line 67] | docs/governance/OPS-004_REPOSITORY_CANONICAL_MIGRATION_PLAN.md [IDENTIFIER_REFERENCE; MEDIUM; line 68] | docs/governance/OPS-004_REPOSITORY_CANONICAL_MIGRATION_PLAN.md [IDENTIFIER_REFERENCE; MEDIUM; line 71] | docs/governance/OPS-004_REPOSITORY_CANONICAL_MIGRATION_PLAN.md [IDENTIFIER_REFERENCE; MEDIUM; line 84] | SPR008U_IMPLEMENTATION_REPORT.md [IDENTIFIER_REFERENCE; MEDIUM; line 20] | SPR008U_IMPLEMENTATION_REPORT.md [IDENTIFIER_REFERENCE; MEDIUM; line 269] | SPR008U_IMPLEMENTATION_REPORT.md [IDENTIFIER_REFERENCE; MEDIUM; line 278] | SPR009_ARCHITECTURE_CERTIFICATION_REPORT.md [IDENTIFIER_REFERENCE; MEDIUM; line 116] | SPR009_IMPLEMENTATION_REPORT.md [IDENTIFIER_REFERENCE; MEDIUM; line 42] | tests/test_filesystem_storage_connector_spr008t.py [IDENTIFIER_REFERENCE; MEDIUM; line 1],YES,DOCUMENTARY_DEPENDENCY | OPERATIONAL_DEPENDENCY,40,ARCH-001_CKO_CORE_MASTER_ARCHITECTURE_v1.1.md [IDENTIFIER_REFERENCE; MEDIUM; line 10] | ARCH-001_CKO_CORE_MASTER_ARCHITECTURE_v1.1.md [IDENTIFIER_REFERENCE; MEDIUM; line 125] | ARCH-001_CKO_CORE_MASTER_ARCHITECTURE_v1.1.md [IDENTIFIER_REFERENCE; MEDIUM; line 19] | ARCH-001_CKO_CORE_MASTER_ARCHITECTURE_v1.1.md [IDENTIFIER_REFERENCE; MEDIUM; line 26] | ARCH-001_CKO_CORE_MASTER_ARCHITECTURE_v1.1.md [IDENTIFIER_REFERENCE; MEDIUM; line 40] | ARCH-001_CKO_CORE_MASTER_ARCHITECTURE_v1.1.md [IDENTIFIER_REFERENCE; MEDIUM; line 493] | ARCH-001_CKO_CORE_MASTER_ARCHITECTURE_v1.1.md [IDENTIFIER_REFERENCE; MEDIUM; line 775] | ARCH-001_CKO_CORE_MASTER_ARCHITECTURE_v1.1.md [IDENTIFIER_REFERENCE; MEDIUM; line 810] | ARCH-001_CKO_CORE_MASTER_ARCHITECTURE_v1.1.md [IDENTIFIER_REFERENCE; MEDIUM; line 8] | ARCH-001_CKO_CORE_MASTER_ARCHITECTURE_v1.1.md [IDENTIFIER_REFERENCE; MEDIUM; line 996] | ARCH-001_CKO_CORE_MASTER_ARCHITECTURE_v1.2.md [IDENTIFIER_REFERENCE; MEDIUM; line 573] | CKO_CORE_BASELINE_CONSOLIDATION_REPORT.md [IDENTIFIER_REFERENCE; MEDIUM; line 276] | CKO_CORE_BASELINE_CONSOLIDATION_REPORT.md [IDENTIFIER_REFERENCE; MEDIUM; line 546] | CKO_CORE_BASELINE_CONSOLIDATION_REPORT.md [IDENTIFIER_REFERENCE; MEDIUM; line 547] | CKO_CORE_BASELINE_CONSOLIDATION_REPORT.md [IDENTIFIER_REFERENCE; MEDIUM; line 548] | CKO_CORE_BASELINE_CONSOLIDATION_REPORT.md [IDENTIFIER_REFERENCE; MEDIUM; line 549] | CKO_CORE_BASELINE_CONSOLIDATION_REPORT.md [IDENTIFIER_REFERENCE; MEDIUM; line 550] | CKO_CORE_BASELINE_CONSOLIDATION_REPORT.md [IDENTIFIER_REFERENCE; MEDIUM; line 551] | CKO_CORE_BASELINE_CONSOLIDATION_REPORT.md [IDENTIFIER_REFERENCE; MEDIUM; line 552] | CKO_CORE_BASELINE_CONSOLIDATION_REPORT.md [IDENTIFIER_REFERENCE; MEDIUM; line 553] | CKO_CORE_BASELINE_CONSOLIDATION_REPORT.md [IDENTIFIER_REFERENCE; MEDIUM; line 554] | CKO_CORE_BASELINE_CONSOLIDATION_REPORT.md [IDENTIFIER_REFERENCE; MEDIUM; line 632] | CKO_CORE_BASELINE_CONSOLIDATION_REPORT.md [PATH_REFERENCE; HIGH; line 276] | CKO_CORE_BASELINE_EXECUTION_REPORT.md [IDENTIFIER_REFERENCE; MEDIUM; line 102] | CKO_CORE_BASELINE_EXECUTION_REPORT.md [IDENTIFIER_REFERENCE; MEDIUM; line 342] | CKO_CORE_BASELINE_EXECUTION_REPORT.md [PATH_REFERENCE; HIGH; line 102] | CKO_CORE_V1_TEST_AND_COVERAGE_REPORT.md [IDENTIFIER_REFERENCE; MEDIUM; line 12] | CKO_CORE_V1_TEST_AND_COVERAGE_REPORT.md [IDENTIFIER_REFERENCE; MEDIUM; line 65] | docs/governance/OPS-004_REPOSITORY_CANONICAL_MIGRATION_PLAN.md [IDENTIFIER_REFERENCE; MEDIUM; line 67] | docs/governance/OPS-004_REPOSITORY_CANONICAL_MIGRATION_PLAN.md [IDENTIFIER_REFERENCE; MEDIUM; line 68] | docs/governance/OPS-004_REPOSITORY_CANONICAL_MIGRATION_PLAN.md [IDENTIFIER_REFERENCE; MEDIUM; line 71] | docs/governance/OPS-004_REPOSITORY_CANONICAL_MIGRATION_PLAN.md [IDENTIFIER_REFERENCE; MEDIUM; line 84] | SPR008U_IMPLEMENTATION_REPORT.md [IDENTIFIER_REFERENCE; MEDIUM; line 20] | SPR008U_IMPLEMENTATION_REPORT.md [IDENTIFIER_REFERENCE; MEDIUM; line 269] | SPR008U_IMPLEMENTATION_REPORT.md [IDENTIFIER_REFERENCE; MEDIUM; line 278] | SPR009_ARCHITECTURE_CERTIFICATION_REPORT.md [IDENTIFIER_REFERENCE; MEDIUM; line 116] | SPR009_IMPLEMENTATION_REPORT.md [IDENTIFIER_REFERENCE; MEDIUM; line 42] | tests/test_filesystem_storage_connector_spr008t.py [IDENTIFIER_REFERENCE; MEDIUM; line 1],7,docs/sprint/CKO-SPR-005A_TERMO_OFICIAL.md [IDENTIFIER_REFERENCE; MEDIUM; line 227] | SPR008R_IMPLEMENTATION_REPORT.md [IDENTIFIER_REFERENCE; MEDIUM; line 18] | SPR008R_IMPLEMENTATION_REPORT.md [IDENTIFIER_REFERENCE; MEDIUM; line 221] | SPR008S_IMPLEMENTATION_REPORT.md [IDENTIFIER_REFERENCE; MEDIUM; line 19] | SPR008S_IMPLEMENTATION_REPORT.md [IDENTIFIER_REFERENCE; MEDIUM; line 222] | SPR008S_IMPLEMENTATION_REPORT.md [IDENTIFIER_REFERENCE; MEDIUM; line 233] | SPR008S_IMPLEMENTATION_REPORT.md [IDENTIFIER_REFERENCE; MEDIUM; line 40],2,45,HIGH_REFERENCE_RISK,HIGH,YES,Confirmed HIGH/MEDIUM references recorded in AUD-004 reference matrix.
INV-0148,SPR008U_IMPLEMENTATION_REPORT.md,MOVE,YES,CKO_CORE_BASELINE_CONSOLIDATION_REPORT.md [IDENTIFIER_REFERENCE; MEDIUM; line 277] | CKO_CORE_BASELINE_CONSOLIDATION_REPORT.md [IDENTIFIER_REFERENCE; MEDIUM; line 557] | CKO_CORE_BASELINE_CONSOLIDATION_REPORT.md [IDENTIFIER_REFERENCE; MEDIUM; line 558] | CKO_CORE_BASELINE_CONSOLIDATION_REPORT.md [IDENTIFIER_REFERENCE; MEDIUM; line 559] | CKO_CORE_BASELINE_CONSOLIDATION_REPORT.md [IDENTIFIER_REFERENCE; MEDIUM; line 560] | CKO_CORE_BASELINE_CONSOLIDATION_REPORT.md [IDENTIFIER_REFERENCE; MEDIUM; line 561] | CKO_CORE_BASELINE_CONSOLIDATION_REPORT.md [IDENTIFIER_REFERENCE; MEDIUM; line 562] | CKO_CORE_BASELINE_CONSOLIDATION_REPORT.md [IDENTIFIER_REFERENCE; MEDIUM; line 563] | CKO_CORE_BASELINE_CONSOLIDATION_REPORT.md [IDENTIFIER_REFERENCE; MEDIUM; line 564] | CKO_CORE_BASELINE_CONSOLIDATION_REPORT.md [IDENTIFIER_REFERENCE; MEDIUM; line 565] | CKO_CORE_BASELINE_CONSOLIDATION_REPORT.md [IDENTIFIER_REFERENCE; MEDIUM; line 646] | CKO_CORE_BASELINE_CONSOLIDATION_REPORT.md [PATH_REFERENCE; HIGH; line 277] | CKO_CORE_BASELINE_EXECUTION_REPORT.md [IDENTIFIER_REFERENCE; MEDIUM; line 103] | CKO_CORE_BASELINE_EXECUTION_REPORT.md [IDENTIFIER_REFERENCE; MEDIUM; line 349] | CKO_CORE_BASELINE_EXECUTION_REPORT.md [PATH_REFERENCE; HIGH; line 103] | CKO_CORE_V1_TEST_AND_COVERAGE_REPORT.md [IDENTIFIER_REFERENCE; MEDIUM; line 13] | CKO_CORE_V1_TEST_AND_COVERAGE_REPORT.md [IDENTIFIER_REFERENCE; MEDIUM; line 66] | docs/governance/OPS-004_REPOSITORY_CANONICAL_MIGRATION_PLAN.md [IDENTIFIER_REFERENCE; MEDIUM; line 71] | docs/governance/OPS-004_REPOSITORY_CANONICAL_MIGRATION_PLAN.md [IDENTIFIER_REFERENCE; MEDIUM; line 84] | SPR008V_IMPLEMENTATION_REPORT.md [IDENTIFIER_REFERENCE; MEDIUM; line 234] | SPR008W_IMPLEMENTATION_REPORT.md [IDENTIFIER_REFERENCE; MEDIUM; line 331] | SPR009_ARCHITECTURE_CERTIFICATION_REPORT.md [IDENTIFIER_REFERENCE; MEDIUM; line 117] | SPR009_IMPLEMENTATION_REPORT.md [IDENTIFIER_REFERENCE; MEDIUM; line 43] | tests/test_sqlite_storage_adapter_spr008u.py [IDENTIFIER_REFERENCE; MEDIUM; line 1],YES,DOCUMENTARY_DEPENDENCY | OPERATIONAL_DEPENDENCY,26,CKO_CORE_BASELINE_CONSOLIDATION_REPORT.md [IDENTIFIER_REFERENCE; MEDIUM; line 277] | CKO_CORE_BASELINE_CONSOLIDATION_REPORT.md [IDENTIFIER_REFERENCE; MEDIUM; line 557] | CKO_CORE_BASELINE_CONSOLIDATION_REPORT.md [IDENTIFIER_REFERENCE; MEDIUM; line 558] | CKO_CORE_BASELINE_CONSOLIDATION_REPORT.md [IDENTIFIER_REFERENCE; MEDIUM; line 559] | CKO_CORE_BASELINE_CONSOLIDATION_REPORT.md [IDENTIFIER_REFERENCE; MEDIUM; line 560] | CKO_CORE_BASELINE_CONSOLIDATION_REPORT.md [IDENTIFIER_REFERENCE; MEDIUM; line 561] | CKO_CORE_BASELINE_CONSOLIDATION_REPORT.md [IDENTIFIER_REFERENCE; MEDIUM; line 562] | CKO_CORE_BASELINE_CONSOLIDATION_REPORT.md [IDENTIFIER_REFERENCE; MEDIUM; line 563] | CKO_CORE_BASELINE_CONSOLIDATION_REPORT.md [IDENTIFIER_REFERENCE; MEDIUM; line 564] | CKO_CORE_BASELINE_CONSOLIDATION_REPORT.md [IDENTIFIER_REFERENCE; MEDIUM; line 565] | CKO_CORE_BASELINE_CONSOLIDATION_REPORT.md [IDENTIFIER_REFERENCE; MEDIUM; line 646] | CKO_CORE_BASELINE_CONSOLIDATION_REPORT.md [PATH_REFERENCE; HIGH; line 277] | CKO_CORE_BASELINE_EXECUTION_REPORT.md [IDENTIFIER_REFERENCE; MEDIUM; line 103] | CKO_CORE_BASELINE_EXECUTION_REPORT.md [IDENTIFIER_REFERENCE; MEDIUM; line 349] | CKO_CORE_BASELINE_EXECUTION_REPORT.md [PATH_REFERENCE; HIGH; line 103] | CKO_CORE_V1_TEST_AND_COVERAGE_REPORT.md [IDENTIFIER_REFERENCE; MEDIUM; line 13] | CKO_CORE_V1_TEST_AND_COVERAGE_REPORT.md [IDENTIFIER_REFERENCE; MEDIUM; line 66] | docs/governance/OPS-004_REPOSITORY_CANONICAL_MIGRATION_PLAN.md [IDENTIFIER_REFERENCE; MEDIUM; line 71] | docs/governance/OPS-004_REPOSITORY_CANONICAL_MIGRATION_PLAN.md [IDENTIFIER_REFERENCE; MEDIUM; line 84] | SPR008V_IMPLEMENTATION_REPORT.md [IDENTIFIER_REFERENCE; MEDIUM; line 234] | SPR008W_IMPLEMENTATION_REPORT.md [IDENTIFIER_REFERENCE; MEDIUM; line 331] | SPR009_ARCHITECTURE_CERTIFICATION_REPORT.md [IDENTIFIER_REFERENCE; MEDIUM; line 117] | SPR009_IMPLEMENTATION_REPORT.md [IDENTIFIER_REFERENCE; MEDIUM; line 43] | tests/test_sqlite_storage_adapter_spr008u.py [IDENTIFIER_REFERENCE; MEDIUM; line 1],6,docs/sprint/CKO-SPR-005A_TERMO_OFICIAL.md [IDENTIFIER_REFERENCE; MEDIUM; line 274] | SPR008R_IMPLEMENTATION_REPORT.md [IDENTIFIER_REFERENCE; MEDIUM; line 20] | SPR008S_IMPLEMENTATION_REPORT.md [IDENTIFIER_REFERENCE; MEDIUM; line 20] | SPR008T_IMPLEMENTATION_REPORT.md [IDENTIFIER_REFERENCE; MEDIUM; line 20] | SPR008T_IMPLEMENTATION_REPORT.md [IDENTIFIER_REFERENCE; MEDIUM; line 269] | SPR008T_IMPLEMENTATION_REPORT.md [IDENTIFIER_REFERENCE; MEDIUM; line 278],2,30,HIGH_REFERENCE_RISK,HIGH,YES,Confirmed HIGH/MEDIUM references recorded in AUD-004 reference matrix.
INV-0149,SPR008V_IMPLEMENTATION_REPORT.md,MOVE,YES,ARCH-001_CKO_CORE_MASTER_ARCHITECTURE_v1.2.md [IDENTIFIER_REFERENCE; MEDIUM; line 553] | CKO_CORE_BASELINE_CONSOLIDATION_REPORT.md [IDENTIFIER_REFERENCE; MEDIUM; line 278] | CKO_CORE_BASELINE_CONSOLIDATION_REPORT.md [IDENTIFIER_REFERENCE; MEDIUM; line 346] | CKO_CORE_BASELINE_CONSOLIDATION_REPORT.md [IDENTIFIER_REFERENCE; MEDIUM; line 347] | CKO_CORE_BASELINE_CONSOLIDATION_REPORT.md [IDENTIFIER_REFERENCE; MEDIUM; line 348] | CKO_CORE_BASELINE_CONSOLIDATION_REPORT.md [IDENTIFIER_REFERENCE; MEDIUM; line 349] | CKO_CORE_BASELINE_CONSOLIDATION_REPORT.md [IDENTIFIER_REFERENCE; MEDIUM; line 350] | CKO_CORE_BASELINE_CONSOLIDATION_REPORT.md [IDENTIFIER_REFERENCE; MEDIUM; line 351] | CKO_CORE_BASELINE_CONSOLIDATION_REPORT.md [IDENTIFIER_REFERENCE; MEDIUM; line 352] | CKO_CORE_BASELINE_CONSOLIDATION_REPORT.md [IDENTIFIER_REFERENCE; MEDIUM; line 353] | CKO_CORE_BASELINE_CONSOLIDATION_REPORT.md [IDENTIFIER_REFERENCE; MEDIUM; line 614] | CKO_CORE_BASELINE_CONSOLIDATION_REPORT.md [PATH_REFERENCE; HIGH; line 278] | CKO_CORE_BASELINE_EXECUTION_REPORT.md [IDENTIFIER_REFERENCE; MEDIUM; line 104] | CKO_CORE_BASELINE_EXECUTION_REPORT.md [IDENTIFIER_REFERENCE; MEDIUM; line 325] | CKO_CORE_BASELINE_EXECUTION_REPORT.md [PATH_REFERENCE; HIGH; line 104] | CKO_CORE_V1_TEST_AND_COVERAGE_REPORT.md [IDENTIFIER_REFERENCE; MEDIUM; line 14] | CKO_CORE_V1_TEST_AND_COVERAGE_REPORT.md [IDENTIFIER_REFERENCE; MEDIUM; line 67] | docs/governance/OPS-004_REPOSITORY_CANONICAL_MIGRATION_PLAN.md [IDENTIFIER_REFERENCE; MEDIUM; line 68] | docs/governance/OPS-004_REPOSITORY_CANONICAL_MIGRATION_PLAN.md [IDENTIFIER_REFERENCE; MEDIUM; line 71] | docs/governance/OPS-004_REPOSITORY_CANONICAL_MIGRATION_PLAN.md [IDENTIFIER_REFERENCE; MEDIUM; line 84] | SPR009_ARCHITECTURE_CERTIFICATION_REPORT.md [IDENTIFIER_REFERENCE; MEDIUM; line 118] | SPR009_IMPLEMENTATION_REPORT.md [IDENTIFIER_REFERENCE; MEDIUM; line 44] | tests/test_checkpoint_foundation_spr008v.py [IDENTIFIER_REFERENCE; MEDIUM; line 1],YES,DOCUMENTARY_DEPENDENCY | OPERATIONAL_DEPENDENCY,25,ARCH-001_CKO_CORE_MASTER_ARCHITECTURE_v1.2.md [IDENTIFIER_REFERENCE; MEDIUM; line 553] | CKO_CORE_BASELINE_CONSOLIDATION_REPORT.md [IDENTIFIER_REFERENCE; MEDIUM; line 278] | CKO_CORE_BASELINE_CONSOLIDATION_REPORT.md [IDENTIFIER_REFERENCE; MEDIUM; line 346] | CKO_CORE_BASELINE_CONSOLIDATION_REPORT.md [IDENTIFIER_REFERENCE; MEDIUM; line 347] | CKO_CORE_BASELINE_CONSOLIDATION_REPORT.md [IDENTIFIER_REFERENCE; MEDIUM; line 348] | CKO_CORE_BASELINE_CONSOLIDATION_REPORT.md [IDENTIFIER_REFERENCE; MEDIUM; line 349] | CKO_CORE_BASELINE_CONSOLIDATION_REPORT.md [IDENTIFIER_REFERENCE; MEDIUM; line 350] | CKO_CORE_BASELINE_CONSOLIDATION_REPORT.md [IDENTIFIER_REFERENCE; MEDIUM; line 351] | CKO_CORE_BASELINE_CONSOLIDATION_REPORT.md [IDENTIFIER_REFERENCE; MEDIUM; line 352] | CKO_CORE_BASELINE_CONSOLIDATION_REPORT.md [IDENTIFIER_REFERENCE; MEDIUM; line 353] | CKO_CORE_BASELINE_CONSOLIDATION_REPORT.md [IDENTIFIER_REFERENCE; MEDIUM; line 614] | CKO_CORE_BASELINE_CONSOLIDATION_REPORT.md [PATH_REFERENCE; HIGH; line 278] | CKO_CORE_BASELINE_EXECUTION_REPORT.md [IDENTIFIER_REFERENCE; MEDIUM; line 104] | CKO_CORE_BASELINE_EXECUTION_REPORT.md [IDENTIFIER_REFERENCE; MEDIUM; line 325] | CKO_CORE_BASELINE_EXECUTION_REPORT.md [PATH_REFERENCE; HIGH; line 104] | CKO_CORE_V1_TEST_AND_COVERAGE_REPORT.md [IDENTIFIER_REFERENCE; MEDIUM; line 14] | CKO_CORE_V1_TEST_AND_COVERAGE_REPORT.md [IDENTIFIER_REFERENCE; MEDIUM; line 67] | docs/governance/OPS-004_REPOSITORY_CANONICAL_MIGRATION_PLAN.md [IDENTIFIER_REFERENCE; MEDIUM; line 68] | docs/governance/OPS-004_REPOSITORY_CANONICAL_MIGRATION_PLAN.md [IDENTIFIER_REFERENCE; MEDIUM; line 71] | docs/governance/OPS-004_REPOSITORY_CANONICAL_MIGRATION_PLAN.md [IDENTIFIER_REFERENCE; MEDIUM; line 84] | SPR009_ARCHITECTURE_CERTIFICATION_REPORT.md [IDENTIFIER_REFERENCE; MEDIUM; line 118] | SPR009_IMPLEMENTATION_REPORT.md [IDENTIFIER_REFERENCE; MEDIUM; line 44] | tests/test_checkpoint_foundation_spr008v.py [IDENTIFIER_REFERENCE; MEDIUM; line 1],1,SPR008U_IMPLEMENTATION_REPORT.md [IDENTIFIER_REFERENCE; MEDIUM; line 234],2,24,HIGH_REFERENCE_RISK,HIGH,YES,Confirmed HIGH/MEDIUM references recorded in AUD-004 reference matrix.
INV-0150,SPR008W_IMPLEMENTATION_REPORT.md,MOVE,YES,CKO_CORE_BASELINE_CONSOLIDATION_REPORT.md [IDENTIFIER_REFERENCE; MEDIUM; line 279] | CKO_CORE_BASELINE_CONSOLIDATION_REPORT.md [IDENTIFIER_REFERENCE; MEDIUM; line 567] | CKO_CORE_BASELINE_CONSOLIDATION_REPORT.md [IDENTIFIER_REFERENCE; MEDIUM; line 568] | CKO_CORE_BASELINE_CONSOLIDATION_REPORT.md [IDENTIFIER_REFERENCE; MEDIUM; line 569] | CKO_CORE_BASELINE_CONSOLIDATION_REPORT.md [IDENTIFIER_REFERENCE; MEDIUM; line 570] | CKO_CORE_BASELINE_CONSOLIDATION_REPORT.md [IDENTIFIER_REFERENCE; MEDIUM; line 571] | CKO_CORE_BASELINE_CONSOLIDATION_REPORT.md [IDENTIFIER_REFERENCE; MEDIUM; line 572] | CKO_CORE_BASELINE_CONSOLIDATION_REPORT.md [IDENTIFIER_REFERENCE; MEDIUM; line 648] | CKO_CORE_BASELINE_CONSOLIDATION_REPORT.md [PATH_REFERENCE; HIGH; line 279] | CKO_CORE_BASELINE_EXECUTION_REPORT.md [IDENTIFIER_REFERENCE; MEDIUM; line 105] | CKO_CORE_BASELINE_EXECUTION_REPORT.md [IDENTIFIER_REFERENCE; MEDIUM; line 351] | CKO_CORE_BASELINE_EXECUTION_REPORT.md [PATH_REFERENCE; HIGH; line 105] | CKO_CORE_V1_TEST_AND_COVERAGE_REPORT.md [IDENTIFIER_REFERENCE; MEDIUM; line 15] | docs/governance/GOV-006_PROJECT_DOSSIER.md [IDENTIFIER_REFERENCE; MEDIUM; line 261] | docs/governance/OPS-004_REPOSITORY_CANONICAL_MIGRATION_PLAN.md [IDENTIFIER_REFERENCE; MEDIUM; line 71] | GOV-005_PROJECT_EFFORT_AUDIT.md [IDENTIFIER_REFERENCE; MEDIUM; line 386] | SPR009_ARCHITECTURE_CERTIFICATION_REPORT.md [IDENTIFIER_REFERENCE; MEDIUM; line 119] | SPR009_IMPLEMENTATION_REPORT.md [IDENTIFIER_REFERENCE; MEDIUM; line 45] | tests/test_unit_of_work_foundation_spr008w.py [IDENTIFIER_REFERENCE; MEDIUM; line 1],YES,DOCUMENTARY_DEPENDENCY | OPERATIONAL_DEPENDENCY,21,CKO_CORE_BASELINE_CONSOLIDATION_REPORT.md [IDENTIFIER_REFERENCE; MEDIUM; line 279] | CKO_CORE_BASELINE_CONSOLIDATION_REPORT.md [IDENTIFIER_REFERENCE; MEDIUM; line 567] | CKO_CORE_BASELINE_CONSOLIDATION_REPORT.md [IDENTIFIER_REFERENCE; MEDIUM; line 568] | CKO_CORE_BASELINE_CONSOLIDATION_REPORT.md [IDENTIFIER_REFERENCE; MEDIUM; line 569] | CKO_CORE_BASELINE_CONSOLIDATION_REPORT.md [IDENTIFIER_REFERENCE; MEDIUM; line 570] | CKO_CORE_BASELINE_CONSOLIDATION_REPORT.md [IDENTIFIER_REFERENCE; MEDIUM; line 571] | CKO_CORE_BASELINE_CONSOLIDATION_REPORT.md [IDENTIFIER_REFERENCE; MEDIUM; line 572] | CKO_CORE_BASELINE_CONSOLIDATION_REPORT.md [IDENTIFIER_REFERENCE; MEDIUM; line 648] | CKO_CORE_BASELINE_CONSOLIDATION_REPORT.md [PATH_REFERENCE; HIGH; line 279] | CKO_CORE_BASELINE_EXECUTION_REPORT.md [IDENTIFIER_REFERENCE; MEDIUM; line 105] | CKO_CORE_BASELINE_EXECUTION_REPORT.md [IDENTIFIER_REFERENCE; MEDIUM; line 351] | CKO_CORE_BASELINE_EXECUTION_REPORT.md [PATH_REFERENCE; HIGH; line 105] | CKO_CORE_V1_TEST_AND_COVERAGE_REPORT.md [IDENTIFIER_REFERENCE; MEDIUM; line 15] | docs/governance/GOV-006_PROJECT_DOSSIER.md [IDENTIFIER_REFERENCE; MEDIUM; line 261] | docs/governance/OPS-004_REPOSITORY_CANONICAL_MIGRATION_PLAN.md [IDENTIFIER_REFERENCE; MEDIUM; line 71] | GOV-005_PROJECT_EFFORT_AUDIT.md [IDENTIFIER_REFERENCE; MEDIUM; line 386] | SPR009_ARCHITECTURE_CERTIFICATION_REPORT.md [IDENTIFIER_REFERENCE; MEDIUM; line 119] | SPR009_IMPLEMENTATION_REPORT.md [IDENTIFIER_REFERENCE; MEDIUM; line 45] | tests/test_unit_of_work_foundation_spr008w.py [IDENTIFIER_REFERENCE; MEDIUM; line 1],1,SPR008U_IMPLEMENTATION_REPORT.md [IDENTIFIER_REFERENCE; MEDIUM; line 331],2,20,HIGH_REFERENCE_RISK,HIGH,YES,Confirmed HIGH/MEDIUM references recorded in AUD-004 reference matrix.
INV-0151,SPR009_ARCHITECTURE_CERTIFICATION_REPORT.md,MOVE,YES,CKO_CORE_BASELINE_CONSOLIDATION_REPORT.md [PATH_REFERENCE; HIGH; line 281] | CKO_CORE_BASELINE_EXECUTION_REPORT.md [PATH_REFERENCE; HIGH; line 107] | SPR009_IMPLEMENTATION_REPORT.md [PATH_REFERENCE; HIGH; line 9],YES,DOCUMENTARY_DEPENDENCY,3,CKO_CORE_BASELINE_CONSOLIDATION_REPORT.md [PATH_REFERENCE; HIGH; line 281] | CKO_CORE_BASELINE_EXECUTION_REPORT.md [PATH_REFERENCE; HIGH; line 107] | SPR009_IMPLEMENTATION_REPORT.md [PATH_REFERENCE; HIGH; line 9],18,ARCH-001_CKO_CORE_MASTER_ARCHITECTURE_v1.1.md [PATH_REFERENCE; HIGH; line 5] | CKO_CORE_V1_ARCHITECTURE_MAP.md [PATH_REFERENCE; HIGH; line 55] | CKO_CORE_V1_EXCEPTION_CATALOG.md [PATH_REFERENCE; HIGH; line 107] | CKO_CORE_V1_LOGGING_EVENT_CATALOG.md [PATH_REFERENCE; HIGH; line 109] | CKO_CORE_V1_PUBLIC_API_CATALOG.md [PATH_REFERENCE; HIGH; line 55] | CKO_CORE_V1_TEST_AND_COVERAGE_REPORT.md [PATH_REFERENCE; HIGH; line 123] | CKO_RUNTIME.cmd [PATH_REFERENCE; HIGH; line 25] | CKO_RUNTIME.cmd [PATH_REFERENCE; HIGH; line 26] | CKO_TESTS.cmd [PATH_REFERENCE; HIGH; line 115] | pyproject.toml [PATH_REFERENCE; HIGH; line 16] | pyproject.toml [PATH_REFERENCE; HIGH; line 82] | requirements.txt [PATH_REFERENCE; HIGH; line 16] | SPR008A_IMPLEMENTATION_REPORT.md [IDENTIFIER_REFERENCE; MEDIUM; line 5] | SPR008T_IMPLEMENTATION_REPORT.md [IDENTIFIER_REFERENCE; MEDIUM; line 116] | SPR008U_IMPLEMENTATION_REPORT.md [IDENTIFIER_REFERENCE; MEDIUM; line 117] | SPR008V_IMPLEMENTATION_REPORT.md [IDENTIFIER_REFERENCE; MEDIUM; line 118] | SPR008W_IMPLEMENTATION_REPORT.md [IDENTIFIER_REFERENCE; MEDIUM; line 119] | SPR010_IMPLEMENTATION_REPORT.md [IDENTIFIER_REFERENCE; MEDIUM; line 151],15,6,HIGH_REFERENCE_RISK,HIGH,YES,Confirmed HIGH/MEDIUM references recorded in AUD-004 reference matrix.
INV-0152,SPR009_IMPLEMENTATION_REPORT.md,MOVE,YES,CKO_CORE_BASELINE_CONSOLIDATION_REPORT.md [PATH_REFERENCE; HIGH; line 282] | CKO_CORE_BASELINE_EXECUTION_REPORT.md [PATH_REFERENCE; HIGH; line 108],YES,DOCUMENTARY_DEPENDENCY,2,CKO_CORE_BASELINE_CONSOLIDATION_REPORT.md [PATH_REFERENCE; HIGH; line 282] | CKO_CORE_BASELINE_EXECUTION_REPORT.md [PATH_REFERENCE; HIGH; line 108],23,CKO_BUILD.cmd [PATH_REFERENCE; HIGH; line 48] | CKO_CLEAN.cmd [PATH_REFERENCE; HIGH; line 47] | CKO_CORE_V1_ARCHITECTURE_DECISION.md [PATH_REFERENCE; HIGH; line 18] | CKO_CORE_V1_ARCHITECTURE_MAP.md [PATH_REFERENCE; HIGH; line 10] | CKO_CORE_V1_DEPENDENCY_MATRIX.md [PATH_REFERENCE; HIGH; line 12] | CKO_CORE_V1_EXCEPTION_CATALOG.md [PATH_REFERENCE; HIGH; line 14] | CKO_CORE_V1_GAP_ANALYSIS.md [PATH_REFERENCE; HIGH; line 16] | CKO_CORE_V1_LOGGING_EVENT_CATALOG.md [PATH_REFERENCE; HIGH; line 13] | CKO_CORE_V1_PUBLIC_API_CATALOG.md [PATH_REFERENCE; HIGH; line 11] | CKO_CORE_V1_SEMANTIC_READINESS_REPORT.md [PATH_REFERENCE; HIGH; line 17] | CKO_CORE_V1_TEST_AND_COVERAGE_REPORT.md [PATH_REFERENCE; HIGH; line 15] | CKO_RUNTIME.cmd [PATH_REFERENCE; HIGH; line 46] | CKO_TESTS.cmd [PATH_REFERENCE; HIGH; line 41] | CKO_TESTS.cmd [PATH_REFERENCE; HIGH; line 42] | CKO_TESTS.cmd [PATH_REFERENCE; HIGH; line 43] | CKO_TESTS.cmd [PATH_REFERENCE; HIGH; line 44] | CKO_TESTS.cmd [PATH_REFERENCE; HIGH; line 45] | SPR008T_IMPLEMENTATION_REPORT.md [IDENTIFIER_REFERENCE; MEDIUM; line 42] | SPR008U_IMPLEMENTATION_REPORT.md [IDENTIFIER_REFERENCE; MEDIUM; line 43] | SPR008V_IMPLEMENTATION_REPORT.md [IDENTIFIER_REFERENCE; MEDIUM; line 44] | SPR008W_IMPLEMENTATION_REPORT.md [IDENTIFIER_REFERENCE; MEDIUM; line 45] | SPR009_ARCHITECTURE_CERTIFICATION_REPORT.md [PATH_REFERENCE; HIGH; line 9] | SPR010_IMPLEMENTATION_REPORT.md [IDENTIFIER_REFERENCE; MEDIUM; line 5],20,5,HIGH_REFERENCE_RISK,HIGH,YES,Confirmed HIGH/MEDIUM references recorded in AUD-004 reference matrix.
INV-0153,SPR009A_IMPLEMENTATION_REPORT.md,MOVE,YES,ARCH-001_CKO_CORE_MASTER_ARCHITECTURE_v1.2.md [IDENTIFIER_REFERENCE; MEDIUM; line 17] | ARCH-001_CKO_CORE_MASTER_ARCHITECTURE_v1.2.md [IDENTIFIER_REFERENCE; MEDIUM; line 528] | ARCH-001_CKO_CORE_MASTER_ARCHITECTURE_v1.2.md [IDENTIFIER_REFERENCE; MEDIUM; line 542] | ARCH-001_CKO_CORE_MASTER_ARCHITECTURE_v1.2.md [IDENTIFIER_REFERENCE; MEDIUM; line 556] | ARCH-001_CKO_CORE_MASTER_ARCHITECTURE_v1.2.md [IDENTIFIER_REFERENCE; MEDIUM; line 601] | ARCH-001_CKO_CORE_MASTER_ARCHITECTURE_v1.2.md [IDENTIFIER_REFERENCE; MEDIUM; line 606] | ARCH-001_CKO_CORE_MASTER_ARCHITECTURE_v1.2.md [IDENTIFIER_REFERENCE; MEDIUM; line 8] | CHANGELOG.md [IDENTIFIER_REFERENCE; MEDIUM; line 5] | CKO_CORE_BASELINE_CONSOLIDATION_REPORT.md [IDENTIFIER_REFERENCE; MEDIUM; line 139] | CKO_CORE_BASELINE_CONSOLIDATION_REPORT.md [IDENTIFIER_REFERENCE; MEDIUM; line 280] | CKO_CORE_BASELINE_CONSOLIDATION_REPORT.md [IDENTIFIER_REFERENCE; MEDIUM; line 616] | CKO_CORE_BASELINE_CONSOLIDATION_REPORT.md [PATH_REFERENCE; HIGH; line 280] | CKO_CORE_BASELINE_EXECUTION_REPORT.md [IDENTIFIER_REFERENCE; MEDIUM; line 106] | CKO_CORE_BASELINE_EXECUTION_REPORT.md [IDENTIFIER_REFERENCE; MEDIUM; line 327] | CKO_CORE_BASELINE_EXECUTION_REPORT.md [IDENTIFIER_REFERENCE; MEDIUM; line 55] | CKO_CORE_BASELINE_EXECUTION_REPORT.md [IDENTIFIER_REFERENCE; MEDIUM; line 68] | CKO_CORE_BASELINE_EXECUTION_REPORT.md [PATH_REFERENCE; HIGH; line 106] | CKO_CORE_V1_COMPOSITION_ROOT.md [IDENTIFIER_REFERENCE; MEDIUM; line 4] | CKO_CORE_V1_EXCEPTION_HIERARCHY.md [IDENTIFIER_REFERENCE; MEDIUM; line 239] | CKO_CORE_V1_EXCEPTION_HIERARCHY.md [IDENTIFIER_REFERENCE; MEDIUM; line 5] | CKO_CORE_V1_RELEASE_CERTIFICATION.md [IDENTIFIER_REFERENCE; MEDIUM; line 4] | CKO_CORE_V1_RELEASE_CERTIFICATION.md [IDENTIFIER_REFERENCE; MEDIUM; line 95] | docs/governance/GOV-006_PROJECT_DOSSIER.md [IDENTIFIER_REFERENCE; MEDIUM; line 111] | docs/governance/GOV-006_PROJECT_DOSSIER.md [IDENTIFIER_REFERENCE; MEDIUM; line 138] | docs/governance/GOV-006_PROJECT_DOSSIER.md [IDENTIFIER_REFERENCE; MEDIUM; line 151] | docs/governance/GOV-006_PROJECT_DOSSIER.md [IDENTIFIER_REFERENCE; MEDIUM; line 230] | docs/governance/GOV-006_PROJECT_DOSSIER.md [IDENTIFIER_REFERENCE; MEDIUM; line 245] | docs/governance/GOV-006_PROJECT_DOSSIER.md [IDENTIFIER_REFERENCE; MEDIUM; line 262] | docs/governance/OPS-004_REPOSITORY_CANONICAL_MIGRATION_PLAN.md [IDENTIFIER_REFERENCE; MEDIUM; line 68] | docs/governance/OPS-004_REPOSITORY_CANONICAL_MIGRATION_PLAN.md [IDENTIFIER_REFERENCE; MEDIUM; line 70] | docs/governance/OPS-004_REPOSITORY_CANONICAL_MIGRATION_PLAN.md [IDENTIFIER_REFERENCE; MEDIUM; line 71] | docs/governance/OPS-004_REPOSITORY_CANONICAL_MIGRATION_PLAN.md [IDENTIFIER_REFERENCE; MEDIUM; line 72] | docs/governance/OPS-004_REPOSITORY_CANONICAL_MIGRATION_PLAN.md [IDENTIFIER_REFERENCE; MEDIUM; line 75] | docs/governance/OPS-004_REPOSITORY_CANONICAL_MIGRATION_PLAN.md [IDENTIFIER_REFERENCE; MEDIUM; line 78] | docs/governance/OPS-004_REPOSITORY_CANONICAL_MIGRATION_PLAN.md [IDENTIFIER_REFERENCE; MEDIUM; line 82] | GOV-005_PROJECT_EFFORT_AUDIT.md [IDENTIFIER_REFERENCE; MEDIUM; line 138] | GOV-005_PROJECT_EFFORT_AUDIT.md [IDENTIFIER_REFERENCE; MEDIUM; line 165] | GOV-005_PROJECT_EFFORT_AUDIT.md [IDENTIFIER_REFERENCE; MEDIUM; line 351] | GOV-005_PROJECT_EFFORT_AUDIT.md [IDENTIFIER_REFERENCE; MEDIUM; line 367] | GOV-005_PROJECT_EFFORT_AUDIT.md [IDENTIFIER_REFERENCE; MEDIUM; line 387] | GOV-005_PROJECT_EFFORT_AUDIT.md [IDENTIFIER_REFERENCE; MEDIUM; line 515] | GOV-005_PROJECT_EFFORT_AUDIT.md [IDENTIFIER_REFERENCE; MEDIUM; line 556] | SPR018_DISCOVERY_AND_SCOPE.md [IDENTIFIER_REFERENCE; MEDIUM; line 42] | SPR018_DISCOVERY_AND_SCOPE.md [IDENTIFIER_REFERENCE; MEDIUM; line 69] | tests/test_core_consolidation_spr009a.py [IDENTIFIER_REFERENCE; MEDIUM; line 1],YES,DOCUMENTARY_DEPENDENCY | OPERATIONAL_DEPENDENCY,48,ARCH-001_CKO_CORE_MASTER_ARCHITECTURE_v1.2.md [IDENTIFIER_REFERENCE; MEDIUM; line 17] | ARCH-001_CKO_CORE_MASTER_ARCHITECTURE_v1.2.md [IDENTIFIER_REFERENCE; MEDIUM; line 528] | ARCH-001_CKO_CORE_MASTER_ARCHITECTURE_v1.2.md [IDENTIFIER_REFERENCE; MEDIUM; line 542] | ARCH-001_CKO_CORE_MASTER_ARCHITECTURE_v1.2.md [IDENTIFIER_REFERENCE; MEDIUM; line 556] | ARCH-001_CKO_CORE_MASTER_ARCHITECTURE_v1.2.md [IDENTIFIER_REFERENCE; MEDIUM; line 601] | ARCH-001_CKO_CORE_MASTER_ARCHITECTURE_v1.2.md [IDENTIFIER_REFERENCE; MEDIUM; line 606] | ARCH-001_CKO_CORE_MASTER_ARCHITECTURE_v1.2.md [IDENTIFIER_REFERENCE; MEDIUM; line 8] | CHANGELOG.md [IDENTIFIER_REFERENCE; MEDIUM; line 5] | CKO_CORE_BASELINE_CONSOLIDATION_REPORT.md [IDENTIFIER_REFERENCE; MEDIUM; line 139] | CKO_CORE_BASELINE_CONSOLIDATION_REPORT.md [IDENTIFIER_REFERENCE; MEDIUM; line 280] | CKO_CORE_BASELINE_CONSOLIDATION_REPORT.md [IDENTIFIER_REFERENCE; MEDIUM; line 616] | CKO_CORE_BASELINE_CONSOLIDATION_REPORT.md [PATH_REFERENCE; HIGH; line 280] | CKO_CORE_BASELINE_EXECUTION_REPORT.md [IDENTIFIER_REFERENCE; MEDIUM; line 106] | CKO_CORE_BASELINE_EXECUTION_REPORT.md [IDENTIFIER_REFERENCE; MEDIUM; line 327] | CKO_CORE_BASELINE_EXECUTION_REPORT.md [IDENTIFIER_REFERENCE; MEDIUM; line 55] | CKO_CORE_BASELINE_EXECUTION_REPORT.md [IDENTIFIER_REFERENCE; MEDIUM; line 68] | CKO_CORE_BASELINE_EXECUTION_REPORT.md [PATH_REFERENCE; HIGH; line 106] | CKO_CORE_V1_COMPOSITION_ROOT.md [IDENTIFIER_REFERENCE; MEDIUM; line 4] | CKO_CORE_V1_EXCEPTION_HIERARCHY.md [IDENTIFIER_REFERENCE; MEDIUM; line 239] | CKO_CORE_V1_EXCEPTION_HIERARCHY.md [IDENTIFIER_REFERENCE; MEDIUM; line 5] | CKO_CORE_V1_RELEASE_CERTIFICATION.md [IDENTIFIER_REFERENCE; MEDIUM; line 4] | CKO_CORE_V1_RELEASE_CERTIFICATION.md [IDENTIFIER_REFERENCE; MEDIUM; line 95] | docs/governance/GOV-006_PROJECT_DOSSIER.md [IDENTIFIER_REFERENCE; MEDIUM; line 111] | docs/governance/GOV-006_PROJECT_DOSSIER.md [IDENTIFIER_REFERENCE; MEDIUM; line 138] | docs/governance/GOV-006_PROJECT_DOSSIER.md [IDENTIFIER_REFERENCE; MEDIUM; line 151] | docs/governance/GOV-006_PROJECT_DOSSIER.md [IDENTIFIER_REFERENCE; MEDIUM; line 230] | docs/governance/GOV-006_PROJECT_DOSSIER.md [IDENTIFIER_REFERENCE; MEDIUM; line 245] | docs/governance/GOV-006_PROJECT_DOSSIER.md [IDENTIFIER_REFERENCE; MEDIUM; line 262] | docs/governance/OPS-004_REPOSITORY_CANONICAL_MIGRATION_PLAN.md [IDENTIFIER_REFERENCE; MEDIUM; line 68] | docs/governance/OPS-004_REPOSITORY_CANONICAL_MIGRATION_PLAN.md [IDENTIFIER_REFERENCE; MEDIUM; line 70] | docs/governance/OPS-004_REPOSITORY_CANONICAL_MIGRATION_PLAN.md [IDENTIFIER_REFERENCE; MEDIUM; line 71] | docs/governance/OPS-004_REPOSITORY_CANONICAL_MIGRATION_PLAN.md [IDENTIFIER_REFERENCE; MEDIUM; line 72] | docs/governance/OPS-004_REPOSITORY_CANONICAL_MIGRATION_PLAN.md [IDENTIFIER_REFERENCE; MEDIUM; line 75] | docs/governance/OPS-004_REPOSITORY_CANONICAL_MIGRATION_PLAN.md [IDENTIFIER_REFERENCE; MEDIUM; line 78] | docs/governance/OPS-004_REPOSITORY_CANONICAL_MIGRATION_PLAN.md [IDENTIFIER_REFERENCE; MEDIUM; line 82] | GOV-005_PROJECT_EFFORT_AUDIT.md [IDENTIFIER_REFERENCE; MEDIUM; line 138] | GOV-005_PROJECT_EFFORT_AUDIT.md [IDENTIFIER_REFERENCE; MEDIUM; line 165] | GOV-005_PROJECT_EFFORT_AUDIT.md [IDENTIFIER_REFERENCE; MEDIUM; line 351] | GOV-005_PROJECT_EFFORT_AUDIT.md [IDENTIFIER_REFERENCE; MEDIUM; line 367] | GOV-005_PROJECT_EFFORT_AUDIT.md [IDENTIFIER_REFERENCE; MEDIUM; line 387] | GOV-005_PROJECT_EFFORT_AUDIT.md [IDENTIFIER_REFERENCE; MEDIUM; line 515] | GOV-005_PROJECT_EFFORT_AUDIT.md [IDENTIFIER_REFERENCE; MEDIUM; line 556] | SPR018_DISCOVERY_AND_SCOPE.md [IDENTIFIER_REFERENCE; MEDIUM; line 42] | SPR018_DISCOVERY_AND_SCOPE.md [IDENTIFIER_REFERENCE; MEDIUM; line 69] | tests/test_core_consolidation_spr009a.py [IDENTIFIER_REFERENCE; MEDIUM; line 1],13,ARCH-001_CKO_CORE_MASTER_ARCHITECTURE_v1.2.md [PATH_REFERENCE; HIGH; line 115] | CKO_BUILD.cmd [PATH_REFERENCE; HIGH; line 198] | CKO_CORE_V1_COMPOSITION_ROOT.md [PATH_REFERENCE; HIGH; line 114] | CKO_CORE_V1_EXCEPTION_HIERARCHY.md [PATH_REFERENCE; HIGH; line 113] | CKO_CORE_V1_RELEASE_CERTIFICATION.md [PATH_REFERENCE; HIGH; line 116] | CKO_RUNTIME.cmd [PATH_REFERENCE; HIGH; line 186] | CKO_TESTS.cmd [PATH_REFERENCE; HIGH; line 166] | docs/sprint/CKO-SPR-005A_TERMO_OFICIAL.md [IDENTIFIER_REFERENCE; MEDIUM; line 179] | pyproject.toml [PATH_REFERENCE; HIGH; line 26] | pyproject.toml [PATH_REFERENCE; HIGH; line 33] | pyproject.toml [PATH_REFERENCE; HIGH; line 87] | src/cko.egg-info/PKG-INFO [PATH_REFERENCE; HIGH; line 28] | src/cko.egg-info/PKG-INFO [PATH_REFERENCE; HIGH; line 88],14,47,HIGH_REFERENCE_RISK,HIGH,YES,Confirmed HIGH/MEDIUM references recorded in AUD-004 reference matrix.
INV-0154,SPR010_IMPLEMENTATION_REPORT.md,MOVE,YES,ARCH-001_CKO_CORE_MASTER_ARCHITECTURE_v1.2.md [IDENTIFIER_REFERENCE; MEDIUM; line 557] | ARCH-001_CKO_CORE_MASTER_ARCHITECTURE_v1.2.md [IDENTIFIER_REFERENCE; MEDIUM; line 606] | CHANGELOG.md [IDENTIFIER_REFERENCE; MEDIUM; line 6] | CKO_CORE_BASELINE_CONSOLIDATION_REPORT.md [IDENTIFIER_REFERENCE; MEDIUM; line 123] | CKO_CORE_BASELINE_CONSOLIDATION_REPORT.md [IDENTIFIER_REFERENCE; MEDIUM; line 140] | CKO_CORE_BASELINE_CONSOLIDATION_REPORT.md [IDENTIFIER_REFERENCE; MEDIUM; line 211] | CKO_CORE_BASELINE_CONSOLIDATION_REPORT.md [IDENTIFIER_REFERENCE; MEDIUM; line 212] | CKO_CORE_BASELINE_CONSOLIDATION_REPORT.md [IDENTIFIER_REFERENCE; MEDIUM; line 213] | CKO_CORE_BASELINE_CONSOLIDATION_REPORT.md [IDENTIFIER_REFERENCE; MEDIUM; line 214] | CKO_CORE_BASELINE_CONSOLIDATION_REPORT.md [IDENTIFIER_REFERENCE; MEDIUM; line 215] | CKO_CORE_BASELINE_CONSOLIDATION_REPORT.md [IDENTIFIER_REFERENCE; MEDIUM; line 216] | CKO_CORE_BASELINE_CONSOLIDATION_REPORT.md [IDENTIFIER_REFERENCE; MEDIUM; line 217] | CKO_CORE_BASELINE_CONSOLIDATION_REPORT.md [IDENTIFIER_REFERENCE; MEDIUM; line 218] | CKO_CORE_BASELINE_CONSOLIDATION_REPORT.md [IDENTIFIER_REFERENCE; MEDIUM; line 219] | CKO_CORE_BASELINE_CONSOLIDATION_REPORT.md [IDENTIFIER_REFERENCE; MEDIUM; line 220] | CKO_CORE_BASELINE_CONSOLIDATION_REPORT.md [IDENTIFIER_REFERENCE; MEDIUM; line 221] | CKO_CORE_BASELINE_CONSOLIDATION_REPORT.md [IDENTIFIER_REFERENCE; MEDIUM; line 222] | CKO_CORE_BASELINE_CONSOLIDATION_REPORT.md [IDENTIFIER_REFERENCE; MEDIUM; line 223] | CKO_CORE_BASELINE_CONSOLIDATION_REPORT.md [IDENTIFIER_REFERENCE; MEDIUM; line 224] | CKO_CORE_BASELINE_CONSOLIDATION_REPORT.md [IDENTIFIER_REFERENCE; MEDIUM; line 225] | CKO_CORE_BASELINE_CONSOLIDATION_REPORT.md [IDENTIFIER_REFERENCE; MEDIUM; line 226] | CKO_CORE_BASELINE_CONSOLIDATION_REPORT.md [IDENTIFIER_REFERENCE; MEDIUM; line 227] | CKO_CORE_BASELINE_CONSOLIDATION_REPORT.md [IDENTIFIER_REFERENCE; MEDIUM; line 228] | CKO_CORE_BASELINE_CONSOLIDATION_REPORT.md [IDENTIFIER_REFERENCE; MEDIUM; line 229] | CKO_CORE_BASELINE_CONSOLIDATION_REPORT.md [IDENTIFIER_REFERENCE; MEDIUM; line 230] | CKO_CORE_BASELINE_CONSOLIDATION_REPORT.md [IDENTIFIER_REFERENCE; MEDIUM; line 231] | CKO_CORE_BASELINE_CONSOLIDATION_REPORT.md [IDENTIFIER_REFERENCE; MEDIUM; line 232] | CKO_CORE_BASELINE_CONSOLIDATION_REPORT.md [IDENTIFIER_REFERENCE; MEDIUM; line 233] | CKO_CORE_BASELINE_CONSOLIDATION_REPORT.md [IDENTIFIER_REFERENCE; MEDIUM; line 240] | CKO_CORE_BASELINE_CONSOLIDATION_REPORT.md [IDENTIFIER_REFERENCE; MEDIUM; line 241] | CKO_CORE_BASELINE_CONSOLIDATION_REPORT.md [IDENTIFIER_REFERENCE; MEDIUM; line 242] | CKO_CORE_BASELINE_CONSOLIDATION_REPORT.md [IDENTIFIER_REFERENCE; MEDIUM; line 243] | CKO_CORE_BASELINE_CONSOLIDATION_REPORT.md [IDENTIFIER_REFERENCE; MEDIUM; line 244] | CKO_CORE_BASELINE_CONSOLIDATION_REPORT.md [IDENTIFIER_REFERENCE; MEDIUM; line 245] | CKO_CORE_BASELINE_CONSOLIDATION_REPORT.md [IDENTIFIER_REFERENCE; MEDIUM; line 246] | CKO_CORE_BASELINE_CONSOLIDATION_REPORT.md [IDENTIFIER_REFERENCE; MEDIUM; line 247] | CKO_CORE_BASELINE_CONSOLIDATION_REPORT.md [IDENTIFIER_REFERENCE; MEDIUM; line 283] | CKO_CORE_BASELINE_CONSOLIDATION_REPORT.md [IDENTIFIER_REFERENCE; MEDIUM; line 284] | CKO_CORE_BASELINE_CONSOLIDATION_REPORT.md [IDENTIFIER_REFERENCE; MEDIUM; line 285] | CKO_CORE_BASELINE_CONSOLIDATION_REPORT.md [IDENTIFIER_REFERENCE; MEDIUM; line 286] | CKO_CORE_BASELINE_CONSOLIDATION_REPORT.md [IDENTIFIER_REFERENCE; MEDIUM; line 287] | CKO_CORE_BASELINE_CONSOLIDATION_REPORT.md [IDENTIFIER_REFERENCE; MEDIUM; line 288] | CKO_CORE_BASELINE_CONSOLIDATION_REPORT.md [IDENTIFIER_REFERENCE; MEDIUM; line 289] | CKO_CORE_BASELINE_CONSOLIDATION_REPORT.md [IDENTIFIER_REFERENCE; MEDIUM; line 290] | CKO_CORE_BASELINE_CONSOLIDATION_REPORT.md [IDENTIFIER_REFERENCE; MEDIUM; line 368] | CKO_CORE_BASELINE_CONSOLIDATION_REPORT.md [IDENTIFIER_REFERENCE; MEDIUM; line 369] | CKO_CORE_BASELINE_CONSOLIDATION_REPORT.md [IDENTIFIER_REFERENCE; MEDIUM; line 370] | CKO_CORE_BASELINE_CONSOLIDATION_REPORT.md [IDENTIFIER_REFERENCE; MEDIUM; line 371] | CKO_CORE_BASELINE_CONSOLIDATION_REPORT.md [IDENTIFIER_REFERENCE; MEDIUM; line 372] | CKO_CORE_BASELINE_CONSOLIDATION_REPORT.md [IDENTIFIER_REFERENCE; MEDIUM; line 373] | CKO_CORE_BASELINE_CONSOLIDATION_REPORT.md [IDENTIFIER_REFERENCE; MEDIUM; line 374] | CKO_CORE_BASELINE_CONSOLIDATION_REPORT.md [IDENTIFIER_REFERENCE; MEDIUM; line 375] | CKO_CORE_BASELINE_CONSOLIDATION_REPORT.md [IDENTIFIER_REFERENCE; MEDIUM; line 376] | CKO_CORE_BASELINE_CONSOLIDATION_REPORT.md [IDENTIFIER_REFERENCE; MEDIUM; line 377] | CKO_CORE_BASELINE_CONSOLIDATION_REPORT.md [IDENTIFIER_REFERENCE; MEDIUM; line 378] | CKO_CORE_BASELINE_CONSOLIDATION_REPORT.md [IDENTIFIER_REFERENCE; MEDIUM; line 432] | CKO_CORE_BASELINE_CONSOLIDATION_REPORT.md [IDENTIFIER_REFERENCE; MEDIUM; line 433] | CKO_CORE_BASELINE_CONSOLIDATION_REPORT.md [IDENTIFIER_REFERENCE; MEDIUM; line 434] | CKO_CORE_BASELINE_CONSOLIDATION_REPORT.md [IDENTIFIER_REFERENCE; MEDIUM; line 435] | CKO_CORE_BASELINE_CONSOLIDATION_REPORT.md [IDENTIFIER_REFERENCE; MEDIUM; line 436] | CKO_CORE_BASELINE_CONSOLIDATION_REPORT.md [IDENTIFIER_REFERENCE; MEDIUM; line 437] | CKO_CORE_BASELINE_CONSOLIDATION_REPORT.md [IDENTIFIER_REFERENCE; MEDIUM; line 438] | CKO_CORE_BASELINE_CONSOLIDATION_REPORT.md [IDENTIFIER_REFERENCE; MEDIUM; line 439] | CKO_CORE_BASELINE_CONSOLIDATION_REPORT.md [IDENTIFIER_REFERENCE; MEDIUM; line 440] | CKO_CORE_BASELINE_CONSOLIDATION_REPORT.md [IDENTIFIER_REFERENCE; MEDIUM; line 441] | CKO_CORE_BASELINE_CONSOLIDATION_REPORT.md [IDENTIFIER_REFERENCE; MEDIUM; line 451] | CKO_CORE_BASELINE_CONSOLIDATION_REPORT.md [IDENTIFIER_REFERENCE; MEDIUM; line 452] | CKO_CORE_BASELINE_CONSOLIDATION_REPORT.md [IDENTIFIER_REFERENCE; MEDIUM; line 453] | CKO_CORE_BASELINE_CONSOLIDATION_REPORT.md [IDENTIFIER_REFERENCE; MEDIUM; line 454] | CKO_CORE_BASELINE_CONSOLIDATION_REPORT.md [IDENTIFIER_REFERENCE; MEDIUM; line 455] | CKO_CORE_BASELINE_CONSOLIDATION_REPORT.md [IDENTIFIER_REFERENCE; MEDIUM; line 456] | CKO_CORE_BASELINE_CONSOLIDATION_REPORT.md [IDENTIFIER_REFERENCE; MEDIUM; line 457] | CKO_CORE_BASELINE_CONSOLIDATION_REPORT.md [IDENTIFIER_REFERENCE; MEDIUM; line 458] | CKO_CORE_BASELINE_CONSOLIDATION_REPORT.md [IDENTIFIER_REFERENCE; MEDIUM; line 459] | CKO_CORE_BASELINE_CONSOLIDATION_REPORT.md [IDENTIFIER_REFERENCE; MEDIUM; line 460] | CKO_CORE_BASELINE_CONSOLIDATION_REPORT.md [IDENTIFIER_REFERENCE; MEDIUM; line 461] | CKO_CORE_BASELINE_CONSOLIDATION_REPORT.md [IDENTIFIER_REFERENCE; MEDIUM; line 462] | CKO_CORE_BASELINE_CONSOLIDATION_REPORT.md [IDENTIFIER_REFERENCE; MEDIUM; line 467] | CKO_CORE_BASELINE_CONSOLIDATION_REPORT.md [IDENTIFIER_REFERENCE; MEDIUM; line 468] | CKO_CORE_BASELINE_CONSOLIDATION_REPORT.md [IDENTIFIER_REFERENCE; MEDIUM; line 469] | CKO_CORE_BASELINE_CONSOLIDATION_REPORT.md [IDENTIFIER_REFERENCE; MEDIUM; line 46] | CKO_CORE_BASELINE_CONSOLIDATION_REPORT.md [IDENTIFIER_REFERENCE; MEDIUM; line 470] | CKO_CORE_BASELINE_CONSOLIDATION_REPORT.md [IDENTIFIER_REFERENCE; MEDIUM; line 471] | CKO_CORE_BASELINE_CONSOLIDATION_REPORT.md [IDENTIFIER_REFERENCE; MEDIUM; line 472] | CKO_CORE_BASELINE_CONSOLIDATION_REPORT.md [IDENTIFIER_REFERENCE; MEDIUM; line 473] | CKO_CORE_BASELINE_CONSOLIDATION_REPORT.md [IDENTIFIER_REFERENCE; MEDIUM; line 474] | CKO_CORE_BASELINE_CONSOLIDATION_REPORT.md [IDENTIFIER_REFERENCE; MEDIUM; line 475] | CKO_CORE_BASELINE_CONSOLIDATION_REPORT.md [IDENTIFIER_REFERENCE; MEDIUM; line 476] | CKO_CORE_BASELINE_CONSOLIDATION_REPORT.md [IDENTIFIER_REFERENCE; MEDIUM; line 477] | CKO_CORE_BASELINE_CONSOLIDATION_REPORT.md [IDENTIFIER_REFERENCE; MEDIUM; line 478] | CKO_CORE_BASELINE_CONSOLIDATION_REPORT.md [IDENTIFIER_REFERENCE; MEDIUM; line 479] | CKO_CORE_BASELINE_CONSOLIDATION_REPORT.md [IDENTIFIER_REFERENCE; MEDIUM; line 487] | CKO_CORE_BASELINE_CONSOLIDATION_REPORT.md [IDENTIFIER_REFERENCE; MEDIUM; line 488] | CKO_CORE_BASELINE_CONSOLIDATION_REPORT.md [IDENTIFIER_REFERENCE; MEDIUM; line 489] | CKO_CORE_BASELINE_CONSOLIDATION_REPORT.md [IDENTIFIER_REFERENCE; MEDIUM; line 490] | CKO_CORE_BASELINE_CONSOLIDATION_REPORT.md [IDENTIFIER_REFERENCE; MEDIUM; line 491] | CKO_CORE_BASELINE_CONSOLIDATION_REPORT.md [IDENTIFIER_REFERENCE; MEDIUM; line 492] | CKO_CORE_BASELINE_CONSOLIDATION_REPORT.md [IDENTIFIER_REFERENCE; MEDIUM; line 493] | CKO_CORE_BASELINE_CONSOLIDATION_REPORT.md [IDENTIFIER_REFERENCE; MEDIUM; line 494] | CKO_CORE_BASELINE_CONSOLIDATION_REPORT.md [IDENTIFIER_REFERENCE; MEDIUM; line 495] | CKO_CORE_BASELINE_CONSOLIDATION_REPORT.md [IDENTIFIER_REFERENCE; MEDIUM; line 496] | CKO_CORE_BASELINE_CONSOLIDATION_REPORT.md [IDENTIFIER_REFERENCE; MEDIUM; line 497] | CKO_CORE_BASELINE_CONSOLIDATION_REPORT.md [IDENTIFIER_REFERENCE; MEDIUM; line 498] | CKO_CORE_BASELINE_CONSOLIDATION_REPORT.md [IDENTIFIER_REFERENCE; MEDIUM; line 522] | CKO_CORE_BASELINE_CONSOLIDATION_REPORT.md [IDENTIFIER_REFERENCE; MEDIUM; line 523] | CKO_CORE_BASELINE_CONSOLIDATION_REPORT.md [IDENTIFIER_REFERENCE; MEDIUM; line 524] | CKO_CORE_BASELINE_CONSOLIDATION_REPORT.md [IDENTIFIER_REFERENCE; MEDIUM; line 525] | CKO_CORE_BASELINE_CONSOLIDATION_REPORT.md [IDENTIFIER_REFERENCE; MEDIUM; line 526] | CKO_CORE_BASELINE_CONSOLIDATION_REPORT.md [IDENTIFIER_REFERENCE; MEDIUM; line 527] | CKO_CORE_BASELINE_CONSOLIDATION_REPORT.md [IDENTIFIER_REFERENCE; MEDIUM; line 528] | CKO_CORE_BASELINE_CONSOLIDATION_REPORT.md [IDENTIFIER_REFERENCE; MEDIUM; line 529] | CKO_CORE_BASELINE_CONSOLIDATION_REPORT.md [IDENTIFIER_REFERENCE; MEDIUM; line 530] | CKO_CORE_BASELINE_CONSOLIDATION_REPORT.md [IDENTIFIER_REFERENCE; MEDIUM; line 531] | CKO_CORE_BASELINE_CONSOLIDATION_REPORT.md [IDENTIFIER_REFERENCE; MEDIUM; line 532] | CKO_CORE_BASELINE_CONSOLIDATION_REPORT.md [IDENTIFIER_REFERENCE; MEDIUM; line 533] | CKO_CORE_BASELINE_CONSOLIDATION_REPORT.md [IDENTIFIER_REFERENCE; MEDIUM; line 534] | CKO_CORE_BASELINE_CONSOLIDATION_REPORT.md [IDENTIFIER_REFERENCE; MEDIUM; line 535] | CKO_CORE_BASELINE_CONSOLIDATION_REPORT.md [IDENTIFIER_REFERENCE; MEDIUM; line 536] | CKO_CORE_BASELINE_CONSOLIDATION_REPORT.md [IDENTIFIER_REFERENCE; MEDIUM; line 537] | CKO_CORE_BASELINE_CONSOLIDATION_REPORT.md [IDENTIFIER_REFERENCE; MEDIUM; line 538] | CKO_CORE_BASELINE_CONSOLIDATION_REPORT.md [IDENTIFIER_REFERENCE; MEDIUM; line 539] | CKO_CORE_BASELINE_CONSOLIDATION_REPORT.md [IDENTIFIER_REFERENCE; MEDIUM; line 540] | CKO_CORE_BASELINE_CONSOLIDATION_REPORT.md [IDENTIFIER_REFERENCE; MEDIUM; line 541] | CKO_CORE_BASELINE_CONSOLIDATION_REPORT.md [IDENTIFIER_REFERENCE; MEDIUM; line 628] | CKO_CORE_BASELINE_CONSOLIDATION_REPORT.md [IDENTIFIER_REFERENCE; MEDIUM; line 634] | CKO_CORE_BASELINE_CONSOLIDATION_REPORT.md [IDENTIFIER_REFERENCE; MEDIUM; line 635] | CKO_CORE_BASELINE_CONSOLIDATION_REPORT.md [IDENTIFIER_REFERENCE; MEDIUM; line 636] | CKO_CORE_BASELINE_CONSOLIDATION_REPORT.md [IDENTIFIER_REFERENCE; MEDIUM; line 637] | CKO_CORE_BASELINE_CONSOLIDATION_REPORT.md [IDENTIFIER_REFERENCE; MEDIUM; line 639] | CKO_CORE_BASELINE_CONSOLIDATION_REPORT.md [IDENTIFIER_REFERENCE; MEDIUM; line 640] | CKO_CORE_BASELINE_CONSOLIDATION_REPORT.md [IDENTIFIER_REFERENCE; MEDIUM; line 67] | CKO_CORE_BASELINE_CONSOLIDATION_REPORT.md [PATH_REFERENCE; HIGH; line 283] | CKO_CORE_BASELINE_EXECUTION_REPORT.md [IDENTIFIER_REFERENCE; MEDIUM; line 356] | CKO_CORE_BASELINE_EXECUTION_REPORT.md [IDENTIFIER_REFERENCE; MEDIUM; line 363] | CKO_CORE_BASELINE_EXECUTION_REPORT.md [IDENTIFIER_REFERENCE; MEDIUM; line 375] | CKO_CORE_BASELINE_EXECUTION_REPORT.md [IDENTIFIER_REFERENCE; MEDIUM; line 56] | CKO_CORE_BASELINE_EXECUTION_REPORT.md [IDENTIFIER_REFERENCE; MEDIUM; line 605] | CKO_CORE_BASELINE_EXECUTION_REPORT.md [PATH_REFERENCE; HIGH; line 363] | CKO_CORE_V1_ARCHITECTURE_MAP.md [IDENTIFIER_REFERENCE; MEDIUM; line 100] | CKO_CORE_V1_ARCHITECTURE_MAP.md [IDENTIFIER_REFERENCE; MEDIUM; line 98] | CKO_CORE_V1_PUBLIC_API_CATALOG.md [IDENTIFIER_REFERENCE; MEDIUM; line 9] | CKO_CORPUS_API.md [IDENTIFIER_REFERENCE; MEDIUM; line 35] | CKO_CORPUS_ARCHITECTURE.md [IDENTIFIER_REFERENCE; MEDIUM; line 33] | CKO_KNOWLEDGE_OBJECT_ARCHITECTURE.md [IDENTIFIER_REFERENCE; MEDIUM; line 5] | CKO_KNOWLEDGE_OBJECT_VERSIONING.md [IDENTIFIER_REFERENCE; MEDIUM; line 13] | CKO_QUERY_ARCHITECTURE.md [IDENTIFIER_REFERENCE; MEDIUM; line 13] | docs/governance/GOV-006_PROJECT_DOSSIER.md [IDENTIFIER_REFERENCE; MEDIUM; line 112] | docs/governance/GOV-006_PROJECT_DOSSIER.md [IDENTIFIER_REFERENCE; MEDIUM; line 139] | docs/governance/GOV-006_PROJECT_DOSSIER.md [IDENTIFIER_REFERENCE; MEDIUM; line 191] | docs/governance/GOV-006_PROJECT_DOSSIER.md [IDENTIFIER_REFERENCE; MEDIUM; line 231] | docs/governance/GOV-006_PROJECT_DOSSIER.md [IDENTIFIER_REFERENCE; MEDIUM; line 246] | docs/governance/GOV-006_PROJECT_DOSSIER.md [IDENTIFIER_REFERENCE; MEDIUM; line 263] | docs/governance/GOV-006_PROJECT_DOSSIER.md [IDENTIFIER_REFERENCE; MEDIUM; line 417] | docs/governance/GOV-006_PROJECT_DOSSIER.md [IDENTIFIER_REFERENCE; MEDIUM; line 683] | docs/governance/OPS-004_REPOSITORY_CANONICAL_MIGRATION_PLAN.md [IDENTIFIER_REFERENCE; MEDIUM; line 68] | docs/governance/OPS-004_REPOSITORY_CANONICAL_MIGRATION_PLAN.md [IDENTIFIER_REFERENCE; MEDIUM; line 70] | docs/governance/OPS-004_REPOSITORY_CANONICAL_MIGRATION_PLAN.md [IDENTIFIER_REFERENCE; MEDIUM; line 71] | docs/governance/OPS-004_REPOSITORY_CANONICAL_MIGRATION_PLAN.md [IDENTIFIER_REFERENCE; MEDIUM; line 72] | docs/governance/OPS-004_REPOSITORY_CANONICAL_MIGRATION_PLAN.md [IDENTIFIER_REFERENCE; MEDIUM; line 74] | docs/governance/OPS-004_REPOSITORY_CANONICAL_MIGRATION_PLAN.md [IDENTIFIER_REFERENCE; MEDIUM; line 81] | docs/governance/OPS-004_REPOSITORY_CANONICAL_MIGRATION_PLAN.md [IDENTIFIER_REFERENCE; MEDIUM; line 85] | docs/governance/OPS-004_REPOSITORY_CANONICAL_MIGRATION_PLAN.md [IDENTIFIER_REFERENCE; MEDIUM; line 86] | GOV-005_PROJECT_EFFORT_AUDIT.md [IDENTIFIER_REFERENCE; MEDIUM; line 128] | GOV-005_PROJECT_EFFORT_AUDIT.md [IDENTIFIER_REFERENCE; MEDIUM; line 139] | GOV-005_PROJECT_EFFORT_AUDIT.md [IDENTIFIER_REFERENCE; MEDIUM; line 166] | GOV-005_PROJECT_EFFORT_AUDIT.md [IDENTIFIER_REFERENCE; MEDIUM; line 206] | GOV-005_PROJECT_EFFORT_AUDIT.md [IDENTIFIER_REFERENCE; MEDIUM; line 228] | GOV-005_PROJECT_EFFORT_AUDIT.md [IDENTIFIER_REFERENCE; MEDIUM; line 234] | GOV-005_PROJECT_EFFORT_AUDIT.md [IDENTIFIER_REFERENCE; MEDIUM; line 352] | GOV-005_PROJECT_EFFORT_AUDIT.md [IDENTIFIER_REFERENCE; MEDIUM; line 368] | GOV-005_PROJECT_EFFORT_AUDIT.md [IDENTIFIER_REFERENCE; MEDIUM; line 388] | GOV-005_PROJECT_EFFORT_AUDIT.md [IDENTIFIER_REFERENCE; MEDIUM; line 516] | GOV-005_PROJECT_EFFORT_AUDIT.md [IDENTIFIER_REFERENCE; MEDIUM; line 558] | README.md [IDENTIFIER_REFERENCE; MEDIUM; line 8] | ROADMAP.md [IDENTIFIER_REFERENCE; MEDIUM; line 6] | SPR009_ARCHITECTURE_CERTIFICATION_REPORT.md [IDENTIFIER_REFERENCE; MEDIUM; line 151] | SPR009_IMPLEMENTATION_REPORT.md [IDENTIFIER_REFERENCE; MEDIUM; line 5] | SPR011_IMPLEMENTATION_REPORT.md [IDENTIFIER_REFERENCE; MEDIUM; line 80] | SPR014_IMPLEMENTATION_REPORT.md [IDENTIFIER_REFERENCE; MEDIUM; line 71] | SPR015_IMPLEMENTATION_REPORT.md [IDENTIFIER_REFERENCE; MEDIUM; line 29] | SPR015_IMPLEMENTATION_REPORT.md [IDENTIFIER_REFERENCE; MEDIUM; line 6] | SPR016_IMPLEMENTATION_REPORT.md [IDENTIFIER_REFERENCE; MEDIUM; line 33] | SPR016_IMPLEMENTATION_REPORT.md [IDENTIFIER_REFERENCE; MEDIUM; line 44] | SPR016_IMPLEMENTATION_REPORT.md [IDENTIFIER_REFERENCE; MEDIUM; line 51] | SPR016_IMPLEMENTATION_REPORT.md [IDENTIFIER_REFERENCE; MEDIUM; line 6] | SPR016_PREIMPLEMENTATION_ARCHITECTURE_AUDIT.md [IDENTIFIER_REFERENCE; MEDIUM; line 10] | SPR016_PREIMPLEMENTATION_ARCHITECTURE_AUDIT.md [IDENTIFIER_REFERENCE; MEDIUM; line 24] | SPR016_PREIMPLEMENTATION_ARCHITECTURE_AUDIT.md [IDENTIFIER_REFERENCE; MEDIUM; line 30] | SPR016_PREIMPLEMENTATION_ARCHITECTURE_AUDIT.md [IDENTIFIER_REFERENCE; MEDIUM; line 34] | SPR016_PREIMPLEMENTATION_ARCHITECTURE_AUDIT.md [IDENTIFIER_REFERENCE; MEDIUM; line 36] | SPR016_PREIMPLEMENTATION_ARCHITECTURE_AUDIT.md [IDENTIFIER_REFERENCE; MEDIUM; line 66] | SPR017_HOMOLOGATION_REPORT.md [IDENTIFIER_REFERENCE; MEDIUM; line 45] | SPR017_HOMOLOGATION_REPORT.md [IDENTIFIER_REFERENCE; MEDIUM; line 92] | SPR017_IMPLEMENTATION_REPORT.md [IDENTIFIER_REFERENCE; MEDIUM; line 160] | SPR017_IMPLEMENTATION_REPORT.md [IDENTIFIER_REFERENCE; MEDIUM; line 88] | SPR017_PREIMPLEMENTATION_ARCHITECTURE_AUDIT.md [IDENTIFIER_REFERENCE; MEDIUM; line 17] | SPR017_PREIMPLEMENTATION_ARCHITECTURE_AUDIT.md [IDENTIFIER_REFERENCE; MEDIUM; line 18] | SPR017_PREIMPLEMENTATION_ARCHITECTURE_AUDIT.md [IDENTIFIER_REFERENCE; MEDIUM; line 190] | SPR017_PREIMPLEMENTATION_ARCHITECTURE_AUDIT.md [IDENTIFIER_REFERENCE; MEDIUM; line 199] | SPR017_PREIMPLEMENTATION_ARCHITECTURE_AUDIT.md [IDENTIFIER_REFERENCE; MEDIUM; line 257] | SPR017_PREIMPLEMENTATION_ARCHITECTURE_AUDIT.md [IDENTIFIER_REFERENCE; MEDIUM; line 269] | SPR017_PREIMPLEMENTATION_ARCHITECTURE_AUDIT.md [IDENTIFIER_REFERENCE; MEDIUM; line 411] | SPR017_PREIMPLEMENTATION_ARCHITECTURE_AUDIT.md [IDENTIFIER_REFERENCE; MEDIUM; line 44] | SPR017_PREIMPLEMENTATION_ARCHITECTURE_AUDIT.md [IDENTIFIER_REFERENCE; MEDIUM; line 61] | SPR017_PREIMPLEMENTATION_ARCHITECTURE_AUDIT.md [IDENTIFIER_REFERENCE; MEDIUM; line 63] | SPR017_PREIMPLEMENTATION_ARCHITECTURE_AUDIT.md [IDENTIFIER_REFERENCE; MEDIUM; line 73] | SPR017_PREIMPLEMENTATION_ARCHITECTURE_AUDIT.md [IDENTIFIER_REFERENCE; MEDIUM; line 86] | SPR017_PREIMPLEMENTATION_ARCHITECTURE_AUDIT.md [IDENTIFIER_REFERENCE; MEDIUM; line 95] | SPR017_PREIMPLEMENTATION_ARCHITECTURE_AUDIT.md [IDENTIFIER_REFERENCE; MEDIUM; line 97] | SPR017_PREIMPLEMENTATION_ARCHITECTURE_AUDIT.md [IDENTIFIER_REFERENCE; MEDIUM; line 9] | SPR017_TECHNICAL_SPECIFICATION.md [IDENTIFIER_REFERENCE; MEDIUM; line 152] | SPR017_TECHNICAL_SPECIFICATION.md [IDENTIFIER_REFERENCE; MEDIUM; line 30] | SPR017_TECHNICAL_SPECIFICATION.md [IDENTIFIER_REFERENCE; MEDIUM; line 34] | SPR017_TECHNICAL_SPECIFICATION.md [IDENTIFIER_REFERENCE; MEDIUM; line 506] | SPR017_TECHNICAL_SPECIFICATION.md [IDENTIFIER_REFERENCE; MEDIUM; line 52] | SPR017_TECHNICAL_SPECIFICATION.md [IDENTIFIER_REFERENCE; MEDIUM; line 53] | SPR017_TECHNICAL_SPECIFICATION.md [IDENTIFIER_REFERENCE; MEDIUM; line 571] | SPR017_TECHNICAL_SPECIFICATION.md [IDENTIFIER_REFERENCE; MEDIUM; line 579] | SPR017_TECHNICAL_SPECIFICATION.md [IDENTIFIER_REFERENCE; MEDIUM; line 587] | SPR017_TECHNICAL_SPECIFICATION.md [IDENTIFIER_REFERENCE; MEDIUM; line 588] | SPR017_TECHNICAL_SPECIFICATION.md [IDENTIFIER_REFERENCE; MEDIUM; line 621] | SPR017_TECHNICAL_SPECIFICATION.md [IDENTIFIER_REFERENCE; MEDIUM; line 767] | SPR017_TECHNICAL_SPECIFICATION_AUDIT.md [IDENTIFIER_REFERENCE; MEDIUM; line 22] | SPR017E_NOVA_AUDITORIA_FORMAL.md [IDENTIFIER_REFERENCE; MEDIUM; line 220] | SPR017E_NOVA_AUDITORIA_FORMAL.md [IDENTIFIER_REFERENCE; MEDIUM; line 222] | SPR017E_NOVA_AUDITORIA_FORMAL.md [IDENTIFIER_REFERENCE; MEDIUM; line 361] | SPR017E_NOVA_AUDITORIA_FORMAL.md [IDENTIFIER_REFERENCE; MEDIUM; line 53] | SPR018_DISCOVERY_AND_SCOPE.md [IDENTIFIER_REFERENCE; MEDIUM; line 119] | SPR018_DISCOVERY_AND_SCOPE.md [IDENTIFIER_REFERENCE; MEDIUM; line 148] | SPR018_DISCOVERY_AND_SCOPE.md [IDENTIFIER_REFERENCE; MEDIUM; line 180] | SPR018_DISCOVERY_AND_SCOPE.md [IDENTIFIER_REFERENCE; MEDIUM; line 40] | SPR018_DISCOVERY_AND_SCOPE.md [IDENTIFIER_REFERENCE; MEDIUM; line 42] | SPR018_DISCOVERY_AND_SCOPE.md [IDENTIFIER_REFERENCE; MEDIUM; line 70] | SPR018_DISCOVERY_AND_SCOPE.md [IDENTIFIER_REFERENCE; MEDIUM; line 97] | SPR018_DISCOVERY_AND_SCOPE.md [IDENTIFIER_REFERENCE; MEDIUM; line 99] | tests/test_knowledge_corpus_foundation_spr016.py [IDENTIFIER_REFERENCE; MEDIUM; line 340] | tests/test_knowledge_object_foundation_spr010.py [IDENTIFIER_REFERENCE; MEDIUM; line 1],YES,DOCUMENTARY_DEPENDENCY | OPERATIONAL_DEPENDENCY,256,ARCH-001_CKO_CORE_MASTER_ARCHITECTURE_v1.2.md [IDENTIFIER_REFERENCE; MEDIUM; line 557] | ARCH-001_CKO_CORE_MASTER_ARCHITECTURE_v1.2.md [IDENTIFIER_REFERENCE; MEDIUM; line 606] | CHANGELOG.md [IDENTIFIER_REFERENCE; MEDIUM; line 6] | CKO_CORE_BASELINE_CONSOLIDATION_REPORT.md [IDENTIFIER_REFERENCE; MEDIUM; line 123] | CKO_CORE_BASELINE_CONSOLIDATION_REPORT.md [IDENTIFIER_REFERENCE; MEDIUM; line 140] | CKO_CORE_BASELINE_CONSOLIDATION_REPORT.md [IDENTIFIER_REFERENCE; MEDIUM; line 211] | CKO_CORE_BASELINE_CONSOLIDATION_REPORT.md [IDENTIFIER_REFERENCE; MEDIUM; line 212] | CKO_CORE_BASELINE_CONSOLIDATION_REPORT.md [IDENTIFIER_REFERENCE; MEDIUM; line 213] | CKO_CORE_BASELINE_CONSOLIDATION_REPORT.md [IDENTIFIER_REFERENCE; MEDIUM; line 214] | CKO_CORE_BASELINE_CONSOLIDATION_REPORT.md [IDENTIFIER_REFERENCE; MEDIUM; line 215] | CKO_CORE_BASELINE_CONSOLIDATION_REPORT.md [IDENTIFIER_REFERENCE; MEDIUM; line 216] | CKO_CORE_BASELINE_CONSOLIDATION_REPORT.md [IDENTIFIER_REFERENCE; MEDIUM; line 217] | CKO_CORE_BASELINE_CONSOLIDATION_REPORT.md [IDENTIFIER_REFERENCE; MEDIUM; line 218] | CKO_CORE_BASELINE_CONSOLIDATION_REPORT.md [IDENTIFIER_REFERENCE; MEDIUM; line 219] | CKO_CORE_BASELINE_CONSOLIDATION_REPORT.md [IDENTIFIER_REFERENCE; MEDIUM; line 220] | CKO_CORE_BASELINE_CONSOLIDATION_REPORT.md [IDENTIFIER_REFERENCE; MEDIUM; line 221] | CKO_CORE_BASELINE_CONSOLIDATION_REPORT.md [IDENTIFIER_REFERENCE; MEDIUM; line 222] | CKO_CORE_BASELINE_CONSOLIDATION_REPORT.md [IDENTIFIER_REFERENCE; MEDIUM; line 223] | CKO_CORE_BASELINE_CONSOLIDATION_REPORT.md [IDENTIFIER_REFERENCE; MEDIUM; line 224] | CKO_CORE_BASELINE_CONSOLIDATION_REPORT.md [IDENTIFIER_REFERENCE; MEDIUM; line 225] | CKO_CORE_BASELINE_CONSOLIDATION_REPORT.md [IDENTIFIER_REFERENCE; MEDIUM; line 226] | CKO_CORE_BASELINE_CONSOLIDATION_REPORT.md [IDENTIFIER_REFERENCE; MEDIUM; line 227] | CKO_CORE_BASELINE_CONSOLIDATION_REPORT.md [IDENTIFIER_REFERENCE; MEDIUM; line 228] | CKO_CORE_BASELINE_CONSOLIDATION_REPORT.md [IDENTIFIER_REFERENCE; MEDIUM; line 229] | CKO_CORE_BASELINE_CONSOLIDATION_REPORT.md [IDENTIFIER_REFERENCE; MEDIUM; line 230] | CKO_CORE_BASELINE_CONSOLIDATION_REPORT.md [IDENTIFIER_REFERENCE; MEDIUM; line 231] | CKO_CORE_BASELINE_CONSOLIDATION_REPORT.md [IDENTIFIER_REFERENCE; MEDIUM; line 232] | CKO_CORE_BASELINE_CONSOLIDATION_REPORT.md [IDENTIFIER_REFERENCE; MEDIUM; line 233] | CKO_CORE_BASELINE_CONSOLIDATION_REPORT.md [IDENTIFIER_REFERENCE; MEDIUM; line 240] | CKO_CORE_BASELINE_CONSOLIDATION_REPORT.md [IDENTIFIER_REFERENCE; MEDIUM; line 241] | CKO_CORE_BASELINE_CONSOLIDATION_REPORT.md [IDENTIFIER_REFERENCE; MEDIUM; line 242] | CKO_CORE_BASELINE_CONSOLIDATION_REPORT.md [IDENTIFIER_REFERENCE; MEDIUM; line 243] | CKO_CORE_BASELINE_CONSOLIDATION_REPORT.md [IDENTIFIER_REFERENCE; MEDIUM; line 244] | CKO_CORE_BASELINE_CONSOLIDATION_REPORT.md [IDENTIFIER_REFERENCE; MEDIUM; line 245] | CKO_CORE_BASELINE_CONSOLIDATION_REPORT.md [IDENTIFIER_REFERENCE; MEDIUM; line 246] | CKO_CORE_BASELINE_CONSOLIDATION_REPORT.md [IDENTIFIER_REFERENCE; MEDIUM; line 247] | CKO_CORE_BASELINE_CONSOLIDATION_REPORT.md [IDENTIFIER_REFERENCE; MEDIUM; line 283] | CKO_CORE_BASELINE_CONSOLIDATION_REPORT.md [IDENTIFIER_REFERENCE; MEDIUM; line 284] | CKO_CORE_BASELINE_CONSOLIDATION_REPORT.md [IDENTIFIER_REFERENCE; MEDIUM; line 285] | CKO_CORE_BASELINE_CONSOLIDATION_REPORT.md [IDENTIFIER_REFERENCE; MEDIUM; line 286] | CKO_CORE_BASELINE_CONSOLIDATION_REPORT.md [IDENTIFIER_REFERENCE; MEDIUM; line 287] | CKO_CORE_BASELINE_CONSOLIDATION_REPORT.md [IDENTIFIER_REFERENCE; MEDIUM; line 288] | CKO_CORE_BASELINE_CONSOLIDATION_REPORT.md [IDENTIFIER_REFERENCE; MEDIUM; line 289] | CKO_CORE_BASELINE_CONSOLIDATION_REPORT.md [IDENTIFIER_REFERENCE; MEDIUM; line 290] | CKO_CORE_BASELINE_CONSOLIDATION_REPORT.md [IDENTIFIER_REFERENCE; MEDIUM; line 368] | CKO_CORE_BASELINE_CONSOLIDATION_REPORT.md [IDENTIFIER_REFERENCE; MEDIUM; line 369] | CKO_CORE_BASELINE_CONSOLIDATION_REPORT.md [IDENTIFIER_REFERENCE; MEDIUM; line 370] | CKO_CORE_BASELINE_CONSOLIDATION_REPORT.md [IDENTIFIER_REFERENCE; MEDIUM; line 371] | CKO_CORE_BASELINE_CONSOLIDATION_REPORT.md [IDENTIFIER_REFERENCE; MEDIUM; line 372] | CKO_CORE_BASELINE_CONSOLIDATION_REPORT.md [IDENTIFIER_REFERENCE; MEDIUM; line 373] | CKO_CORE_BASELINE_CONSOLIDATION_REPORT.md [IDENTIFIER_REFERENCE; MEDIUM; line 374] | CKO_CORE_BASELINE_CONSOLIDATION_REPORT.md [IDENTIFIER_REFERENCE; MEDIUM; line 375] | CKO_CORE_BASELINE_CONSOLIDATION_REPORT.md [IDENTIFIER_REFERENCE; MEDIUM; line 376] | CKO_CORE_BASELINE_CONSOLIDATION_REPORT.md [IDENTIFIER_REFERENCE; MEDIUM; line 377] | CKO_CORE_BASELINE_CONSOLIDATION_REPORT.md [IDENTIFIER_REFERENCE; MEDIUM; line 378] | CKO_CORE_BASELINE_CONSOLIDATION_REPORT.md [IDENTIFIER_REFERENCE; MEDIUM; line 432] | CKO_CORE_BASELINE_CONSOLIDATION_REPORT.md [IDENTIFIER_REFERENCE; MEDIUM; line 433] | CKO_CORE_BASELINE_CONSOLIDATION_REPORT.md [IDENTIFIER_REFERENCE; MEDIUM; line 434] | CKO_CORE_BASELINE_CONSOLIDATION_REPORT.md [IDENTIFIER_REFERENCE; MEDIUM; line 435] | CKO_CORE_BASELINE_CONSOLIDATION_REPORT.md [IDENTIFIER_REFERENCE; MEDIUM; line 436] | CKO_CORE_BASELINE_CONSOLIDATION_REPORT.md [IDENTIFIER_REFERENCE; MEDIUM; line 437] | CKO_CORE_BASELINE_CONSOLIDATION_REPORT.md [IDENTIFIER_REFERENCE; MEDIUM; line 438] | CKO_CORE_BASELINE_CONSOLIDATION_REPORT.md [IDENTIFIER_REFERENCE; MEDIUM; line 439] | CKO_CORE_BASELINE_CONSOLIDATION_REPORT.md [IDENTIFIER_REFERENCE; MEDIUM; line 440] | CKO_CORE_BASELINE_CONSOLIDATION_REPORT.md [IDENTIFIER_REFERENCE; MEDIUM; line 441] | CKO_CORE_BASELINE_CONSOLIDATION_REPORT.md [IDENTIFIER_REFERENCE; MEDIUM; line 451] | CKO_CORE_BASELINE_CONSOLIDATION_REPORT.md [IDENTIFIER_REFERENCE; MEDIUM; line 452] | CKO_CORE_BASELINE_CONSOLIDATION_REPORT.md [IDENTIFIER_REFERENCE; MEDIUM; line 453] | CKO_CORE_BASELINE_CONSOLIDATION_REPORT.md [IDENTIFIER_REFERENCE; MEDIUM; line 454] | CKO_CORE_BASELINE_CONSOLIDATION_REPORT.md [IDENTIFIER_REFERENCE; MEDIUM; line 455] | CKO_CORE_BASELINE_CONSOLIDATION_REPORT.md [IDENTIFIER_REFERENCE; MEDIUM; line 456] | CKO_CORE_BASELINE_CONSOLIDATION_REPORT.md [IDENTIFIER_REFERENCE; MEDIUM; line 457] | CKO_CORE_BASELINE_CONSOLIDATION_REPORT.md [IDENTIFIER_REFERENCE; MEDIUM; line 458] | CKO_CORE_BASELINE_CONSOLIDATION_REPORT.md [IDENTIFIER_REFERENCE; MEDIUM; line 459] | CKO_CORE_BASELINE_CONSOLIDATION_REPORT.md [IDENTIFIER_REFERENCE; MEDIUM; line 460] | CKO_CORE_BASELINE_CONSOLIDATION_REPORT.md [IDENTIFIER_REFERENCE; MEDIUM; line 461] | CKO_CORE_BASELINE_CONSOLIDATION_REPORT.md [IDENTIFIER_REFERENCE; MEDIUM; line 462] | CKO_CORE_BASELINE_CONSOLIDATION_REPORT.md [IDENTIFIER_REFERENCE; MEDIUM; line 467] | CKO_CORE_BASELINE_CONSOLIDATION_REPORT.md [IDENTIFIER_REFERENCE; MEDIUM; line 468] | CKO_CORE_BASELINE_CONSOLIDATION_REPORT.md [IDENTIFIER_REFERENCE; MEDIUM; line 469] | CKO_CORE_BASELINE_CONSOLIDATION_REPORT.md [IDENTIFIER_REFERENCE; MEDIUM; line 46] | CKO_CORE_BASELINE_CONSOLIDATION_REPORT.md [IDENTIFIER_REFERENCE; MEDIUM; line 470] | CKO_CORE_BASELINE_CONSOLIDATION_REPORT.md [IDENTIFIER_REFERENCE; MEDIUM; line 471] | CKO_CORE_BASELINE_CONSOLIDATION_REPORT.md [IDENTIFIER_REFERENCE; MEDIUM; line 472] | CKO_CORE_BASELINE_CONSOLIDATION_REPORT.md [IDENTIFIER_REFERENCE; MEDIUM; line 473] | CKO_CORE_BASELINE_CONSOLIDATION_REPORT.md [IDENTIFIER_REFERENCE; MEDIUM; line 474] | CKO_CORE_BASELINE_CONSOLIDATION_REPORT.md [IDENTIFIER_REFERENCE; MEDIUM; line 475] | CKO_CORE_BASELINE_CONSOLIDATION_REPORT.md [IDENTIFIER_REFERENCE; MEDIUM; line 476] | CKO_CORE_BASELINE_CONSOLIDATION_REPORT.md [IDENTIFIER_REFERENCE; MEDIUM; line 477] | CKO_CORE_BASELINE_CONSOLIDATION_REPORT.md [IDENTIFIER_REFERENCE; MEDIUM; line 478] | CKO_CORE_BASELINE_CONSOLIDATION_REPORT.md [IDENTIFIER_REFERENCE; MEDIUM; line 479] | CKO_CORE_BASELINE_CONSOLIDATION_REPORT.md [IDENTIFIER_REFERENCE; MEDIUM; line 487] | CKO_CORE_BASELINE_CONSOLIDATION_REPORT.md [IDENTIFIER_REFERENCE; MEDIUM; line 488] | CKO_CORE_BASELINE_CONSOLIDATION_REPORT.md [IDENTIFIER_REFERENCE; MEDIUM; line 489] | CKO_CORE_BASELINE_CONSOLIDATION_REPORT.md [IDENTIFIER_REFERENCE; MEDIUM; line 490] | CKO_CORE_BASELINE_CONSOLIDATION_REPORT.md [IDENTIFIER_REFERENCE; MEDIUM; line 491] | CKO_CORE_BASELINE_CONSOLIDATION_REPORT.md [IDENTIFIER_REFERENCE; MEDIUM; line 492] | CKO_CORE_BASELINE_CONSOLIDATION_REPORT.md [IDENTIFIER_REFERENCE; MEDIUM; line 493] | CKO_CORE_BASELINE_CONSOLIDATION_REPORT.md [IDENTIFIER_REFERENCE; MEDIUM; line 494] | CKO_CORE_BASELINE_CONSOLIDATION_REPORT.md [IDENTIFIER_REFERENCE; MEDIUM; line 495] | CKO_CORE_BASELINE_CONSOLIDATION_REPORT.md [IDENTIFIER_REFERENCE; MEDIUM; line 496] | CKO_CORE_BASELINE_CONSOLIDATION_REPORT.md [IDENTIFIER_REFERENCE; MEDIUM; line 497] | CKO_CORE_BASELINE_CONSOLIDATION_REPORT.md [IDENTIFIER_REFERENCE; MEDIUM; line 498] | CKO_CORE_BASELINE_CONSOLIDATION_REPORT.md [IDENTIFIER_REFERENCE; MEDIUM; line 522] | CKO_CORE_BASELINE_CONSOLIDATION_REPORT.md [IDENTIFIER_REFERENCE; MEDIUM; line 523] | CKO_CORE_BASELINE_CONSOLIDATION_REPORT.md [IDENTIFIER_REFERENCE; MEDIUM; line 524] | CKO_CORE_BASELINE_CONSOLIDATION_REPORT.md [IDENTIFIER_REFERENCE; MEDIUM; line 525] | CKO_CORE_BASELINE_CONSOLIDATION_REPORT.md [IDENTIFIER_REFERENCE; MEDIUM; line 526] | CKO_CORE_BASELINE_CONSOLIDATION_REPORT.md [IDENTIFIER_REFERENCE; MEDIUM; line 527] | CKO_CORE_BASELINE_CONSOLIDATION_REPORT.md [IDENTIFIER_REFERENCE; MEDIUM; line 528] | CKO_CORE_BASELINE_CONSOLIDATION_REPORT.md [IDENTIFIER_REFERENCE; MEDIUM; line 529] | CKO_CORE_BASELINE_CONSOLIDATION_REPORT.md [IDENTIFIER_REFERENCE; MEDIUM; line 530] | CKO_CORE_BASELINE_CONSOLIDATION_REPORT.md [IDENTIFIER_REFERENCE; MEDIUM; line 531] | CKO_CORE_BASELINE_CONSOLIDATION_REPORT.md [IDENTIFIER_REFERENCE; MEDIUM; line 532] | CKO_CORE_BASELINE_CONSOLIDATION_REPORT.md [IDENTIFIER_REFERENCE; MEDIUM; line 533] | CKO_CORE_BASELINE_CONSOLIDATION_REPORT.md [IDENTIFIER_REFERENCE; MEDIUM; line 534] | CKO_CORE_BASELINE_CONSOLIDATION_REPORT.md [IDENTIFIER_REFERENCE; MEDIUM; line 535] | CKO_CORE_BASELINE_CONSOLIDATION_REPORT.md [IDENTIFIER_REFERENCE; MEDIUM; line 536] | CKO_CORE_BASELINE_CONSOLIDATION_REPORT.md [IDENTIFIER_REFERENCE; MEDIUM; line 537] | CKO_CORE_BASELINE_CONSOLIDATION_REPORT.md [IDENTIFIER_REFERENCE; MEDIUM; line 538] | CKO_CORE_BASELINE_CONSOLIDATION_REPORT.md [IDENTIFIER_REFERENCE; MEDIUM; line 539] | CKO_CORE_BASELINE_CONSOLIDATION_REPORT.md [IDENTIFIER_REFERENCE; MEDIUM; line 540] | CKO_CORE_BASELINE_CONSOLIDATION_REPORT.md [IDENTIFIER_REFERENCE; MEDIUM; line 541] | CKO_CORE_BASELINE_CONSOLIDATION_REPORT.md [IDENTIFIER_REFERENCE; MEDIUM; line 628] | CKO_CORE_BASELINE_CONSOLIDATION_REPORT.md [IDENTIFIER_REFERENCE; MEDIUM; line 634] | CKO_CORE_BASELINE_CONSOLIDATION_REPORT.md [IDENTIFIER_REFERENCE; MEDIUM; line 635] | CKO_CORE_BASELINE_CONSOLIDATION_REPORT.md [IDENTIFIER_REFERENCE; MEDIUM; line 636] | CKO_CORE_BASELINE_CONSOLIDATION_REPORT.md [IDENTIFIER_REFERENCE; MEDIUM; line 637] | CKO_CORE_BASELINE_CONSOLIDATION_REPORT.md [IDENTIFIER_REFERENCE; MEDIUM; line 639] | CKO_CORE_BASELINE_CONSOLIDATION_REPORT.md [IDENTIFIER_REFERENCE; MEDIUM; line 640] | CKO_CORE_BASELINE_CONSOLIDATION_REPORT.md [IDENTIFIER_REFERENCE; MEDIUM; line 67] | CKO_CORE_BASELINE_CONSOLIDATION_REPORT.md [PATH_REFERENCE; HIGH; line 283] | CKO_CORE_BASELINE_EXECUTION_REPORT.md [IDENTIFIER_REFERENCE; MEDIUM; line 356] | CKO_CORE_BASELINE_EXECUTION_REPORT.md [IDENTIFIER_REFERENCE; MEDIUM; line 363] | CKO_CORE_BASELINE_EXECUTION_REPORT.md [IDENTIFIER_REFERENCE; MEDIUM; line 375] | CKO_CORE_BASELINE_EXECUTION_REPORT.md [IDENTIFIER_REFERENCE; MEDIUM; line 56] | CKO_CORE_BASELINE_EXECUTION_REPORT.md [IDENTIFIER_REFERENCE; MEDIUM; line 605] | CKO_CORE_BASELINE_EXECUTION_REPORT.md [PATH_REFERENCE; HIGH; line 363] | CKO_CORE_V1_ARCHITECTURE_MAP.md [IDENTIFIER_REFERENCE; MEDIUM; line 100] | CKO_CORE_V1_ARCHITECTURE_MAP.md [IDENTIFIER_REFERENCE; MEDIUM; line 98] | CKO_CORE_V1_PUBLIC_API_CATALOG.md [IDENTIFIER_REFERENCE; MEDIUM; line 9] | CKO_CORPUS_API.md [IDENTIFIER_REFERENCE; MEDIUM; line 35] | CKO_CORPUS_ARCHITECTURE.md [IDENTIFIER_REFERENCE; MEDIUM; line 33] | CKO_KNOWLEDGE_OBJECT_ARCHITECTURE.md [IDENTIFIER_REFERENCE; MEDIUM; line 5] | CKO_KNOWLEDGE_OBJECT_VERSIONING.md [IDENTIFIER_REFERENCE; MEDIUM; line 13] | CKO_QUERY_ARCHITECTURE.md [IDENTIFIER_REFERENCE; MEDIUM; line 13] | docs/governance/GOV-006_PROJECT_DOSSIER.md [IDENTIFIER_REFERENCE; MEDIUM; line 112] | docs/governance/GOV-006_PROJECT_DOSSIER.md [IDENTIFIER_REFERENCE; MEDIUM; line 139] | docs/governance/GOV-006_PROJECT_DOSSIER.md [IDENTIFIER_REFERENCE; MEDIUM; line 191] | docs/governance/GOV-006_PROJECT_DOSSIER.md [IDENTIFIER_REFERENCE; MEDIUM; line 231] | docs/governance/GOV-006_PROJECT_DOSSIER.md [IDENTIFIER_REFERENCE; MEDIUM; line 246] | docs/governance/GOV-006_PROJECT_DOSSIER.md [IDENTIFIER_REFERENCE; MEDIUM; line 263] | docs/governance/GOV-006_PROJECT_DOSSIER.md [IDENTIFIER_REFERENCE; MEDIUM; line 417] | docs/governance/GOV-006_PROJECT_DOSSIER.md [IDENTIFIER_REFERENCE; MEDIUM; line 683] | docs/governance/OPS-004_REPOSITORY_CANONICAL_MIGRATION_PLAN.md [IDENTIFIER_REFERENCE; MEDIUM; line 68] | docs/governance/OPS-004_REPOSITORY_CANONICAL_MIGRATION_PLAN.md [IDENTIFIER_REFERENCE; MEDIUM; line 70] | docs/governance/OPS-004_REPOSITORY_CANONICAL_MIGRATION_PLAN.md [IDENTIFIER_REFERENCE; MEDIUM; line 71] | docs/governance/OPS-004_REPOSITORY_CANONICAL_MIGRATION_PLAN.md [IDENTIFIER_REFERENCE; MEDIUM; line 72] | docs/governance/OPS-004_REPOSITORY_CANONICAL_MIGRATION_PLAN.md [IDENTIFIER_REFERENCE; MEDIUM; line 74] | docs/governance/OPS-004_REPOSITORY_CANONICAL_MIGRATION_PLAN.md [IDENTIFIER_REFERENCE; MEDIUM; line 81] | docs/governance/OPS-004_REPOSITORY_CANONICAL_MIGRATION_PLAN.md [IDENTIFIER_REFERENCE; MEDIUM; line 85] | docs/governance/OPS-004_REPOSITORY_CANONICAL_MIGRATION_PLAN.md [IDENTIFIER_REFERENCE; MEDIUM; line 86] | GOV-005_PROJECT_EFFORT_AUDIT.md [IDENTIFIER_REFERENCE; MEDIUM; line 128] | GOV-005_PROJECT_EFFORT_AUDIT.md [IDENTIFIER_REFERENCE; MEDIUM; line 139] | GOV-005_PROJECT_EFFORT_AUDIT.md [IDENTIFIER_REFERENCE; MEDIUM; line 166] | GOV-005_PROJECT_EFFORT_AUDIT.md [IDENTIFIER_REFERENCE; MEDIUM; line 206] | GOV-005_PROJECT_EFFORT_AUDIT.md [IDENTIFIER_REFERENCE; MEDIUM; line 228] | GOV-005_PROJECT_EFFORT_AUDIT.md [IDENTIFIER_REFERENCE; MEDIUM; line 234] | GOV-005_PROJECT_EFFORT_AUDIT.md [IDENTIFIER_REFERENCE; MEDIUM; line 352] | GOV-005_PROJECT_EFFORT_AUDIT.md [IDENTIFIER_REFERENCE; MEDIUM; line 368] | GOV-005_PROJECT_EFFORT_AUDIT.md [IDENTIFIER_REFERENCE; MEDIUM; line 388] | GOV-005_PROJECT_EFFORT_AUDIT.md [IDENTIFIER_REFERENCE; MEDIUM; line 516] | GOV-005_PROJECT_EFFORT_AUDIT.md [IDENTIFIER_REFERENCE; MEDIUM; line 558] | README.md [IDENTIFIER_REFERENCE; MEDIUM; line 8] | ROADMAP.md [IDENTIFIER_REFERENCE; MEDIUM; line 6] | SPR009_ARCHITECTURE_CERTIFICATION_REPORT.md [IDENTIFIER_REFERENCE; MEDIUM; line 151] | SPR009_IMPLEMENTATION_REPORT.md [IDENTIFIER_REFERENCE; MEDIUM; line 5] | SPR011_IMPLEMENTATION_REPORT.md [IDENTIFIER_REFERENCE; MEDIUM; line 80] | SPR014_IMPLEMENTATION_REPORT.md [IDENTIFIER_REFERENCE; MEDIUM; line 71] | SPR015_IMPLEMENTATION_REPORT.md [IDENTIFIER_REFERENCE; MEDIUM; line 29] | SPR015_IMPLEMENTATION_REPORT.md [IDENTIFIER_REFERENCE; MEDIUM; line 6] | SPR016_IMPLEMENTATION_REPORT.md [IDENTIFIER_REFERENCE; MEDIUM; line 33] | SPR016_IMPLEMENTATION_REPORT.md [IDENTIFIER_REFERENCE; MEDIUM; line 44] | SPR016_IMPLEMENTATION_REPORT.md [IDENTIFIER_REFERENCE; MEDIUM; line 51] | SPR016_IMPLEMENTATION_REPORT.md [IDENTIFIER_REFERENCE; MEDIUM; line 6] | SPR016_PREIMPLEMENTATION_ARCHITECTURE_AUDIT.md [IDENTIFIER_REFERENCE; MEDIUM; line 10] | SPR016_PREIMPLEMENTATION_ARCHITECTURE_AUDIT.md [IDENTIFIER_REFERENCE; MEDIUM; line 24] | SPR016_PREIMPLEMENTATION_ARCHITECTURE_AUDIT.md [IDENTIFIER_REFERENCE; MEDIUM; line 30] | SPR016_PREIMPLEMENTATION_ARCHITECTURE_AUDIT.md [IDENTIFIER_REFERENCE; MEDIUM; line 34] | SPR016_PREIMPLEMENTATION_ARCHITECTURE_AUDIT.md [IDENTIFIER_REFERENCE; MEDIUM; line 36] | SPR016_PREIMPLEMENTATION_ARCHITECTURE_AUDIT.md [IDENTIFIER_REFERENCE; MEDIUM; line 66] | SPR017_HOMOLOGATION_REPORT.md [IDENTIFIER_REFERENCE; MEDIUM; line 45] | SPR017_HOMOLOGATION_REPORT.md [IDENTIFIER_REFERENCE; MEDIUM; line 92] | SPR017_IMPLEMENTATION_REPORT.md [IDENTIFIER_REFERENCE; MEDIUM; line 160] | SPR017_IMPLEMENTATION_REPORT.md [IDENTIFIER_REFERENCE; MEDIUM; line 88] | SPR017_PREIMPLEMENTATION_ARCHITECTURE_AUDIT.md [IDENTIFIER_REFERENCE; MEDIUM; line 17] | SPR017_PREIMPLEMENTATION_ARCHITECTURE_AUDIT.md [IDENTIFIER_REFERENCE; MEDIUM; line 18] | SPR017_PREIMPLEMENTATION_ARCHITECTURE_AUDIT.md [IDENTIFIER_REFERENCE; MEDIUM; line 190] | SPR017_PREIMPLEMENTATION_ARCHITECTURE_AUDIT.md [IDENTIFIER_REFERENCE; MEDIUM; line 199] | SPR017_PREIMPLEMENTATION_ARCHITECTURE_AUDIT.md [IDENTIFIER_REFERENCE; MEDIUM; line 257] | SPR017_PREIMPLEMENTATION_ARCHITECTURE_AUDIT.md [IDENTIFIER_REFERENCE; MEDIUM; line 269] | SPR017_PREIMPLEMENTATION_ARCHITECTURE_AUDIT.md [IDENTIFIER_REFERENCE; MEDIUM; line 411] | SPR017_PREIMPLEMENTATION_ARCHITECTURE_AUDIT.md [IDENTIFIER_REFERENCE; MEDIUM; line 44] | SPR017_PREIMPLEMENTATION_ARCHITECTURE_AUDIT.md [IDENTIFIER_REFERENCE; MEDIUM; line 61] | SPR017_PREIMPLEMENTATION_ARCHITECTURE_AUDIT.md [IDENTIFIER_REFERENCE; MEDIUM; line 63] | SPR017_PREIMPLEMENTATION_ARCHITECTURE_AUDIT.md [IDENTIFIER_REFERENCE; MEDIUM; line 73] | SPR017_PREIMPLEMENTATION_ARCHITECTURE_AUDIT.md [IDENTIFIER_REFERENCE; MEDIUM; line 86] | SPR017_PREIMPLEMENTATION_ARCHITECTURE_AUDIT.md [IDENTIFIER_REFERENCE; MEDIUM; line 95] | SPR017_PREIMPLEMENTATION_ARCHITECTURE_AUDIT.md [IDENTIFIER_REFERENCE; MEDIUM; line 97] | SPR017_PREIMPLEMENTATION_ARCHITECTURE_AUDIT.md [IDENTIFIER_REFERENCE; MEDIUM; line 9] | SPR017_TECHNICAL_SPECIFICATION.md [IDENTIFIER_REFERENCE; MEDIUM; line 152] | SPR017_TECHNICAL_SPECIFICATION.md [IDENTIFIER_REFERENCE; MEDIUM; line 30] | SPR017_TECHNICAL_SPECIFICATION.md [IDENTIFIER_REFERENCE; MEDIUM; line 34] | SPR017_TECHNICAL_SPECIFICATION.md [IDENTIFIER_REFERENCE; MEDIUM; line 506] | SPR017_TECHNICAL_SPECIFICATION.md [IDENTIFIER_REFERENCE; MEDIUM; line 52] | SPR017_TECHNICAL_SPECIFICATION.md [IDENTIFIER_REFERENCE; MEDIUM; line 53] | SPR017_TECHNICAL_SPECIFICATION.md [IDENTIFIER_REFERENCE; MEDIUM; line 571] | SPR017_TECHNICAL_SPECIFICATION.md [IDENTIFIER_REFERENCE; MEDIUM; line 579] | SPR017_TECHNICAL_SPECIFICATION.md [IDENTIFIER_REFERENCE; MEDIUM; line 587] | SPR017_TECHNICAL_SPECIFICATION.md [IDENTIFIER_REFERENCE; MEDIUM; line 588] | SPR017_TECHNICAL_SPECIFICATION.md [IDENTIFIER_REFERENCE; MEDIUM; line 621] | SPR017_TECHNICAL_SPECIFICATION.md [IDENTIFIER_REFERENCE; MEDIUM; line 767] | SPR017_TECHNICAL_SPECIFICATION_AUDIT.md [IDENTIFIER_REFERENCE; MEDIUM; line 22] | SPR017E_NOVA_AUDITORIA_FORMAL.md [IDENTIFIER_REFERENCE; MEDIUM; line 220] | SPR017E_NOVA_AUDITORIA_FORMAL.md [IDENTIFIER_REFERENCE; MEDIUM; line 222] | SPR017E_NOVA_AUDITORIA_FORMAL.md [IDENTIFIER_REFERENCE; MEDIUM; line 361] | SPR017E_NOVA_AUDITORIA_FORMAL.md [IDENTIFIER_REFERENCE; MEDIUM; line 53] | SPR018_DISCOVERY_AND_SCOPE.md [IDENTIFIER_REFERENCE; MEDIUM; line 119] | SPR018_DISCOVERY_AND_SCOPE.md [IDENTIFIER_REFERENCE; MEDIUM; line 148] | SPR018_DISCOVERY_AND_SCOPE.md [IDENTIFIER_REFERENCE; MEDIUM; line 180] | SPR018_DISCOVERY_AND_SCOPE.md [IDENTIFIER_REFERENCE; MEDIUM; line 40] | SPR018_DISCOVERY_AND_SCOPE.md [IDENTIFIER_REFERENCE; MEDIUM; line 42] | SPR018_DISCOVERY_AND_SCOPE.md [IDENTIFIER_REFERENCE; MEDIUM; line 70] | SPR018_DISCOVERY_AND_SCOPE.md [IDENTIFIER_REFERENCE; MEDIUM; line 97] | SPR018_DISCOVERY_AND_SCOPE.md [IDENTIFIER_REFERENCE; MEDIUM; line 99] | tests/test_knowledge_corpus_foundation_spr016.py [IDENTIFIER_REFERENCE; MEDIUM; line 340] | tests/test_knowledge_object_foundation_spr010.py [IDENTIFIER_REFERENCE; MEDIUM; line 1],7,CKO_BUILD.cmd [PATH_REFERENCE; HIGH; line 57] | CKO_KNOWLEDGE_OBJECT_API.md [PATH_REFERENCE; HIGH; line 81] | CKO_KNOWLEDGE_OBJECT_ARCHITECTURE.md [PATH_REFERENCE; HIGH; line 78] | CKO_KNOWLEDGE_OBJECT_SERIALIZATION.md [PATH_REFERENCE; HIGH; line 79] | CKO_KNOWLEDGE_OBJECT_VERSIONING.md [PATH_REFERENCE; HIGH; line 80] | CKO_TESTS.cmd [PATH_REFERENCE; HIGH; line 45] | docs/sprint/CKO-SPR-005A_TERMO_OFICIAL.md [IDENTIFIER_REFERENCE; MEDIUM; line 51],8,255,HIGH_REFERENCE_RISK,HIGH,YES,Confirmed HIGH/MEDIUM references recorded in AUD-004 reference matrix.
INV-0155,SPR011_IMPLEMENTATION_REPORT.md,MOVE,YES,CKO_CORE_BASELINE_CONSOLIDATION_REPORT.md [IDENTIFIER_REFERENCE; MEDIUM; line 141] | CKO_CORE_BASELINE_CONSOLIDATION_REPORT.md [IDENTIFIER_REFERENCE; MEDIUM; line 216] | CKO_CORE_BASELINE_CONSOLIDATION_REPORT.md [IDENTIFIER_REFERENCE; MEDIUM; line 217] | CKO_CORE_BASELINE_CONSOLIDATION_REPORT.md [IDENTIFIER_REFERENCE; MEDIUM; line 218] | CKO_CORE_BASELINE_CONSOLIDATION_REPORT.md [IDENTIFIER_REFERENCE; MEDIUM; line 219] | CKO_CORE_BASELINE_CONSOLIDATION_REPORT.md [IDENTIFIER_REFERENCE; MEDIUM; line 284] | CKO_CORE_BASELINE_CONSOLIDATION_REPORT.md [IDENTIFIER_REFERENCE; MEDIUM; line 432] | CKO_CORE_BASELINE_CONSOLIDATION_REPORT.md [IDENTIFIER_REFERENCE; MEDIUM; line 433] | CKO_CORE_BASELINE_CONSOLIDATION_REPORT.md [IDENTIFIER_REFERENCE; MEDIUM; line 434] | CKO_CORE_BASELINE_CONSOLIDATION_REPORT.md [IDENTIFIER_REFERENCE; MEDIUM; line 435] | CKO_CORE_BASELINE_CONSOLIDATION_REPORT.md [IDENTIFIER_REFERENCE; MEDIUM; line 436] | CKO_CORE_BASELINE_CONSOLIDATION_REPORT.md [IDENTIFIER_REFERENCE; MEDIUM; line 437] | CKO_CORE_BASELINE_CONSOLIDATION_REPORT.md [IDENTIFIER_REFERENCE; MEDIUM; line 438] | CKO_CORE_BASELINE_CONSOLIDATION_REPORT.md [IDENTIFIER_REFERENCE; MEDIUM; line 439] | CKO_CORE_BASELINE_CONSOLIDATION_REPORT.md [IDENTIFIER_REFERENCE; MEDIUM; line 440] | CKO_CORE_BASELINE_CONSOLIDATION_REPORT.md [IDENTIFIER_REFERENCE; MEDIUM; line 441] | CKO_CORE_BASELINE_CONSOLIDATION_REPORT.md [IDENTIFIER_REFERENCE; MEDIUM; line 628] | CKO_CORE_BASELINE_CONSOLIDATION_REPORT.md [PATH_REFERENCE; HIGH; line 284] | CKO_CORE_BASELINE_EXECUTION_REPORT.md [IDENTIFIER_REFERENCE; MEDIUM; line 379] | CKO_CORE_BASELINE_EXECUTION_REPORT.md [IDENTIFIER_REFERENCE; MEDIUM; line 386] | CKO_CORE_BASELINE_EXECUTION_REPORT.md [IDENTIFIER_REFERENCE; MEDIUM; line 397] | CKO_CORE_BASELINE_EXECUTION_REPORT.md [IDENTIFIER_REFERENCE; MEDIUM; line 57] | CKO_CORE_BASELINE_EXECUTION_REPORT.md [PATH_REFERENCE; HIGH; line 386] | CKO_CORPUS_ARCHITECTURE.md [IDENTIFIER_REFERENCE; MEDIUM; line 34] | CKO_QUERY_ARCHITECTURE.md [IDENTIFIER_REFERENCE; MEDIUM; line 14] | docs/governance/GOV-006_PROJECT_DOSSIER.md [IDENTIFIER_REFERENCE; MEDIUM; line 418] | docs/governance/OPS-004_REPOSITORY_CANONICAL_MIGRATION_PLAN.md [IDENTIFIER_REFERENCE; MEDIUM; line 71] | docs/governance/OPS-004_REPOSITORY_CANONICAL_MIGRATION_PLAN.md [IDENTIFIER_REFERENCE; MEDIUM; line 72] | docs/governance/OPS-004_REPOSITORY_CANONICAL_MIGRATION_PLAN.md [IDENTIFIER_REFERENCE; MEDIUM; line 86] | GOV-005_PROJECT_EFFORT_AUDIT.md [IDENTIFIER_REFERENCE; MEDIUM; line 140] | ROADMAP.md [IDENTIFIER_REFERENCE; MEDIUM; line 7] | SPR012_IMPLEMENTATION_REPORT.md [IDENTIFIER_REFERENCE; MEDIUM; line 126] | SPR013_IMPLEMENTATION_REPORT.md [IDENTIFIER_REFERENCE; MEDIUM; line 34] | SPR016_PREIMPLEMENTATION_ARCHITECTURE_AUDIT.md [IDENTIFIER_REFERENCE; MEDIUM; line 25] | SPR016_PREIMPLEMENTATION_ARCHITECTURE_AUDIT.md [IDENTIFIER_REFERENCE; MEDIUM; line 37] | SPR017_PREIMPLEMENTATION_ARCHITECTURE_AUDIT.md [IDENTIFIER_REFERENCE; MEDIUM; line 19] | SPR017_PREIMPLEMENTATION_ARCHITECTURE_AUDIT.md [IDENTIFIER_REFERENCE; MEDIUM; line 207] | SPR017_PREIMPLEMENTATION_ARCHITECTURE_AUDIT.md [IDENTIFIER_REFERENCE; MEDIUM; line 87] | SPR017_TECHNICAL_SPECIFICATION.md [IDENTIFIER_REFERENCE; MEDIUM; line 507] | tests/test_document_canonical_model_spr011.py [IDENTIFIER_REFERENCE; MEDIUM; line 1],YES,DOCUMENTARY_DEPENDENCY | OPERATIONAL_DEPENDENCY,42,CKO_CORE_BASELINE_CONSOLIDATION_REPORT.md [IDENTIFIER_REFERENCE; MEDIUM; line 141] | CKO_CORE_BASELINE_CONSOLIDATION_REPORT.md [IDENTIFIER_REFERENCE; MEDIUM; line 216] | CKO_CORE_BASELINE_CONSOLIDATION_REPORT.md [IDENTIFIER_REFERENCE; MEDIUM; line 217] | CKO_CORE_BASELINE_CONSOLIDATION_REPORT.md [IDENTIFIER_REFERENCE; MEDIUM; line 218] | CKO_CORE_BASELINE_CONSOLIDATION_REPORT.md [IDENTIFIER_REFERENCE; MEDIUM; line 219] | CKO_CORE_BASELINE_CONSOLIDATION_REPORT.md [IDENTIFIER_REFERENCE; MEDIUM; line 284] | CKO_CORE_BASELINE_CONSOLIDATION_REPORT.md [IDENTIFIER_REFERENCE; MEDIUM; line 432] | CKO_CORE_BASELINE_CONSOLIDATION_REPORT.md [IDENTIFIER_REFERENCE; MEDIUM; line 433] | CKO_CORE_BASELINE_CONSOLIDATION_REPORT.md [IDENTIFIER_REFERENCE; MEDIUM; line 434] | CKO_CORE_BASELINE_CONSOLIDATION_REPORT.md [IDENTIFIER_REFERENCE; MEDIUM; line 435] | CKO_CORE_BASELINE_CONSOLIDATION_REPORT.md [IDENTIFIER_REFERENCE; MEDIUM; line 436] | CKO_CORE_BASELINE_CONSOLIDATION_REPORT.md [IDENTIFIER_REFERENCE; MEDIUM; line 437] | CKO_CORE_BASELINE_CONSOLIDATION_REPORT.md [IDENTIFIER_REFERENCE; MEDIUM; line 438] | CKO_CORE_BASELINE_CONSOLIDATION_REPORT.md [IDENTIFIER_REFERENCE; MEDIUM; line 439] | CKO_CORE_BASELINE_CONSOLIDATION_REPORT.md [IDENTIFIER_REFERENCE; MEDIUM; line 440] | CKO_CORE_BASELINE_CONSOLIDATION_REPORT.md [IDENTIFIER_REFERENCE; MEDIUM; line 441] | CKO_CORE_BASELINE_CONSOLIDATION_REPORT.md [IDENTIFIER_REFERENCE; MEDIUM; line 628] | CKO_CORE_BASELINE_CONSOLIDATION_REPORT.md [PATH_REFERENCE; HIGH; line 284] | CKO_CORE_BASELINE_EXECUTION_REPORT.md [IDENTIFIER_REFERENCE; MEDIUM; line 379] | CKO_CORE_BASELINE_EXECUTION_REPORT.md [IDENTIFIER_REFERENCE; MEDIUM; line 386] | CKO_CORE_BASELINE_EXECUTION_REPORT.md [IDENTIFIER_REFERENCE; MEDIUM; line 397] | CKO_CORE_BASELINE_EXECUTION_REPORT.md [IDENTIFIER_REFERENCE; MEDIUM; line 57] | CKO_CORE_BASELINE_EXECUTION_REPORT.md [PATH_REFERENCE; HIGH; line 386] | CKO_CORPUS_ARCHITECTURE.md [IDENTIFIER_REFERENCE; MEDIUM; line 34] | CKO_QUERY_ARCHITECTURE.md [IDENTIFIER_REFERENCE; MEDIUM; line 14] | docs/governance/GOV-006_PROJECT_DOSSIER.md [IDENTIFIER_REFERENCE; MEDIUM; line 418] | docs/governance/OPS-004_REPOSITORY_CANONICAL_MIGRATION_PLAN.md [IDENTIFIER_REFERENCE; MEDIUM; line 71] | docs/governance/OPS-004_REPOSITORY_CANONICAL_MIGRATION_PLAN.md [IDENTIFIER_REFERENCE; MEDIUM; line 72] | docs/governance/OPS-004_REPOSITORY_CANONICAL_MIGRATION_PLAN.md [IDENTIFIER_REFERENCE; MEDIUM; line 86] | GOV-005_PROJECT_EFFORT_AUDIT.md [IDENTIFIER_REFERENCE; MEDIUM; line 140] | ROADMAP.md [IDENTIFIER_REFERENCE; MEDIUM; line 7] | SPR012_IMPLEMENTATION_REPORT.md [IDENTIFIER_REFERENCE; MEDIUM; line 126] | SPR013_IMPLEMENTATION_REPORT.md [IDENTIFIER_REFERENCE; MEDIUM; line 34] | SPR016_PREIMPLEMENTATION_ARCHITECTURE_AUDIT.md [IDENTIFIER_REFERENCE; MEDIUM; line 25] | SPR016_PREIMPLEMENTATION_ARCHITECTURE_AUDIT.md [IDENTIFIER_REFERENCE; MEDIUM; line 37] | SPR017_PREIMPLEMENTATION_ARCHITECTURE_AUDIT.md [IDENTIFIER_REFERENCE; MEDIUM; line 19] | SPR017_PREIMPLEMENTATION_ARCHITECTURE_AUDIT.md [IDENTIFIER_REFERENCE; MEDIUM; line 207] | SPR017_PREIMPLEMENTATION_ARCHITECTURE_AUDIT.md [IDENTIFIER_REFERENCE; MEDIUM; line 87] | SPR017_TECHNICAL_SPECIFICATION.md [IDENTIFIER_REFERENCE; MEDIUM; line 507] | tests/test_document_canonical_model_spr011.py [IDENTIFIER_REFERENCE; MEDIUM; line 1],3,CKO_BUILD.cmd [PATH_REFERENCE; HIGH; line 68] | docs/sprint/CKO-SPR-005A_TERMO_OFICIAL.md [IDENTIFIER_REFERENCE; MEDIUM; line 62] | SPR010_IMPLEMENTATION_REPORT.md [IDENTIFIER_REFERENCE; MEDIUM; line 80],3,42,HIGH_REFERENCE_RISK,HIGH,YES,Confirmed HIGH/MEDIUM references recorded in AUD-004 reference matrix.
INV-0156,SPR012_IMPLEMENTATION_REPORT.md,MOVE,YES,CKO_CORE_BASELINE_CONSOLIDATION_REPORT.md [IDENTIFIER_REFERENCE; MEDIUM; line 142] | CKO_CORE_BASELINE_CONSOLIDATION_REPORT.md [IDENTIFIER_REFERENCE; MEDIUM; line 244] | CKO_CORE_BASELINE_CONSOLIDATION_REPORT.md [IDENTIFIER_REFERENCE; MEDIUM; line 245] | CKO_CORE_BASELINE_CONSOLIDATION_REPORT.md [IDENTIFIER_REFERENCE; MEDIUM; line 246] | CKO_CORE_BASELINE_CONSOLIDATION_REPORT.md [IDENTIFIER_REFERENCE; MEDIUM; line 247] | CKO_CORE_BASELINE_CONSOLIDATION_REPORT.md [IDENTIFIER_REFERENCE; MEDIUM; line 285] | CKO_CORE_BASELINE_CONSOLIDATION_REPORT.md [IDENTIFIER_REFERENCE; MEDIUM; line 495] | CKO_CORE_BASELINE_CONSOLIDATION_REPORT.md [IDENTIFIER_REFERENCE; MEDIUM; line 532] | CKO_CORE_BASELINE_CONSOLIDATION_REPORT.md [IDENTIFIER_REFERENCE; MEDIUM; line 533] | CKO_CORE_BASELINE_CONSOLIDATION_REPORT.md [IDENTIFIER_REFERENCE; MEDIUM; line 534] | CKO_CORE_BASELINE_CONSOLIDATION_REPORT.md [IDENTIFIER_REFERENCE; MEDIUM; line 535] | CKO_CORE_BASELINE_CONSOLIDATION_REPORT.md [IDENTIFIER_REFERENCE; MEDIUM; line 536] | CKO_CORE_BASELINE_CONSOLIDATION_REPORT.md [IDENTIFIER_REFERENCE; MEDIUM; line 537] | CKO_CORE_BASELINE_CONSOLIDATION_REPORT.md [IDENTIFIER_REFERENCE; MEDIUM; line 538] | CKO_CORE_BASELINE_CONSOLIDATION_REPORT.md [IDENTIFIER_REFERENCE; MEDIUM; line 539] | CKO_CORE_BASELINE_CONSOLIDATION_REPORT.md [IDENTIFIER_REFERENCE; MEDIUM; line 540] | CKO_CORE_BASELINE_CONSOLIDATION_REPORT.md [IDENTIFIER_REFERENCE; MEDIUM; line 541] | CKO_CORE_BASELINE_CONSOLIDATION_REPORT.md [IDENTIFIER_REFERENCE; MEDIUM; line 640] | CKO_CORE_BASELINE_CONSOLIDATION_REPORT.md [PATH_REFERENCE; HIGH; line 285] | CKO_CORE_BASELINE_EXECUTION_REPORT.md [IDENTIFIER_REFERENCE; MEDIUM; line 401] | CKO_CORE_BASELINE_EXECUTION_REPORT.md [IDENTIFIER_REFERENCE; MEDIUM; line 408] | CKO_CORE_BASELINE_EXECUTION_REPORT.md [IDENTIFIER_REFERENCE; MEDIUM; line 420] | CKO_CORE_BASELINE_EXECUTION_REPORT.md [IDENTIFIER_REFERENCE; MEDIUM; line 58] | CKO_CORE_BASELINE_EXECUTION_REPORT.md [PATH_REFERENCE; HIGH; line 408] | CKO_CORPUS_ARCHITECTURE.md [IDENTIFIER_REFERENCE; MEDIUM; line 35] | CKO_QUERY_ARCHITECTURE.md [IDENTIFIER_REFERENCE; MEDIUM; line 15] | CKO_RELATIONSHIP_API.md [IDENTIFIER_REFERENCE; MEDIUM; line 5] | CKO_RELATIONSHIP_ARCHITECTURE.md [IDENTIFIER_REFERENCE; MEDIUM; line 5] | CKO_RELATIONSHIP_ARCHITECTURE.md [IDENTIFIER_REFERENCE; MEDIUM; line 77] | CKO_RELATIONSHIP_MODEL_GUIDE.md [IDENTIFIER_REFERENCE; MEDIUM; line 34] | docs/governance/GOV-006_PROJECT_DOSSIER.md [IDENTIFIER_REFERENCE; MEDIUM; line 419] | docs/governance/OPS-004_REPOSITORY_CANONICAL_MIGRATION_PLAN.md [IDENTIFIER_REFERENCE; MEDIUM; line 71] | docs/governance/OPS-004_REPOSITORY_CANONICAL_MIGRATION_PLAN.md [IDENTIFIER_REFERENCE; MEDIUM; line 72] | docs/governance/OPS-004_REPOSITORY_CANONICAL_MIGRATION_PLAN.md [IDENTIFIER_REFERENCE; MEDIUM; line 86] | GOV-005_PROJECT_EFFORT_AUDIT.md [IDENTIFIER_REFERENCE; MEDIUM; line 141] | ROADMAP.md [IDENTIFIER_REFERENCE; MEDIUM; line 8] | SPR016_PREIMPLEMENTATION_ARCHITECTURE_AUDIT.md [IDENTIFIER_REFERENCE; MEDIUM; line 26] | SPR016_PREIMPLEMENTATION_ARCHITECTURE_AUDIT.md [IDENTIFIER_REFERENCE; MEDIUM; line 38] | SPR017_PREIMPLEMENTATION_ARCHITECTURE_AUDIT.md [IDENTIFIER_REFERENCE; MEDIUM; line 191] | SPR017_PREIMPLEMENTATION_ARCHITECTURE_AUDIT.md [IDENTIFIER_REFERENCE; MEDIUM; line 20] | SPR017_PREIMPLEMENTATION_ARCHITECTURE_AUDIT.md [IDENTIFIER_REFERENCE; MEDIUM; line 88] | SPR017_TECHNICAL_SPECIFICATION.md [IDENTIFIER_REFERENCE; MEDIUM; line 508] | tests/test_knowledge_relationship_foundation_spr012.py [IDENTIFIER_REFERENCE; MEDIUM; line 1],YES,DOCUMENTARY_DEPENDENCY | OPERATIONAL_DEPENDENCY,45,CKO_CORE_BASELINE_CONSOLIDATION_REPORT.md [IDENTIFIER_REFERENCE; MEDIUM; line 142] | CKO_CORE_BASELINE_CONSOLIDATION_REPORT.md [IDENTIFIER_REFERENCE; MEDIUM; line 244] | CKO_CORE_BASELINE_CONSOLIDATION_REPORT.md [IDENTIFIER_REFERENCE; MEDIUM; line 245] | CKO_CORE_BASELINE_CONSOLIDATION_REPORT.md [IDENTIFIER_REFERENCE; MEDIUM; line 246] | CKO_CORE_BASELINE_CONSOLIDATION_REPORT.md [IDENTIFIER_REFERENCE; MEDIUM; line 247] | CKO_CORE_BASELINE_CONSOLIDATION_REPORT.md [IDENTIFIER_REFERENCE; MEDIUM; line 285] | CKO_CORE_BASELINE_CONSOLIDATION_REPORT.md [IDENTIFIER_REFERENCE; MEDIUM; line 495] | CKO_CORE_BASELINE_CONSOLIDATION_REPORT.md [IDENTIFIER_REFERENCE; MEDIUM; line 532] | CKO_CORE_BASELINE_CONSOLIDATION_REPORT.md [IDENTIFIER_REFERENCE; MEDIUM; line 533] | CKO_CORE_BASELINE_CONSOLIDATION_REPORT.md [IDENTIFIER_REFERENCE; MEDIUM; line 534] | CKO_CORE_BASELINE_CONSOLIDATION_REPORT.md [IDENTIFIER_REFERENCE; MEDIUM; line 535] | CKO_CORE_BASELINE_CONSOLIDATION_REPORT.md [IDENTIFIER_REFERENCE; MEDIUM; line 536] | CKO_CORE_BASELINE_CONSOLIDATION_REPORT.md [IDENTIFIER_REFERENCE; MEDIUM; line 537] | CKO_CORE_BASELINE_CONSOLIDATION_REPORT.md [IDENTIFIER_REFERENCE; MEDIUM; line 538] | CKO_CORE_BASELINE_CONSOLIDATION_REPORT.md [IDENTIFIER_REFERENCE; MEDIUM; line 539] | CKO_CORE_BASELINE_CONSOLIDATION_REPORT.md [IDENTIFIER_REFERENCE; MEDIUM; line 540] | CKO_CORE_BASELINE_CONSOLIDATION_REPORT.md [IDENTIFIER_REFERENCE; MEDIUM; line 541] | CKO_CORE_BASELINE_CONSOLIDATION_REPORT.md [IDENTIFIER_REFERENCE; MEDIUM; line 640] | CKO_CORE_BASELINE_CONSOLIDATION_REPORT.md [PATH_REFERENCE; HIGH; line 285] | CKO_CORE_BASELINE_EXECUTION_REPORT.md [IDENTIFIER_REFERENCE; MEDIUM; line 401] | CKO_CORE_BASELINE_EXECUTION_REPORT.md [IDENTIFIER_REFERENCE; MEDIUM; line 408] | CKO_CORE_BASELINE_EXECUTION_REPORT.md [IDENTIFIER_REFERENCE; MEDIUM; line 420] | CKO_CORE_BASELINE_EXECUTION_REPORT.md [IDENTIFIER_REFERENCE; MEDIUM; line 58] | CKO_CORE_BASELINE_EXECUTION_REPORT.md [PATH_REFERENCE; HIGH; line 408] | CKO_CORPUS_ARCHITECTURE.md [IDENTIFIER_REFERENCE; MEDIUM; line 35] | CKO_QUERY_ARCHITECTURE.md [IDENTIFIER_REFERENCE; MEDIUM; line 15] | CKO_RELATIONSHIP_API.md [IDENTIFIER_REFERENCE; MEDIUM; line 5] | CKO_RELATIONSHIP_ARCHITECTURE.md [IDENTIFIER_REFERENCE; MEDIUM; line 5] | CKO_RELATIONSHIP_ARCHITECTURE.md [IDENTIFIER_REFERENCE; MEDIUM; line 77] | CKO_RELATIONSHIP_MODEL_GUIDE.md [IDENTIFIER_REFERENCE; MEDIUM; line 34] | docs/governance/GOV-006_PROJECT_DOSSIER.md [IDENTIFIER_REFERENCE; MEDIUM; line 419] | docs/governance/OPS-004_REPOSITORY_CANONICAL_MIGRATION_PLAN.md [IDENTIFIER_REFERENCE; MEDIUM; line 71] | docs/governance/OPS-004_REPOSITORY_CANONICAL_MIGRATION_PLAN.md [IDENTIFIER_REFERENCE; MEDIUM; line 72] | docs/governance/OPS-004_REPOSITORY_CANONICAL_MIGRATION_PLAN.md [IDENTIFIER_REFERENCE; MEDIUM; line 86] | GOV-005_PROJECT_EFFORT_AUDIT.md [IDENTIFIER_REFERENCE; MEDIUM; line 141] | ROADMAP.md [IDENTIFIER_REFERENCE; MEDIUM; line 8] | SPR016_PREIMPLEMENTATION_ARCHITECTURE_AUDIT.md [IDENTIFIER_REFERENCE; MEDIUM; line 26] | SPR016_PREIMPLEMENTATION_ARCHITECTURE_AUDIT.md [IDENTIFIER_REFERENCE; MEDIUM; line 38] | SPR017_PREIMPLEMENTATION_ARCHITECTURE_AUDIT.md [IDENTIFIER_REFERENCE; MEDIUM; line 191] | SPR017_PREIMPLEMENTATION_ARCHITECTURE_AUDIT.md [IDENTIFIER_REFERENCE; MEDIUM; line 20] | SPR017_PREIMPLEMENTATION_ARCHITECTURE_AUDIT.md [IDENTIFIER_REFERENCE; MEDIUM; line 88] | SPR017_TECHNICAL_SPECIFICATION.md [IDENTIFIER_REFERENCE; MEDIUM; line 508] | tests/test_knowledge_relationship_foundation_spr012.py [IDENTIFIER_REFERENCE; MEDIUM; line 1],7,CKO_BUILD.cmd [PATH_REFERENCE; HIGH; line 130] | CKO_RELATIONSHIP_API.md [PATH_REFERENCE; HIGH; line 43] | CKO_RELATIONSHIP_ARCHITECTURE.md [PATH_REFERENCE; HIGH; line 41] | CKO_RELATIONSHIP_MODEL_GUIDE.md [PATH_REFERENCE; HIGH; line 44] | CKO_RELATIONSHIP_SERIALIZATION.md [PATH_REFERENCE; HIGH; line 42] | docs/sprint/CKO-SPR-005A_TERMO_OFICIAL.md [IDENTIFIER_REFERENCE; MEDIUM; line 122] | SPR011_IMPLEMENTATION_REPORT.md [IDENTIFIER_REFERENCE; MEDIUM; line 126],7,45,HIGH_REFERENCE_RISK,HIGH,YES,Confirmed HIGH/MEDIUM references recorded in AUD-004 reference matrix.
INV-0157,SPR013_IMPLEMENTATION_REPORT.md,MOVE,YES,CKO_CORE_BASELINE_CONSOLIDATION_REPORT.md [IDENTIFIER_REFERENCE; MEDIUM; line 143] | CKO_CORE_BASELINE_CONSOLIDATION_REPORT.md [IDENTIFIER_REFERENCE; MEDIUM; line 220] | CKO_CORE_BASELINE_CONSOLIDATION_REPORT.md [IDENTIFIER_REFERENCE; MEDIUM; line 221] | CKO_CORE_BASELINE_CONSOLIDATION_REPORT.md [IDENTIFIER_REFERENCE; MEDIUM; line 222] | CKO_CORE_BASELINE_CONSOLIDATION_REPORT.md [IDENTIFIER_REFERENCE; MEDIUM; line 223] | CKO_CORE_BASELINE_CONSOLIDATION_REPORT.md [IDENTIFIER_REFERENCE; MEDIUM; line 224] | CKO_CORE_BASELINE_CONSOLIDATION_REPORT.md [IDENTIFIER_REFERENCE; MEDIUM; line 286] | CKO_CORE_BASELINE_CONSOLIDATION_REPORT.md [IDENTIFIER_REFERENCE; MEDIUM; line 451] | CKO_CORE_BASELINE_CONSOLIDATION_REPORT.md [IDENTIFIER_REFERENCE; MEDIUM; line 452] | CKO_CORE_BASELINE_CONSOLIDATION_REPORT.md [IDENTIFIER_REFERENCE; MEDIUM; line 453] | CKO_CORE_BASELINE_CONSOLIDATION_REPORT.md [IDENTIFIER_REFERENCE; MEDIUM; line 454] | CKO_CORE_BASELINE_CONSOLIDATION_REPORT.md [IDENTIFIER_REFERENCE; MEDIUM; line 455] | CKO_CORE_BASELINE_CONSOLIDATION_REPORT.md [IDENTIFIER_REFERENCE; MEDIUM; line 456] | CKO_CORE_BASELINE_CONSOLIDATION_REPORT.md [IDENTIFIER_REFERENCE; MEDIUM; line 458] | CKO_CORE_BASELINE_CONSOLIDATION_REPORT.md [IDENTIFIER_REFERENCE; MEDIUM; line 459] | CKO_CORE_BASELINE_CONSOLIDATION_REPORT.md [IDENTIFIER_REFERENCE; MEDIUM; line 460] | CKO_CORE_BASELINE_CONSOLIDATION_REPORT.md [IDENTIFIER_REFERENCE; MEDIUM; line 461] | CKO_CORE_BASELINE_CONSOLIDATION_REPORT.md [IDENTIFIER_REFERENCE; MEDIUM; line 462] | CKO_CORE_BASELINE_CONSOLIDATION_REPORT.md [IDENTIFIER_REFERENCE; MEDIUM; line 635] | CKO_CORE_BASELINE_CONSOLIDATION_REPORT.md [PATH_REFERENCE; HIGH; line 286] | CKO_CORE_BASELINE_EXECUTION_REPORT.md [IDENTIFIER_REFERENCE; MEDIUM; line 424] | CKO_CORE_BASELINE_EXECUTION_REPORT.md [IDENTIFIER_REFERENCE; MEDIUM; line 432] | CKO_CORE_BASELINE_EXECUTION_REPORT.md [IDENTIFIER_REFERENCE; MEDIUM; line 444] | CKO_CORE_BASELINE_EXECUTION_REPORT.md [IDENTIFIER_REFERENCE; MEDIUM; line 59] | CKO_CORE_BASELINE_EXECUTION_REPORT.md [PATH_REFERENCE; HIGH; line 432] | CKO_CORPUS_ARCHITECTURE.md [IDENTIFIER_REFERENCE; MEDIUM; line 36] | CKO_QUERY_ARCHITECTURE.md [IDENTIFIER_REFERENCE; MEDIUM; line 16] | docs/governance/GOV-006_PROJECT_DOSSIER.md [IDENTIFIER_REFERENCE; MEDIUM; line 420] | docs/governance/OPS-004_REPOSITORY_CANONICAL_MIGRATION_PLAN.md [IDENTIFIER_REFERENCE; MEDIUM; line 71] | docs/governance/OPS-004_REPOSITORY_CANONICAL_MIGRATION_PLAN.md [IDENTIFIER_REFERENCE; MEDIUM; line 72] | docs/governance/OPS-004_REPOSITORY_CANONICAL_MIGRATION_PLAN.md [IDENTIFIER_REFERENCE; MEDIUM; line 86] | GOV-005_PROJECT_EFFORT_AUDIT.md [IDENTIFIER_REFERENCE; MEDIUM; line 142] | ROADMAP.md [IDENTIFIER_REFERENCE; MEDIUM; line 9] | SPR016_PREIMPLEMENTATION_ARCHITECTURE_AUDIT.md [IDENTIFIER_REFERENCE; MEDIUM; line 27] | SPR016_PREIMPLEMENTATION_ARCHITECTURE_AUDIT.md [IDENTIFIER_REFERENCE; MEDIUM; line 39] | SPR017_PREIMPLEMENTATION_ARCHITECTURE_AUDIT.md [IDENTIFIER_REFERENCE; MEDIUM; line 192] | SPR017_PREIMPLEMENTATION_ARCHITECTURE_AUDIT.md [IDENTIFIER_REFERENCE; MEDIUM; line 21] | SPR017_PREIMPLEMENTATION_ARCHITECTURE_AUDIT.md [IDENTIFIER_REFERENCE; MEDIUM; line 89] | SPR017_TECHNICAL_SPECIFICATION.md [IDENTIFIER_REFERENCE; MEDIUM; line 509] | tests/test_knowledge_graph_foundation_spr013.py [IDENTIFIER_REFERENCE; MEDIUM; line 1],YES,DOCUMENTARY_DEPENDENCY | OPERATIONAL_DEPENDENCY,42,CKO_CORE_BASELINE_CONSOLIDATION_REPORT.md [IDENTIFIER_REFERENCE; MEDIUM; line 143] | CKO_CORE_BASELINE_CONSOLIDATION_REPORT.md [IDENTIFIER_REFERENCE; MEDIUM; line 220] | CKO_CORE_BASELINE_CONSOLIDATION_REPORT.md [IDENTIFIER_REFERENCE; MEDIUM; line 221] | CKO_CORE_BASELINE_CONSOLIDATION_REPORT.md [IDENTIFIER_REFERENCE; MEDIUM; line 222] | CKO_CORE_BASELINE_CONSOLIDATION_REPORT.md [IDENTIFIER_REFERENCE; MEDIUM; line 223] | CKO_CORE_BASELINE_CONSOLIDATION_REPORT.md [IDENTIFIER_REFERENCE; MEDIUM; line 224] | CKO_CORE_BASELINE_CONSOLIDATION_REPORT.md [IDENTIFIER_REFERENCE; MEDIUM; line 286] | CKO_CORE_BASELINE_CONSOLIDATION_REPORT.md [IDENTIFIER_REFERENCE; MEDIUM; line 451] | CKO_CORE_BASELINE_CONSOLIDATION_REPORT.md [IDENTIFIER_REFERENCE; MEDIUM; line 452] | CKO_CORE_BASELINE_CONSOLIDATION_REPORT.md [IDENTIFIER_REFERENCE; MEDIUM; line 453] | CKO_CORE_BASELINE_CONSOLIDATION_REPORT.md [IDENTIFIER_REFERENCE; MEDIUM; line 454] | CKO_CORE_BASELINE_CONSOLIDATION_REPORT.md [IDENTIFIER_REFERENCE; MEDIUM; line 455] | CKO_CORE_BASELINE_CONSOLIDATION_REPORT.md [IDENTIFIER_REFERENCE; MEDIUM; line 456] | CKO_CORE_BASELINE_CONSOLIDATION_REPORT.md [IDENTIFIER_REFERENCE; MEDIUM; line 458] | CKO_CORE_BASELINE_CONSOLIDATION_REPORT.md [IDENTIFIER_REFERENCE; MEDIUM; line 459] | CKO_CORE_BASELINE_CONSOLIDATION_REPORT.md [IDENTIFIER_REFERENCE; MEDIUM; line 460] | CKO_CORE_BASELINE_CONSOLIDATION_REPORT.md [IDENTIFIER_REFERENCE; MEDIUM; line 461] | CKO_CORE_BASELINE_CONSOLIDATION_REPORT.md [IDENTIFIER_REFERENCE; MEDIUM; line 462] | CKO_CORE_BASELINE_CONSOLIDATION_REPORT.md [IDENTIFIER_REFERENCE; MEDIUM; line 635] | CKO_CORE_BASELINE_CONSOLIDATION_REPORT.md [PATH_REFERENCE; HIGH; line 286] | CKO_CORE_BASELINE_EXECUTION_REPORT.md [IDENTIFIER_REFERENCE; MEDIUM; line 424] | CKO_CORE_BASELINE_EXECUTION_REPORT.md [IDENTIFIER_REFERENCE; MEDIUM; line 432] | CKO_CORE_BASELINE_EXECUTION_REPORT.md [IDENTIFIER_REFERENCE; MEDIUM; line 444] | CKO_CORE_BASELINE_EXECUTION_REPORT.md [IDENTIFIER_REFERENCE; MEDIUM; line 59] | CKO_CORE_BASELINE_EXECUTION_REPORT.md [PATH_REFERENCE; HIGH; line 432] | CKO_CORPUS_ARCHITECTURE.md [IDENTIFIER_REFERENCE; MEDIUM; line 36] | CKO_QUERY_ARCHITECTURE.md [IDENTIFIER_REFERENCE; MEDIUM; line 16] | docs/governance/GOV-006_PROJECT_DOSSIER.md [IDENTIFIER_REFERENCE; MEDIUM; line 420] | docs/governance/OPS-004_REPOSITORY_CANONICAL_MIGRATION_PLAN.md [IDENTIFIER_REFERENCE; MEDIUM; line 71] | docs/governance/OPS-004_REPOSITORY_CANONICAL_MIGRATION_PLAN.md [IDENTIFIER_REFERENCE; MEDIUM; line 72] | docs/governance/OPS-004_REPOSITORY_CANONICAL_MIGRATION_PLAN.md [IDENTIFIER_REFERENCE; MEDIUM; line 86] | GOV-005_PROJECT_EFFORT_AUDIT.md [IDENTIFIER_REFERENCE; MEDIUM; line 142] | ROADMAP.md [IDENTIFIER_REFERENCE; MEDIUM; line 9] | SPR016_PREIMPLEMENTATION_ARCHITECTURE_AUDIT.md [IDENTIFIER_REFERENCE; MEDIUM; line 27] | SPR016_PREIMPLEMENTATION_ARCHITECTURE_AUDIT.md [IDENTIFIER_REFERENCE; MEDIUM; line 39] | SPR017_PREIMPLEMENTATION_ARCHITECTURE_AUDIT.md [IDENTIFIER_REFERENCE; MEDIUM; line 192] | SPR017_PREIMPLEMENTATION_ARCHITECTURE_AUDIT.md [IDENTIFIER_REFERENCE; MEDIUM; line 21] | SPR017_PREIMPLEMENTATION_ARCHITECTURE_AUDIT.md [IDENTIFIER_REFERENCE; MEDIUM; line 89] | SPR017_TECHNICAL_SPECIFICATION.md [IDENTIFIER_REFERENCE; MEDIUM; line 509] | tests/test_knowledge_graph_foundation_spr013.py [IDENTIFIER_REFERENCE; MEDIUM; line 1],3,CKO_BUILD.cmd [PATH_REFERENCE; HIGH; line 29] | docs/sprint/CKO-SPR-005A_TERMO_OFICIAL.md [IDENTIFIER_REFERENCE; MEDIUM; line 34] | SPR011_IMPLEMENTATION_REPORT.md [IDENTIFIER_REFERENCE; MEDIUM; line 34],3,42,HIGH_REFERENCE_RISK,HIGH,YES,Confirmed HIGH/MEDIUM references recorded in AUD-004 reference matrix.
INV-0158,SPR014_IMPLEMENTATION_REPORT.md,MOVE,YES,CKO_CORE_BASELINE_CONSOLIDATION_REPORT.md [IDENTIFIER_REFERENCE; MEDIUM; line 144] | CKO_CORE_BASELINE_CONSOLIDATION_REPORT.md [IDENTIFIER_REFERENCE; MEDIUM; line 240] | CKO_CORE_BASELINE_CONSOLIDATION_REPORT.md [IDENTIFIER_REFERENCE; MEDIUM; line 241] | CKO_CORE_BASELINE_CONSOLIDATION_REPORT.md [IDENTIFIER_REFERENCE; MEDIUM; line 242] | CKO_CORE_BASELINE_CONSOLIDATION_REPORT.md [IDENTIFIER_REFERENCE; MEDIUM; line 243] | CKO_CORE_BASELINE_CONSOLIDATION_REPORT.md [IDENTIFIER_REFERENCE; MEDIUM; line 287] | CKO_CORE_BASELINE_CONSOLIDATION_REPORT.md [IDENTIFIER_REFERENCE; MEDIUM; line 522] | CKO_CORE_BASELINE_CONSOLIDATION_REPORT.md [IDENTIFIER_REFERENCE; MEDIUM; line 523] | CKO_CORE_BASELINE_CONSOLIDATION_REPORT.md [IDENTIFIER_REFERENCE; MEDIUM; line 524] | CKO_CORE_BASELINE_CONSOLIDATION_REPORT.md [IDENTIFIER_REFERENCE; MEDIUM; line 525] | CKO_CORE_BASELINE_CONSOLIDATION_REPORT.md [IDENTIFIER_REFERENCE; MEDIUM; line 526] | CKO_CORE_BASELINE_CONSOLIDATION_REPORT.md [IDENTIFIER_REFERENCE; MEDIUM; line 527] | CKO_CORE_BASELINE_CONSOLIDATION_REPORT.md [IDENTIFIER_REFERENCE; MEDIUM; line 528] | CKO_CORE_BASELINE_CONSOLIDATION_REPORT.md [IDENTIFIER_REFERENCE; MEDIUM; line 529] | CKO_CORE_BASELINE_CONSOLIDATION_REPORT.md [IDENTIFIER_REFERENCE; MEDIUM; line 530] | CKO_CORE_BASELINE_CONSOLIDATION_REPORT.md [IDENTIFIER_REFERENCE; MEDIUM; line 531] | CKO_CORE_BASELINE_CONSOLIDATION_REPORT.md [IDENTIFIER_REFERENCE; MEDIUM; line 639] | CKO_CORE_BASELINE_CONSOLIDATION_REPORT.md [PATH_REFERENCE; HIGH; line 287] | CKO_CORE_BASELINE_EXECUTION_REPORT.md [IDENTIFIER_REFERENCE; MEDIUM; line 448] | CKO_CORE_BASELINE_EXECUTION_REPORT.md [IDENTIFIER_REFERENCE; MEDIUM; line 455] | CKO_CORE_BASELINE_EXECUTION_REPORT.md [IDENTIFIER_REFERENCE; MEDIUM; line 466] | CKO_CORE_BASELINE_EXECUTION_REPORT.md [IDENTIFIER_REFERENCE; MEDIUM; line 60] | CKO_CORE_BASELINE_EXECUTION_REPORT.md [PATH_REFERENCE; HIGH; line 455] | CKO_CORPUS_ARCHITECTURE.md [IDENTIFIER_REFERENCE; MEDIUM; line 37] | CKO_INDEX_ARCHITECTURE.md [IDENTIFIER_REFERENCE; MEDIUM; line 9] | CKO_INDEX_OPERATIONS.md [IDENTIFIER_REFERENCE; MEDIUM; line 9] | CKO_QUERY_ARCHITECTURE.md [IDENTIFIER_REFERENCE; MEDIUM; line 53] | CKO_QUERY_MODEL_GUIDE.md [IDENTIFIER_REFERENCE; MEDIUM; line 49] | docs/governance/GOV-006_PROJECT_DOSSIER.md [IDENTIFIER_REFERENCE; MEDIUM; line 421] | docs/governance/OPS-004_REPOSITORY_CANONICAL_MIGRATION_PLAN.md [IDENTIFIER_REFERENCE; MEDIUM; line 71] | docs/governance/OPS-004_REPOSITORY_CANONICAL_MIGRATION_PLAN.md [IDENTIFIER_REFERENCE; MEDIUM; line 72] | docs/governance/OPS-004_REPOSITORY_CANONICAL_MIGRATION_PLAN.md [IDENTIFIER_REFERENCE; MEDIUM; line 86] | GOV-005_PROJECT_EFFORT_AUDIT.md [IDENTIFIER_REFERENCE; MEDIUM; line 143] | ROADMAP.md [IDENTIFIER_REFERENCE; MEDIUM; line 10] | SPR015_IMPLEMENTATION_REPORT.md [IDENTIFIER_REFERENCE; MEDIUM; line 16] | SPR016_PREIMPLEMENTATION_ARCHITECTURE_AUDIT.md [IDENTIFIER_REFERENCE; MEDIUM; line 28] | SPR016_PREIMPLEMENTATION_ARCHITECTURE_AUDIT.md [IDENTIFIER_REFERENCE; MEDIUM; line 40] | SPR017_PREIMPLEMENTATION_ARCHITECTURE_AUDIT.md [IDENTIFIER_REFERENCE; MEDIUM; line 90] | SPR017_TECHNICAL_SPECIFICATION.md [IDENTIFIER_REFERENCE; MEDIUM; line 510] | tests/test_knowledge_query_foundation_spr014.py [IDENTIFIER_REFERENCE; MEDIUM; line 1],YES,DOCUMENTARY_DEPENDENCY | OPERATIONAL_DEPENDENCY,42,CKO_CORE_BASELINE_CONSOLIDATION_REPORT.md [IDENTIFIER_REFERENCE; MEDIUM; line 144] | CKO_CORE_BASELINE_CONSOLIDATION_REPORT.md [IDENTIFIER_REFERENCE; MEDIUM; line 240] | CKO_CORE_BASELINE_CONSOLIDATION_REPORT.md [IDENTIFIER_REFERENCE; MEDIUM; line 241] | CKO_CORE_BASELINE_CONSOLIDATION_REPORT.md [IDENTIFIER_REFERENCE; MEDIUM; line 242] | CKO_CORE_BASELINE_CONSOLIDATION_REPORT.md [IDENTIFIER_REFERENCE; MEDIUM; line 243] | CKO_CORE_BASELINE_CONSOLIDATION_REPORT.md [IDENTIFIER_REFERENCE; MEDIUM; line 287] | CKO_CORE_BASELINE_CONSOLIDATION_REPORT.md [IDENTIFIER_REFERENCE; MEDIUM; line 522] | CKO_CORE_BASELINE_CONSOLIDATION_REPORT.md [IDENTIFIER_REFERENCE; MEDIUM; line 523] | CKO_CORE_BASELINE_CONSOLIDATION_REPORT.md [IDENTIFIER_REFERENCE; MEDIUM; line 524] | CKO_CORE_BASELINE_CONSOLIDATION_REPORT.md [IDENTIFIER_REFERENCE; MEDIUM; line 525] | CKO_CORE_BASELINE_CONSOLIDATION_REPORT.md [IDENTIFIER_REFERENCE; MEDIUM; line 526] | CKO_CORE_BASELINE_CONSOLIDATION_REPORT.md [IDENTIFIER_REFERENCE; MEDIUM; line 527] | CKO_CORE_BASELINE_CONSOLIDATION_REPORT.md [IDENTIFIER_REFERENCE; MEDIUM; line 528] | CKO_CORE_BASELINE_CONSOLIDATION_REPORT.md [IDENTIFIER_REFERENCE; MEDIUM; line 529] | CKO_CORE_BASELINE_CONSOLIDATION_REPORT.md [IDENTIFIER_REFERENCE; MEDIUM; line 530] | CKO_CORE_BASELINE_CONSOLIDATION_REPORT.md [IDENTIFIER_REFERENCE; MEDIUM; line 531] | CKO_CORE_BASELINE_CONSOLIDATION_REPORT.md [IDENTIFIER_REFERENCE; MEDIUM; line 639] | CKO_CORE_BASELINE_CONSOLIDATION_REPORT.md [PATH_REFERENCE; HIGH; line 287] | CKO_CORE_BASELINE_EXECUTION_REPORT.md [IDENTIFIER_REFERENCE; MEDIUM; line 448] | CKO_CORE_BASELINE_EXECUTION_REPORT.md [IDENTIFIER_REFERENCE; MEDIUM; line 455] | CKO_CORE_BASELINE_EXECUTION_REPORT.md [IDENTIFIER_REFERENCE; MEDIUM; line 466] | CKO_CORE_BASELINE_EXECUTION_REPORT.md [IDENTIFIER_REFERENCE; MEDIUM; line 60] | CKO_CORE_BASELINE_EXECUTION_REPORT.md [PATH_REFERENCE; HIGH; line 455] | CKO_CORPUS_ARCHITECTURE.md [IDENTIFIER_REFERENCE; MEDIUM; line 37] | CKO_INDEX_ARCHITECTURE.md [IDENTIFIER_REFERENCE; MEDIUM; line 9] | CKO_INDEX_OPERATIONS.md [IDENTIFIER_REFERENCE; MEDIUM; line 9] | CKO_QUERY_ARCHITECTURE.md [IDENTIFIER_REFERENCE; MEDIUM; line 53] | CKO_QUERY_MODEL_GUIDE.md [IDENTIFIER_REFERENCE; MEDIUM; line 49] | docs/governance/GOV-006_PROJECT_DOSSIER.md [IDENTIFIER_REFERENCE; MEDIUM; line 421] | docs/governance/OPS-004_REPOSITORY_CANONICAL_MIGRATION_PLAN.md [IDENTIFIER_REFERENCE; MEDIUM; line 71] | docs/governance/OPS-004_REPOSITORY_CANONICAL_MIGRATION_PLAN.md [IDENTIFIER_REFERENCE; MEDIUM; line 72] | docs/governance/OPS-004_REPOSITORY_CANONICAL_MIGRATION_PLAN.md [IDENTIFIER_REFERENCE; MEDIUM; line 86] | GOV-005_PROJECT_EFFORT_AUDIT.md [IDENTIFIER_REFERENCE; MEDIUM; line 143] | ROADMAP.md [IDENTIFIER_REFERENCE; MEDIUM; line 10] | SPR015_IMPLEMENTATION_REPORT.md [IDENTIFIER_REFERENCE; MEDIUM; line 16] | SPR016_PREIMPLEMENTATION_ARCHITECTURE_AUDIT.md [IDENTIFIER_REFERENCE; MEDIUM; line 28] | SPR016_PREIMPLEMENTATION_ARCHITECTURE_AUDIT.md [IDENTIFIER_REFERENCE; MEDIUM; line 40] | SPR017_PREIMPLEMENTATION_ARCHITECTURE_AUDIT.md [IDENTIFIER_REFERENCE; MEDIUM; line 90] | SPR017_TECHNICAL_SPECIFICATION.md [IDENTIFIER_REFERENCE; MEDIUM; line 510] | tests/test_knowledge_query_foundation_spr014.py [IDENTIFIER_REFERENCE; MEDIUM; line 1],2,CKO_BUILD.cmd [PATH_REFERENCE; HIGH; line 78] | SPR010_IMPLEMENTATION_REPORT.md [IDENTIFIER_REFERENCE; MEDIUM; line 71],3,41,HIGH_REFERENCE_RISK,HIGH,YES,Confirmed HIGH/MEDIUM references recorded in AUD-004 reference matrix.
INV-0159,SPR015_IMPLEMENTATION_REPORT.md,MOVE,YES,CKO_CORE_BASELINE_CONSOLIDATION_REPORT.md [IDENTIFIER_REFERENCE; MEDIUM; line 145] | CKO_CORE_BASELINE_CONSOLIDATION_REPORT.md [IDENTIFIER_REFERENCE; MEDIUM; line 225] | CKO_CORE_BASELINE_CONSOLIDATION_REPORT.md [IDENTIFIER_REFERENCE; MEDIUM; line 226] | CKO_CORE_BASELINE_CONSOLIDATION_REPORT.md [IDENTIFIER_REFERENCE; MEDIUM; line 227] | CKO_CORE_BASELINE_CONSOLIDATION_REPORT.md [IDENTIFIER_REFERENCE; MEDIUM; line 228] | CKO_CORE_BASELINE_CONSOLIDATION_REPORT.md [IDENTIFIER_REFERENCE; MEDIUM; line 229] | CKO_CORE_BASELINE_CONSOLIDATION_REPORT.md [IDENTIFIER_REFERENCE; MEDIUM; line 288] | CKO_CORE_BASELINE_CONSOLIDATION_REPORT.md [IDENTIFIER_REFERENCE; MEDIUM; line 306] | CKO_CORE_BASELINE_CONSOLIDATION_REPORT.md [IDENTIFIER_REFERENCE; MEDIUM; line 457] | CKO_CORE_BASELINE_CONSOLIDATION_REPORT.md [IDENTIFIER_REFERENCE; MEDIUM; line 467] | CKO_CORE_BASELINE_CONSOLIDATION_REPORT.md [IDENTIFIER_REFERENCE; MEDIUM; line 468] | CKO_CORE_BASELINE_CONSOLIDATION_REPORT.md [IDENTIFIER_REFERENCE; MEDIUM; line 469] | CKO_CORE_BASELINE_CONSOLIDATION_REPORT.md [IDENTIFIER_REFERENCE; MEDIUM; line 470] | CKO_CORE_BASELINE_CONSOLIDATION_REPORT.md [IDENTIFIER_REFERENCE; MEDIUM; line 471] | CKO_CORE_BASELINE_CONSOLIDATION_REPORT.md [IDENTIFIER_REFERENCE; MEDIUM; line 472] | CKO_CORE_BASELINE_CONSOLIDATION_REPORT.md [IDENTIFIER_REFERENCE; MEDIUM; line 473] | CKO_CORE_BASELINE_CONSOLIDATION_REPORT.md [IDENTIFIER_REFERENCE; MEDIUM; line 474] | CKO_CORE_BASELINE_CONSOLIDATION_REPORT.md [IDENTIFIER_REFERENCE; MEDIUM; line 475] | CKO_CORE_BASELINE_CONSOLIDATION_REPORT.md [IDENTIFIER_REFERENCE; MEDIUM; line 476] | CKO_CORE_BASELINE_CONSOLIDATION_REPORT.md [IDENTIFIER_REFERENCE; MEDIUM; line 477] | CKO_CORE_BASELINE_CONSOLIDATION_REPORT.md [IDENTIFIER_REFERENCE; MEDIUM; line 478] | CKO_CORE_BASELINE_CONSOLIDATION_REPORT.md [IDENTIFIER_REFERENCE; MEDIUM; line 479] | CKO_CORE_BASELINE_CONSOLIDATION_REPORT.md [IDENTIFIER_REFERENCE; MEDIUM; line 636] | CKO_CORE_BASELINE_CONSOLIDATION_REPORT.md [PATH_REFERENCE; HIGH; line 288] | CKO_CORE_BASELINE_EXECUTION_REPORT.md [IDENTIFIER_REFERENCE; MEDIUM; line 470] | CKO_CORE_BASELINE_EXECUTION_REPORT.md [IDENTIFIER_REFERENCE; MEDIUM; line 478] | CKO_CORE_BASELINE_EXECUTION_REPORT.md [IDENTIFIER_REFERENCE; MEDIUM; line 493] | CKO_CORE_BASELINE_EXECUTION_REPORT.md [IDENTIFIER_REFERENCE; MEDIUM; line 61] | CKO_CORE_BASELINE_EXECUTION_REPORT.md [PATH_REFERENCE; HIGH; line 478] | CKO_CORPUS_ARCHITECTURE.md [IDENTIFIER_REFERENCE; MEDIUM; line 38] | docs/governance/GOV-006_PROJECT_DOSSIER.md [IDENTIFIER_REFERENCE; MEDIUM; line 264] | docs/governance/GOV-006_PROJECT_DOSSIER.md [IDENTIFIER_REFERENCE; MEDIUM; line 422] | docs/governance/OPS-004_REPOSITORY_CANONICAL_MIGRATION_PLAN.md [IDENTIFIER_REFERENCE; MEDIUM; line 71] | docs/governance/OPS-004_REPOSITORY_CANONICAL_MIGRATION_PLAN.md [IDENTIFIER_REFERENCE; MEDIUM; line 72] | docs/governance/OPS-004_REPOSITORY_CANONICAL_MIGRATION_PLAN.md [IDENTIFIER_REFERENCE; MEDIUM; line 86] | GOV-005_PROJECT_EFFORT_AUDIT.md [IDENTIFIER_REFERENCE; MEDIUM; line 144] | GOV-005_PROJECT_EFFORT_AUDIT.md [IDENTIFIER_REFERENCE; MEDIUM; line 389] | ROADMAP.md [IDENTIFIER_REFERENCE; MEDIUM; line 11] | SPR016_PREIMPLEMENTATION_ARCHITECTURE_AUDIT.md [IDENTIFIER_REFERENCE; MEDIUM; line 10] | SPR016_PREIMPLEMENTATION_ARCHITECTURE_AUDIT.md [IDENTIFIER_REFERENCE; MEDIUM; line 29] | SPR016_PREIMPLEMENTATION_ARCHITECTURE_AUDIT.md [IDENTIFIER_REFERENCE; MEDIUM; line 41] | SPR017_PREIMPLEMENTATION_ARCHITECTURE_AUDIT.md [IDENTIFIER_REFERENCE; MEDIUM; line 22] | SPR017_PREIMPLEMENTATION_ARCHITECTURE_AUDIT.md [IDENTIFIER_REFERENCE; MEDIUM; line 91] | SPR017_TECHNICAL_SPECIFICATION.md [IDENTIFIER_REFERENCE; MEDIUM; line 511] | SPR017E_NOVA_AUDITORIA_FORMAL.md [IDENTIFIER_REFERENCE; MEDIUM; line 53] | tests/test_knowledge_corpus_foundation_spr016.py [IDENTIFIER_REFERENCE; MEDIUM; line 340] | tests/test_knowledge_index_foundation_spr015.py [IDENTIFIER_REFERENCE; MEDIUM; line 1],YES,DOCUMENTARY_DEPENDENCY | OPERATIONAL_DEPENDENCY,49,CKO_CORE_BASELINE_CONSOLIDATION_REPORT.md [IDENTIFIER_REFERENCE; MEDIUM; line 145] | CKO_CORE_BASELINE_CONSOLIDATION_REPORT.md [IDENTIFIER_REFERENCE; MEDIUM; line 225] | CKO_CORE_BASELINE_CONSOLIDATION_REPORT.md [IDENTIFIER_REFERENCE; MEDIUM; line 226] | CKO_CORE_BASELINE_CONSOLIDATION_REPORT.md [IDENTIFIER_REFERENCE; MEDIUM; line 227] | CKO_CORE_BASELINE_CONSOLIDATION_REPORT.md [IDENTIFIER_REFERENCE; MEDIUM; line 228] | CKO_CORE_BASELINE_CONSOLIDATION_REPORT.md [IDENTIFIER_REFERENCE; MEDIUM; line 229] | CKO_CORE_BASELINE_CONSOLIDATION_REPORT.md [IDENTIFIER_REFERENCE; MEDIUM; line 288] | CKO_CORE_BASELINE_CONSOLIDATION_REPORT.md [IDENTIFIER_REFERENCE; MEDIUM; line 306] | CKO_CORE_BASELINE_CONSOLIDATION_REPORT.md [IDENTIFIER_REFERENCE; MEDIUM; line 457] | CKO_CORE_BASELINE_CONSOLIDATION_REPORT.md [IDENTIFIER_REFERENCE; MEDIUM; line 467] | CKO_CORE_BASELINE_CONSOLIDATION_REPORT.md [IDENTIFIER_REFERENCE; MEDIUM; line 468] | CKO_CORE_BASELINE_CONSOLIDATION_REPORT.md [IDENTIFIER_REFERENCE; MEDIUM; line 469] | CKO_CORE_BASELINE_CONSOLIDATION_REPORT.md [IDENTIFIER_REFERENCE; MEDIUM; line 470] | CKO_CORE_BASELINE_CONSOLIDATION_REPORT.md [IDENTIFIER_REFERENCE; MEDIUM; line 471] | CKO_CORE_BASELINE_CONSOLIDATION_REPORT.md [IDENTIFIER_REFERENCE; MEDIUM; line 472] | CKO_CORE_BASELINE_CONSOLIDATION_REPORT.md [IDENTIFIER_REFERENCE; MEDIUM; line 473] | CKO_CORE_BASELINE_CONSOLIDATION_REPORT.md [IDENTIFIER_REFERENCE; MEDIUM; line 474] | CKO_CORE_BASELINE_CONSOLIDATION_REPORT.md [IDENTIFIER_REFERENCE; MEDIUM; line 475] | CKO_CORE_BASELINE_CONSOLIDATION_REPORT.md [IDENTIFIER_REFERENCE; MEDIUM; line 476] | CKO_CORE_BASELINE_CONSOLIDATION_REPORT.md [IDENTIFIER_REFERENCE; MEDIUM; line 477] | CKO_CORE_BASELINE_CONSOLIDATION_REPORT.md [IDENTIFIER_REFERENCE; MEDIUM; line 478] | CKO_CORE_BASELINE_CONSOLIDATION_REPORT.md [IDENTIFIER_REFERENCE; MEDIUM; line 479] | CKO_CORE_BASELINE_CONSOLIDATION_REPORT.md [IDENTIFIER_REFERENCE; MEDIUM; line 636] | CKO_CORE_BASELINE_CONSOLIDATION_REPORT.md [PATH_REFERENCE; HIGH; line 288] | CKO_CORE_BASELINE_EXECUTION_REPORT.md [IDENTIFIER_REFERENCE; MEDIUM; line 470] | CKO_CORE_BASELINE_EXECUTION_REPORT.md [IDENTIFIER_REFERENCE; MEDIUM; line 478] | CKO_CORE_BASELINE_EXECUTION_REPORT.md [IDENTIFIER_REFERENCE; MEDIUM; line 493] | CKO_CORE_BASELINE_EXECUTION_REPORT.md [IDENTIFIER_REFERENCE; MEDIUM; line 61] | CKO_CORE_BASELINE_EXECUTION_REPORT.md [PATH_REFERENCE; HIGH; line 478] | CKO_CORPUS_ARCHITECTURE.md [IDENTIFIER_REFERENCE; MEDIUM; line 38] | docs/governance/GOV-006_PROJECT_DOSSIER.md [IDENTIFIER_REFERENCE; MEDIUM; line 264] | docs/governance/GOV-006_PROJECT_DOSSIER.md [IDENTIFIER_REFERENCE; MEDIUM; line 422] | docs/governance/OPS-004_REPOSITORY_CANONICAL_MIGRATION_PLAN.md [IDENTIFIER_REFERENCE; MEDIUM; line 71] | docs/governance/OPS-004_REPOSITORY_CANONICAL_MIGRATION_PLAN.md [IDENTIFIER_REFERENCE; MEDIUM; line 72] | docs/governance/OPS-004_REPOSITORY_CANONICAL_MIGRATION_PLAN.md [IDENTIFIER_REFERENCE; MEDIUM; line 86] | GOV-005_PROJECT_EFFORT_AUDIT.md [IDENTIFIER_REFERENCE; MEDIUM; line 144] | GOV-005_PROJECT_EFFORT_AUDIT.md [IDENTIFIER_REFERENCE; MEDIUM; line 389] | ROADMAP.md [IDENTIFIER_REFERENCE; MEDIUM; line 11] | SPR016_PREIMPLEMENTATION_ARCHITECTURE_AUDIT.md [IDENTIFIER_REFERENCE; MEDIUM; line 10] | SPR016_PREIMPLEMENTATION_ARCHITECTURE_AUDIT.md [IDENTIFIER_REFERENCE; MEDIUM; line 29] | SPR016_PREIMPLEMENTATION_ARCHITECTURE_AUDIT.md [IDENTIFIER_REFERENCE; MEDIUM; line 41] | SPR017_PREIMPLEMENTATION_ARCHITECTURE_AUDIT.md [IDENTIFIER_REFERENCE; MEDIUM; line 22] | SPR017_PREIMPLEMENTATION_ARCHITECTURE_AUDIT.md [IDENTIFIER_REFERENCE; MEDIUM; line 91] | SPR017_TECHNICAL_SPECIFICATION.md [IDENTIFIER_REFERENCE; MEDIUM; line 511] | SPR017E_NOVA_AUDITORIA_FORMAL.md [IDENTIFIER_REFERENCE; MEDIUM; line 53] | tests/test_knowledge_corpus_foundation_spr016.py [IDENTIFIER_REFERENCE; MEDIUM; line 340] | tests/test_knowledge_index_foundation_spr015.py [IDENTIFIER_REFERENCE; MEDIUM; line 1],5,CKO_BUILD.cmd [PATH_REFERENCE; HIGH; line 37] | SPR008A_IMPLEMENTATION_REPORT.md [IDENTIFIER_REFERENCE; MEDIUM; line 6] | SPR010_IMPLEMENTATION_REPORT.md [IDENTIFIER_REFERENCE; MEDIUM; line 29] | SPR010_IMPLEMENTATION_REPORT.md [IDENTIFIER_REFERENCE; MEDIUM; line 6] | SPR014_IMPLEMENTATION_REPORT.md [IDENTIFIER_REFERENCE; MEDIUM; line 16],3,51,HIGH_REFERENCE_RISK,HIGH,YES,Confirmed HIGH/MEDIUM references recorded in AUD-004 reference matrix.
INV-0160,SPR016_IMPLEMENTATION_REPORT.md,MOVE,YES,CKO_CORE_BASELINE_CONSOLIDATION_REPORT.md [PATH_REFERENCE; HIGH; line 289] | CKO_CORE_BASELINE_EXECUTION_REPORT.md [PATH_REFERENCE; HIGH; line 505] | SPR017_HOMOLOGATION_REPORT.md [PATH_REFERENCE; HIGH; line 104] | SPR017_PREIMPLEMENTATION_ARCHITECTURE_AUDIT.md [PATH_REFERENCE; HIGH; line 53] | SPR017_PREIMPLEMENTATION_ARCHITECTURE_AUDIT.md [PATH_REFERENCE; HIGH; line 57] | SPR017_TECHNICAL_SPECIFICATION.md [PATH_REFERENCE; HIGH; line 54] | SPR017E_NOVA_AUDITORIA_FORMAL.md [PATH_REFERENCE; HIGH; line 53],YES,DOCUMENTARY_DEPENDENCY,8,CKO_CORE_BASELINE_CONSOLIDATION_REPORT.md [PATH_REFERENCE; HIGH; line 289] | CKO_CORE_BASELINE_EXECUTION_REPORT.md [PATH_REFERENCE; HIGH; line 505] | SPR017_HOMOLOGATION_REPORT.md [PATH_REFERENCE; HIGH; line 104] | SPR017_PREIMPLEMENTATION_ARCHITECTURE_AUDIT.md [PATH_REFERENCE; HIGH; line 53] | SPR017_PREIMPLEMENTATION_ARCHITECTURE_AUDIT.md [PATH_REFERENCE; HIGH; line 57] | SPR017_TECHNICAL_SPECIFICATION.md [PATH_REFERENCE; HIGH; line 54] | SPR017E_NOVA_AUDITORIA_FORMAL.md [PATH_REFERENCE; HIGH; line 53],19,.gitignore [PATH_REFERENCE; HIGH; line 63] | CKO_BUILD.cmd [PATH_REFERENCE; HIGH; line 55] | CKO_CORE_V1_DEPENDENCY_MATRIX.md [PATH_REFERENCE; HIGH; line 63] | CKO_CORE_V1_PUBLIC_API_CATALOG.md [PATH_REFERENCE; HIGH; line 63] | CKO_CORPUS_API.md [PATH_REFERENCE; HIGH; line 39] | CKO_CORPUS_API.md [PATH_REFERENCE; HIGH; line 61] | CKO_CORPUS_ARCHITECTURE.md [PATH_REFERENCE; HIGH; line 61] | CKO_CORPUS_MODEL_GUIDE.md [PATH_REFERENCE; HIGH; line 61] | CKO_CORPUS_OPERATIONS.md [PATH_REFERENCE; HIGH; line 61] | CKO_CORPUS_SERIALIZATION.md [PATH_REFERENCE; HIGH; line 61] | docs/sprint/CKO-SPR-005A_TERMO_OFICIAL.md [IDENTIFIER_REFERENCE; MEDIUM; line 47] | pyproject.toml [PATH_REFERENCE; HIGH; line 63] | SPR008A_IMPLEMENTATION_REPORT.md [IDENTIFIER_REFERENCE; MEDIUM; line 6] | SPR010_IMPLEMENTATION_REPORT.md [IDENTIFIER_REFERENCE; MEDIUM; line 33] | SPR010_IMPLEMENTATION_REPORT.md [IDENTIFIER_REFERENCE; MEDIUM; line 44] | SPR010_IMPLEMENTATION_REPORT.md [IDENTIFIER_REFERENCE; MEDIUM; line 51] | SPR010_IMPLEMENTATION_REPORT.md [IDENTIFIER_REFERENCE; MEDIUM; line 6] | SPR016_PREIMPLEMENTATION_ARCHITECTURE_AUDIT.md [PATH_REFERENCE; HIGH; line 61] | SPR016_PREIMPLEMENTATION_ARCHITECTURE_AUDIT.md [PATH_REFERENCE; HIGH; line 7],21,6,HIGH_REFERENCE_RISK,HIGH,YES,Confirmed HIGH/MEDIUM references recorded in AUD-004 reference matrix.
INV-0161,SPR016_PREIMPLEMENTATION_ARCHITECTURE_AUDIT.md,MOVE,YES,CKO_CORE_BASELINE_CONSOLIDATION_REPORT.md [PATH_REFERENCE; HIGH; line 290] | CKO_CORE_BASELINE_EXECUTION_REPORT.md [PATH_REFERENCE; HIGH; line 506] | SPR016_IMPLEMENTATION_REPORT.md [PATH_REFERENCE; HIGH; line 61] | SPR016_IMPLEMENTATION_REPORT.md [PATH_REFERENCE; HIGH; line 7] | SPR017_TECHNICAL_SPECIFICATION.md [PATH_REFERENCE; HIGH; line 54] | SPR017E_NOVA_AUDITORIA_FORMAL.md [PATH_REFERENCE; HIGH; line 52] | SPR017E_NOVA_AUDITORIA_FORMAL.md [PATH_REFERENCE; HIGH; line 79],YES,DOCUMENTARY_DEPENDENCY,7,CKO_CORE_BASELINE_CONSOLIDATION_REPORT.md [PATH_REFERENCE; HIGH; line 290] | CKO_CORE_BASELINE_EXECUTION_REPORT.md [PATH_REFERENCE; HIGH; line 506] | SPR016_IMPLEMENTATION_REPORT.md [PATH_REFERENCE; HIGH; line 61] | SPR016_IMPLEMENTATION_REPORT.md [PATH_REFERENCE; HIGH; line 7] | SPR017_TECHNICAL_SPECIFICATION.md [PATH_REFERENCE; HIGH; line 54] | SPR017E_NOVA_AUDITORIA_FORMAL.md [PATH_REFERENCE; HIGH; line 52] | SPR017E_NOVA_AUDITORIA_FORMAL.md [PATH_REFERENCE; HIGH; line 79],19,CKO_INDEX_ARCHITECTURE.md [PATH_REFERENCE; HIGH; line 80] | SPR010_IMPLEMENTATION_REPORT.md [IDENTIFIER_REFERENCE; MEDIUM; line 10] | SPR010_IMPLEMENTATION_REPORT.md [IDENTIFIER_REFERENCE; MEDIUM; line 24] | SPR010_IMPLEMENTATION_REPORT.md [IDENTIFIER_REFERENCE; MEDIUM; line 30] | SPR010_IMPLEMENTATION_REPORT.md [IDENTIFIER_REFERENCE; MEDIUM; line 34] | SPR010_IMPLEMENTATION_REPORT.md [IDENTIFIER_REFERENCE; MEDIUM; line 36] | SPR010_IMPLEMENTATION_REPORT.md [IDENTIFIER_REFERENCE; MEDIUM; line 66] | SPR011_IMPLEMENTATION_REPORT.md [IDENTIFIER_REFERENCE; MEDIUM; line 25] | SPR011_IMPLEMENTATION_REPORT.md [IDENTIFIER_REFERENCE; MEDIUM; line 37] | SPR012_IMPLEMENTATION_REPORT.md [IDENTIFIER_REFERENCE; MEDIUM; line 26] | SPR012_IMPLEMENTATION_REPORT.md [IDENTIFIER_REFERENCE; MEDIUM; line 38] | SPR013_IMPLEMENTATION_REPORT.md [IDENTIFIER_REFERENCE; MEDIUM; line 27] | SPR013_IMPLEMENTATION_REPORT.md [IDENTIFIER_REFERENCE; MEDIUM; line 39] | SPR014_IMPLEMENTATION_REPORT.md [IDENTIFIER_REFERENCE; MEDIUM; line 28] | SPR014_IMPLEMENTATION_REPORT.md [IDENTIFIER_REFERENCE; MEDIUM; line 40] | SPR015_IMPLEMENTATION_REPORT.md [IDENTIFIER_REFERENCE; MEDIUM; line 10] | SPR015_IMPLEMENTATION_REPORT.md [IDENTIFIER_REFERENCE; MEDIUM; line 29] | SPR015_IMPLEMENTATION_REPORT.md [IDENTIFIER_REFERENCE; MEDIUM; line 41],9,17,HIGH_REFERENCE_RISK,HIGH,YES,Confirmed HIGH/MEDIUM references recorded in AUD-004 reference matrix.
INV-0162,SPR017_HOMOLOGATION_REPORT.md,MOVE,YES,CKO_CORE_BASELINE_CONSOLIDATION_REPORT.md [PATH_REFERENCE; HIGH; line 23] | CKO_CORE_BASELINE_CONSOLIDATION_REPORT.md [PATH_REFERENCE; HIGH; line 293] | CKO_CORE_BASELINE_CONSOLIDATION_REPORT.md [PATH_REFERENCE; HIGH; line 30] | CKO_CORE_BASELINE_EXECUTION_REPORT.md [PATH_REFERENCE; HIGH; line 533] | CKO_CORE_BASELINE_EXECUTION_REPORT.md [PATH_REFERENCE; HIGH; line 627] | CKO_CORE_V1_PUBLIC_API_CATALOG.md [PATH_REFERENCE; HIGH; line 5] | docs/governance/GOV-006_PROJECT_DOSSIER.md [PATH_REFERENCE; HIGH; line 733] | docs/sprints/SPR-018_TERMO_DE_ABERTURA.md [PATH_REFERENCE; HIGH; line 190] | README.md [PATH_REFERENCE; HIGH; line 15] | SPR018_DISCOVERY_AND_SCOPE.md [PATH_REFERENCE; HIGH; line 11],YES,DOCUMENTARY_DEPENDENCY,10,CKO_CORE_BASELINE_CONSOLIDATION_REPORT.md [PATH_REFERENCE; HIGH; line 23] | CKO_CORE_BASELINE_CONSOLIDATION_REPORT.md [PATH_REFERENCE; HIGH; line 293] | CKO_CORE_BASELINE_CONSOLIDATION_REPORT.md [PATH_REFERENCE; HIGH; line 30] | CKO_CORE_BASELINE_EXECUTION_REPORT.md [PATH_REFERENCE; HIGH; line 533] | CKO_CORE_BASELINE_EXECUTION_REPORT.md [PATH_REFERENCE; HIGH; line 627] | CKO_CORE_V1_PUBLIC_API_CATALOG.md [PATH_REFERENCE; HIGH; line 5] | docs/governance/GOV-006_PROJECT_DOSSIER.md [PATH_REFERENCE; HIGH; line 733] | docs/sprints/SPR-018_TERMO_DE_ABERTURA.md [PATH_REFERENCE; HIGH; line 190] | README.md [PATH_REFERENCE; HIGH; line 15] | SPR018_DISCOVERY_AND_SCOPE.md [PATH_REFERENCE; HIGH; line 11],12,.gitignore [PATH_REFERENCE; HIGH; line 15] | CKO_CORE_V1_TEST_AND_COVERAGE_REPORT.md [PATH_REFERENCE; HIGH; line 104] | docs/sprint/CKO-SPR-005A_TERMO_OFICIAL.md [IDENTIFIER_REFERENCE; MEDIUM; line 102] | pyproject.toml [PATH_REFERENCE; HIGH; line 15] | SPR010_IMPLEMENTATION_REPORT.md [IDENTIFIER_REFERENCE; MEDIUM; line 45] | SPR010_IMPLEMENTATION_REPORT.md [IDENTIFIER_REFERENCE; MEDIUM; line 92] | SPR016_IMPLEMENTATION_REPORT.md [PATH_REFERENCE; HIGH; line 104] | SPR017_IMPLEMENTATION_REPORT.md [PATH_REFERENCE; HIGH; line 25] | SPR017_PREIMPLEMENTATION_ARCHITECTURE_AUDIT.md [PATH_REFERENCE; HIGH; line 104] | SPR017_TECHNICAL_SPECIFICATION.md [PATH_REFERENCE; HIGH; line 23] | SPR017G_VERIFICACAO_FINAL.md [IDENTIFIER_REFERENCE; MEDIUM; line 24] | SPR017G_VERIFICACAO_FINAL.md [PATH_REFERENCE; HIGH; line 24],18,4,HIGH_REFERENCE_RISK,HIGH,YES,Confirmed HIGH/MEDIUM references recorded in AUD-004 reference matrix.
INV-0163,SPR017_IMPLEMENTATION_REPORT.md,MOVE,YES,CKO_CORE_BASELINE_CONSOLIDATION_REPORT.md [PATH_REFERENCE; HIGH; line 294] | CKO_CORE_BASELINE_CONSOLIDATION_REPORT.md [PATH_REFERENCE; HIGH; line 31] | CKO_CORE_BASELINE_CONSOLIDATION_REPORT.md [PATH_REFERENCE; HIGH; line 345] | CKO_CORE_BASELINE_CONSOLIDATION_REPORT.md [PATH_REFERENCE; HIGH; line 507] | CKO_CORE_BASELINE_CONSOLIDATION_REPORT.md [PATH_REFERENCE; HIGH; line 508] | CKO_CORE_BASELINE_CONSOLIDATION_REPORT.md [PATH_REFERENCE; HIGH; line 509] | CKO_CORE_BASELINE_CONSOLIDATION_REPORT.md [PATH_REFERENCE; HIGH; line 510] | CKO_CORE_BASELINE_CONSOLIDATION_REPORT.md [PATH_REFERENCE; HIGH; line 511] | CKO_CORE_BASELINE_CONSOLIDATION_REPORT.md [PATH_REFERENCE; HIGH; line 512] | CKO_CORE_BASELINE_CONSOLIDATION_REPORT.md [PATH_REFERENCE; HIGH; line 513] | CKO_CORE_BASELINE_CONSOLIDATION_REPORT.md [PATH_REFERENCE; HIGH; line 514] | CKO_CORE_BASELINE_CONSOLIDATION_REPORT.md [PATH_REFERENCE; HIGH; line 515] | CKO_CORE_BASELINE_CONSOLIDATION_REPORT.md [PATH_REFERENCE; HIGH; line 516] | CKO_CORE_BASELINE_CONSOLIDATION_REPORT.md [PATH_REFERENCE; HIGH; line 517] | CKO_CORE_BASELINE_CONSOLIDATION_REPORT.md [PATH_REFERENCE; HIGH; line 518] | CKO_CORE_BASELINE_CONSOLIDATION_REPORT.md [PATH_REFERENCE; HIGH; line 519] | CKO_CORE_BASELINE_CONSOLIDATION_REPORT.md [PATH_REFERENCE; HIGH; line 520] | CKO_CORE_BASELINE_CONSOLIDATION_REPORT.md [PATH_REFERENCE; HIGH; line 521] | CKO_CORE_BASELINE_CONSOLIDATION_REPORT.md [PATH_REFERENCE; HIGH; line 638] | CKO_CORE_BASELINE_EXECUTION_REPORT.md [PATH_REFERENCE; HIGH; line 534] | CKO_CORE_BASELINE_EXECUTION_REPORT.md [PATH_REFERENCE; HIGH; line 626] | CKO_CORE_V1_PUBLIC_API_CATALOG.md [PATH_REFERENCE; HIGH; line 5] | docs/governance/GOV-006_PROJECT_DOSSIER.md [PATH_REFERENCE; HIGH; line 732] | SPR017_HOMOLOGATION_REPORT.md [PATH_REFERENCE; HIGH; line 25] | SPR017_TECHNICAL_SPECIFICATION.md [PATH_REFERENCE; HIGH; line 1029] | SPR017_TECHNICAL_SPECIFICATION.md [PATH_REFERENCE; HIGH; line 650],YES,DOCUMENTARY_DEPENDENCY,26,CKO_CORE_BASELINE_CONSOLIDATION_REPORT.md [PATH_REFERENCE; HIGH; line 294] | CKO_CORE_BASELINE_CONSOLIDATION_REPORT.md [PATH_REFERENCE; HIGH; line 31] | CKO_CORE_BASELINE_CONSOLIDATION_REPORT.md [PATH_REFERENCE; HIGH; line 345] | CKO_CORE_BASELINE_CONSOLIDATION_REPORT.md [PATH_REFERENCE; HIGH; line 507] | CKO_CORE_BASELINE_CONSOLIDATION_REPORT.md [PATH_REFERENCE; HIGH; line 508] | CKO_CORE_BASELINE_CONSOLIDATION_REPORT.md [PATH_REFERENCE; HIGH; line 509] | CKO_CORE_BASELINE_CONSOLIDATION_REPORT.md [PATH_REFERENCE; HIGH; line 510] | CKO_CORE_BASELINE_CONSOLIDATION_REPORT.md [PATH_REFERENCE; HIGH; line 511] | CKO_CORE_BASELINE_CONSOLIDATION_REPORT.md [PATH_REFERENCE; HIGH; line 512] | CKO_CORE_BASELINE_CONSOLIDATION_REPORT.md [PATH_REFERENCE; HIGH; line 513] | CKO_CORE_BASELINE_CONSOLIDATION_REPORT.md [PATH_REFERENCE; HIGH; line 514] | CKO_CORE_BASELINE_CONSOLIDATION_REPORT.md [PATH_REFERENCE; HIGH; line 515] | CKO_CORE_BASELINE_CONSOLIDATION_REPORT.md [PATH_REFERENCE; HIGH; line 516] | CKO_CORE_BASELINE_CONSOLIDATION_REPORT.md [PATH_REFERENCE; HIGH; line 517] | CKO_CORE_BASELINE_CONSOLIDATION_REPORT.md [PATH_REFERENCE; HIGH; line 518] | CKO_CORE_BASELINE_CONSOLIDATION_REPORT.md [PATH_REFERENCE; HIGH; line 519] | CKO_CORE_BASELINE_CONSOLIDATION_REPORT.md [PATH_REFERENCE; HIGH; line 520] | CKO_CORE_BASELINE_CONSOLIDATION_REPORT.md [PATH_REFERENCE; HIGH; line 521] | CKO_CORE_BASELINE_CONSOLIDATION_REPORT.md [PATH_REFERENCE; HIGH; line 638] | CKO_CORE_BASELINE_EXECUTION_REPORT.md [PATH_REFERENCE; HIGH; line 534] | CKO_CORE_BASELINE_EXECUTION_REPORT.md [PATH_REFERENCE; HIGH; line 626] | CKO_CORE_V1_PUBLIC_API_CATALOG.md [PATH_REFERENCE; HIGH; line 5] | docs/governance/GOV-006_PROJECT_DOSSIER.md [PATH_REFERENCE; HIGH; line 732] | SPR017_HOMOLOGATION_REPORT.md [PATH_REFERENCE; HIGH; line 25] | SPR017_TECHNICAL_SPECIFICATION.md [PATH_REFERENCE; HIGH; line 1029] | SPR017_TECHNICAL_SPECIFICATION.md [PATH_REFERENCE; HIGH; line 650],13,.gitignore [PATH_REFERENCE; HIGH; line 11] | CKO_PROVENANCE_STATEMENT_API.md [PATH_REFERENCE; HIGH; line 39] | CKO_PROVENANCE_STATEMENT_ARCHITECTURE.md [PATH_REFERENCE; HIGH; line 38] | CKO_PROVENANCE_STATEMENT_INTEGRATION.md [PATH_REFERENCE; HIGH; line 43] | CKO_PROVENANCE_STATEMENT_MODEL_GUIDE.md [PATH_REFERENCE; HIGH; line 40] | CKO_PROVENANCE_STATEMENT_OPERATIONS.md [PATH_REFERENCE; HIGH; line 42] | CKO_PROVENANCE_STATEMENT_SERIALIZATION.md [PATH_REFERENCE; HIGH; line 41] | docs/sprint/CKO-SPR-005A_TERMO_OFICIAL.md [IDENTIFIER_REFERENCE; MEDIUM; line 90] | pyproject.toml [PATH_REFERENCE; HIGH; line 11] | SPR010_IMPLEMENTATION_REPORT.md [IDENTIFIER_REFERENCE; MEDIUM; line 160] | SPR010_IMPLEMENTATION_REPORT.md [IDENTIFIER_REFERENCE; MEDIUM; line 88] | SPR017G_VERIFICACAO_FINAL.md [IDENTIFIER_REFERENCE; MEDIUM; line 48] | SPR017G_VERIFICACAO_FINAL.md [PATH_REFERENCE; HIGH; line 48],35,4,HIGH_REFERENCE_RISK,HIGH,YES,Confirmed HIGH/MEDIUM references recorded in AUD-004 reference matrix.
INV-0164,SPR017_PREIMPLEMENTATION_ARCHITECTURE_AUDIT.md,MOVE,YES,CKO_CORE_BASELINE_CONSOLIDATION_REPORT.md [PATH_REFERENCE; HIGH; line 295] | CKO_CORE_BASELINE_EXECUTION_REPORT.md [PATH_REFERENCE; HIGH; line 535] | SPR017_HOMOLOGATION_REPORT.md [PATH_REFERENCE; HIGH; line 104] | SPR017_TECHNICAL_SPECIFICATION.md [PATH_REFERENCE; HIGH; line 55] | SPR017_TECHNICAL_SPECIFICATION_AUDIT.md [PATH_REFERENCE; HIGH; line 22] | SPR017E_NOVA_AUDITORIA_FORMAL.md [PATH_REFERENCE; HIGH; line 39] | SPR017E_NOVA_AUDITORIA_FORMAL.md [PATH_REFERENCE; HIGH; line 50] | SPR017E_NOVA_AUDITORIA_FORMAL.md [PATH_REFERENCE; HIGH; line 79],YES,DOCUMENTARY_DEPENDENCY,8,CKO_CORE_BASELINE_CONSOLIDATION_REPORT.md [PATH_REFERENCE; HIGH; line 295] | CKO_CORE_BASELINE_EXECUTION_REPORT.md [PATH_REFERENCE; HIGH; line 535] | SPR017_HOMOLOGATION_REPORT.md [PATH_REFERENCE; HIGH; line 104] | SPR017_TECHNICAL_SPECIFICATION.md [PATH_REFERENCE; HIGH; line 55] | SPR017_TECHNICAL_SPECIFICATION_AUDIT.md [PATH_REFERENCE; HIGH; line 22] | SPR017E_NOVA_AUDITORIA_FORMAL.md [PATH_REFERENCE; HIGH; line 39] | SPR017E_NOVA_AUDITORIA_FORMAL.md [PATH_REFERENCE; HIGH; line 50] | SPR017E_NOVA_AUDITORIA_FORMAL.md [PATH_REFERENCE; HIGH; line 79],47,CKO_CORE_V1_DEPENDENCY_MATRIX.md [PATH_REFERENCE; HIGH; line 428] | CKO_CORE_V1_DEPENDENCY_MATRIX.md [PATH_REFERENCE; HIGH; line 63] | CKO_CORE_V1_PUBLIC_API_CATALOG.md [PATH_REFERENCE; HIGH; line 428] | CKO_CORE_V1_PUBLIC_API_CATALOG.md [PATH_REFERENCE; HIGH; line 61] | CKO_CORE_V1_PUBLIC_API_CATALOG.md [PATH_REFERENCE; HIGH; line 62] | CKO_CORPUS_ARCHITECTURE.md [PATH_REFERENCE; HIGH; line 185] | CKO_CORPUS_ARCHITECTURE.md [PATH_REFERENCE; HIGH; line 243] | CKO_GRAPH_ARCHITECTURE.md [PATH_REFERENCE; HIGH; line 183] | CKO_GRAPH_ARCHITECTURE.md [PATH_REFERENCE; HIGH; line 233] | CKO_KNOWLEDGE_OBJECT_ARCHITECTURE.md [PATH_REFERENCE; HIGH; line 199] | CKO_RELATIONSHIP_ARCHITECTURE.md [PATH_REFERENCE; HIGH; line 181] | docs/sprint/CKO-SPR-005A_TERMO_OFICIAL.md [IDENTIFIER_REFERENCE; MEDIUM; line 53] | pyproject.toml [PATH_REFERENCE; HIGH; line 39] | pyproject.toml [PATH_REFERENCE; HIGH; line 62] | SPR008A_IMPLEMENTATION_REPORT.md [IDENTIFIER_REFERENCE; MEDIUM; line 9] | SPR010_IMPLEMENTATION_REPORT.md [IDENTIFIER_REFERENCE; MEDIUM; line 17] | SPR010_IMPLEMENTATION_REPORT.md [IDENTIFIER_REFERENCE; MEDIUM; line 18] | SPR010_IMPLEMENTATION_REPORT.md [IDENTIFIER_REFERENCE; MEDIUM; line 190] | SPR010_IMPLEMENTATION_REPORT.md [IDENTIFIER_REFERENCE; MEDIUM; line 199] | SPR010_IMPLEMENTATION_REPORT.md [IDENTIFIER_REFERENCE; MEDIUM; line 257] | SPR010_IMPLEMENTATION_REPORT.md [IDENTIFIER_REFERENCE; MEDIUM; line 269] | SPR010_IMPLEMENTATION_REPORT.md [IDENTIFIER_REFERENCE; MEDIUM; line 411] | SPR010_IMPLEMENTATION_REPORT.md [IDENTIFIER_REFERENCE; MEDIUM; line 44] | SPR010_IMPLEMENTATION_REPORT.md [IDENTIFIER_REFERENCE; MEDIUM; line 61] | SPR010_IMPLEMENTATION_REPORT.md [IDENTIFIER_REFERENCE; MEDIUM; line 63] | SPR010_IMPLEMENTATION_REPORT.md [IDENTIFIER_REFERENCE; MEDIUM; line 73] | SPR010_IMPLEMENTATION_REPORT.md [IDENTIFIER_REFERENCE; MEDIUM; line 86] | SPR010_IMPLEMENTATION_REPORT.md [IDENTIFIER_REFERENCE; MEDIUM; line 95] | SPR010_IMPLEMENTATION_REPORT.md [IDENTIFIER_REFERENCE; MEDIUM; line 97] | SPR010_IMPLEMENTATION_REPORT.md [IDENTIFIER_REFERENCE; MEDIUM; line 9] | SPR011_IMPLEMENTATION_REPORT.md [IDENTIFIER_REFERENCE; MEDIUM; line 19] | SPR011_IMPLEMENTATION_REPORT.md [IDENTIFIER_REFERENCE; MEDIUM; line 207] | SPR011_IMPLEMENTATION_REPORT.md [IDENTIFIER_REFERENCE; MEDIUM; line 87] | SPR012_IMPLEMENTATION_REPORT.md [IDENTIFIER_REFERENCE; MEDIUM; line 191] | SPR012_IMPLEMENTATION_REPORT.md [IDENTIFIER_REFERENCE; MEDIUM; line 20] | SPR012_IMPLEMENTATION_REPORT.md [IDENTIFIER_REFERENCE; MEDIUM; line 88] | SPR013_IMPLEMENTATION_REPORT.md [IDENTIFIER_REFERENCE; MEDIUM; line 192] | SPR013_IMPLEMENTATION_REPORT.md [IDENTIFIER_REFERENCE; MEDIUM; line 21] | SPR013_IMPLEMENTATION_REPORT.md [IDENTIFIER_REFERENCE; MEDIUM; line 89] | SPR014_IMPLEMENTATION_REPORT.md [IDENTIFIER_REFERENCE; MEDIUM; line 90] | SPR015_IMPLEMENTATION_REPORT.md [IDENTIFIER_REFERENCE; MEDIUM; line 22] | SPR015_IMPLEMENTATION_REPORT.md [IDENTIFIER_REFERENCE; MEDIUM; line 91] | SPR016_IMPLEMENTATION_REPORT.md [PATH_REFERENCE; HIGH; line 53] | SPR016_IMPLEMENTATION_REPORT.md [PATH_REFERENCE; HIGH; line 57],26,29,HIGH_REFERENCE_RISK,HIGH,YES,Confirmed HIGH/MEDIUM references recorded in AUD-004 reference matrix.
INV-0165,SPR017_TECHNICAL_SPECIFICATION.md,MOVE,YES,CKO_CORE_BASELINE_CONSOLIDATION_REPORT.md [PATH_REFERENCE; HIGH; line 296] | CKO_CORE_BASELINE_CONSOLIDATION_REPORT.md [PATH_REFERENCE; HIGH; line 32] | CKO_CORE_BASELINE_EXECUTION_REPORT.md [PATH_REFERENCE; HIGH; line 536] | CKO_CORE_BASELINE_EXECUTION_REPORT.md [PATH_REFERENCE; HIGH; line 625] | docs/governance/GOV-006_PROJECT_DOSSIER.md [PATH_REFERENCE; HIGH; line 728] | SPR017_HOMOLOGATION_REPORT.md [PATH_REFERENCE; HIGH; line 23] | SPR017_TECHNICAL_SPECIFICATION_AUDIT.md [PATH_REFERENCE; HIGH; line 22] | SPR017E_NOVA_AUDITORIA_FORMAL.md [PATH_REFERENCE; HIGH; line 10] | SPR017E_NOVA_AUDITORIA_FORMAL.md [PATH_REFERENCE; HIGH; line 49] | SPR017E_NOVA_AUDITORIA_FORMAL.md [PATH_REFERENCE; HIGH; line 79] | SPR017G_VERIFICACAO_FINAL.md [PATH_REFERENCE; HIGH; line 12],YES,DOCUMENTARY_DEPENDENCY,11,CKO_CORE_BASELINE_CONSOLIDATION_REPORT.md [PATH_REFERENCE; HIGH; line 296] | CKO_CORE_BASELINE_CONSOLIDATION_REPORT.md [PATH_REFERENCE; HIGH; line 32] | CKO_CORE_BASELINE_EXECUTION_REPORT.md [PATH_REFERENCE; HIGH; line 536] | CKO_CORE_BASELINE_EXECUTION_REPORT.md [PATH_REFERENCE; HIGH; line 625] | docs/governance/GOV-006_PROJECT_DOSSIER.md [PATH_REFERENCE; HIGH; line 728] | SPR017_HOMOLOGATION_REPORT.md [PATH_REFERENCE; HIGH; line 23] | SPR017_TECHNICAL_SPECIFICATION_AUDIT.md [PATH_REFERENCE; HIGH; line 22] | SPR017E_NOVA_AUDITORIA_FORMAL.md [PATH_REFERENCE; HIGH; line 10] | SPR017E_NOVA_AUDITORIA_FORMAL.md [PATH_REFERENCE; HIGH; line 49] | SPR017E_NOVA_AUDITORIA_FORMAL.md [PATH_REFERENCE; HIGH; line 79] | SPR017G_VERIFICACAO_FINAL.md [PATH_REFERENCE; HIGH; line 12],41,ARCH-001_CKO_CORE_MASTER_ARCHITECTURE_v1.2.md [PATH_REFERENCE; HIGH; line 47] | CKO_BUILD.cmd [PATH_REFERENCE; HIGH; line 665] | CKO_CORE_V1_ARCHITECTURE_DECISION.md [PATH_REFERENCE; HIGH; line 48] | CKO_CORE_V1_DEPENDENCY_MATRIX.md [PATH_REFERENCE; HIGH; line 49] | CKO_CORE_V1_DEPENDENCY_MATRIX.md [PATH_REFERENCE; HIGH; line 579] | CKO_CORE_V1_EXCEPTION_HIERARCHY.md [PATH_REFERENCE; HIGH; line 50] | CKO_CORE_V1_PUBLIC_API_CATALOG.md [PATH_REFERENCE; HIGH; line 51] | CKO_CORE_V1_PUBLIC_API_CATALOG.md [PATH_REFERENCE; HIGH; line 579] | CKO_PROVENANCE_STATEMENT_API.md [PATH_REFERENCE; HIGH; line 652] | CKO_PROVENANCE_STATEMENT_ARCHITECTURE.md [PATH_REFERENCE; HIGH; line 651] | CKO_PROVENANCE_STATEMENT_INTEGRATION.md [PATH_REFERENCE; HIGH; line 656] | CKO_PROVENANCE_STATEMENT_MODEL_GUIDE.md [PATH_REFERENCE; HIGH; line 653] | CKO_PROVENANCE_STATEMENT_OPERATIONS.md [PATH_REFERENCE; HIGH; line 655] | CKO_PROVENANCE_STATEMENT_SERIALIZATION.md [PATH_REFERENCE; HIGH; line 654] | pyproject.toml [PATH_REFERENCE; HIGH; line 31] | pyproject.toml [PATH_REFERENCE; HIGH; line 680] | SPR008A_IMPLEMENTATION_REPORT.md [IDENTIFIER_REFERENCE; MEDIUM; line 30] | SPR010_IMPLEMENTATION_REPORT.md [IDENTIFIER_REFERENCE; MEDIUM; line 152] | SPR010_IMPLEMENTATION_REPORT.md [IDENTIFIER_REFERENCE; MEDIUM; line 30] | SPR010_IMPLEMENTATION_REPORT.md [IDENTIFIER_REFERENCE; MEDIUM; line 34] | SPR010_IMPLEMENTATION_REPORT.md [IDENTIFIER_REFERENCE; MEDIUM; line 506] | SPR010_IMPLEMENTATION_REPORT.md [IDENTIFIER_REFERENCE; MEDIUM; line 52] | SPR010_IMPLEMENTATION_REPORT.md [IDENTIFIER_REFERENCE; MEDIUM; line 53] | SPR010_IMPLEMENTATION_REPORT.md [IDENTIFIER_REFERENCE; MEDIUM; line 571] | SPR010_IMPLEMENTATION_REPORT.md [IDENTIFIER_REFERENCE; MEDIUM; line 579] | SPR010_IMPLEMENTATION_REPORT.md [IDENTIFIER_REFERENCE; MEDIUM; line 587] | SPR010_IMPLEMENTATION_REPORT.md [IDENTIFIER_REFERENCE; MEDIUM; line 588] | SPR010_IMPLEMENTATION_REPORT.md [IDENTIFIER_REFERENCE; MEDIUM; line 621] | SPR010_IMPLEMENTATION_REPORT.md [IDENTIFIER_REFERENCE; MEDIUM; line 767] | SPR011_IMPLEMENTATION_REPORT.md [IDENTIFIER_REFERENCE; MEDIUM; line 507] | SPR012_IMPLEMENTATION_REPORT.md [IDENTIFIER_REFERENCE; MEDIUM; line 508] | SPR013_IMPLEMENTATION_REPORT.md [IDENTIFIER_REFERENCE; MEDIUM; line 509] | SPR014_IMPLEMENTATION_REPORT.md [IDENTIFIER_REFERENCE; MEDIUM; line 510] | SPR015_IMPLEMENTATION_REPORT.md [IDENTIFIER_REFERENCE; MEDIUM; line 511] | SPR016_IMPLEMENTATION_REPORT.md [PATH_REFERENCE; HIGH; line 54] | SPR016_PREIMPLEMENTATION_ARCHITECTURE_AUDIT.md [PATH_REFERENCE; HIGH; line 54] | SPR017_IMPLEMENTATION_REPORT.md [PATH_REFERENCE; HIGH; line 1029] | SPR017_IMPLEMENTATION_REPORT.md [PATH_REFERENCE; HIGH; line 650] | SPR017_PREIMPLEMENTATION_ARCHITECTURE_AUDIT.md [PATH_REFERENCE; HIGH; line 55] | SPR017E_NOVA_AUDITORIA_FORMAL.md [IDENTIFIER_REFERENCE; MEDIUM; line 62] | SPR017E_NOVA_AUDITORIA_FORMAL.md [PATH_REFERENCE; HIGH; line 62],33,19,HIGH_REFERENCE_RISK,HIGH,YES,Confirmed HIGH/MEDIUM references recorded in AUD-004 reference matrix.
INV-0166,SPR017_TECHNICAL_SPECIFICATION_AUDIT.md,MOVE,YES,CKO_CORE_BASELINE_CONSOLIDATION_REPORT.md [PATH_REFERENCE; HIGH; line 297] | CKO_CORE_BASELINE_EXECUTION_REPORT.md [PATH_REFERENCE; HIGH; line 537] | docs/governance/GOV-006_PROJECT_DOSSIER.md [PATH_REFERENCE; HIGH; line 729] | SPR017E_NOVA_AUDITORIA_FORMAL.md [PATH_REFERENCE; HIGH; line 40] | SPR017E_NOVA_AUDITORIA_FORMAL.md [PATH_REFERENCE; HIGH; line 51] | SPR017E_NOVA_AUDITORIA_FORMAL.md [PATH_REFERENCE; HIGH; line 79],YES,DOCUMENTARY_DEPENDENCY,6,CKO_CORE_BASELINE_CONSOLIDATION_REPORT.md [PATH_REFERENCE; HIGH; line 297] | CKO_CORE_BASELINE_EXECUTION_REPORT.md [PATH_REFERENCE; HIGH; line 537] | docs/governance/GOV-006_PROJECT_DOSSIER.md [PATH_REFERENCE; HIGH; line 729] | SPR017E_NOVA_AUDITORIA_FORMAL.md [PATH_REFERENCE; HIGH; line 40] | SPR017E_NOVA_AUDITORIA_FORMAL.md [PATH_REFERENCE; HIGH; line 51] | SPR017E_NOVA_AUDITORIA_FORMAL.md [PATH_REFERENCE; HIGH; line 79],6,.gitignore [PATH_REFERENCE; HIGH; line 19] | pyproject.toml [PATH_REFERENCE; HIGH; line 19] | SPR010_IMPLEMENTATION_REPORT.md [IDENTIFIER_REFERENCE; MEDIUM; line 22] | SPR017_PREIMPLEMENTATION_ARCHITECTURE_AUDIT.md [PATH_REFERENCE; HIGH; line 22] | SPR017_TECHNICAL_SPECIFICATION.md [PATH_REFERENCE; HIGH; line 22] | src/cko.egg-info/PKG-INFO [FILENAME_REFERENCE; MEDIUM; line 25],11,1,HIGH_REFERENCE_RISK,HIGH,YES,Confirmed HIGH/MEDIUM references recorded in AUD-004 reference matrix.
INV-0167,SPR017E_NOVA_AUDITORIA_FORMAL.md,MOVE,YES,CKO_CORE_BASELINE_CONSOLIDATION_REPORT.md [IDENTIFIER_REFERENCE; MEDIUM; line 291] | CKO_CORE_BASELINE_CONSOLIDATION_REPORT.md [PATH_REFERENCE; HIGH; line 291] | CKO_CORE_BASELINE_EXECUTION_REPORT.md [IDENTIFIER_REFERENCE; MEDIUM; line 531] | CKO_CORE_BASELINE_EXECUTION_REPORT.md [PATH_REFERENCE; HIGH; line 531] | docs/governance/GOV-006_PROJECT_DOSSIER.md [IDENTIFIER_REFERENCE; MEDIUM; line 730] | docs/governance/GOV-006_PROJECT_DOSSIER.md [PATH_REFERENCE; HIGH; line 730] | GOV-005_PROJECT_EFFORT_AUDIT.md [IDENTIFIER_REFERENCE; MEDIUM; line 442] | SPR017_TECHNICAL_SPECIFICATION.md [IDENTIFIER_REFERENCE; MEDIUM; line 62] | SPR017_TECHNICAL_SPECIFICATION.md [PATH_REFERENCE; HIGH; line 62],YES,DOCUMENTARY_DEPENDENCY,9,CKO_CORE_BASELINE_CONSOLIDATION_REPORT.md [IDENTIFIER_REFERENCE; MEDIUM; line 291] | CKO_CORE_BASELINE_CONSOLIDATION_REPORT.md [PATH_REFERENCE; HIGH; line 291] | CKO_CORE_BASELINE_EXECUTION_REPORT.md [IDENTIFIER_REFERENCE; MEDIUM; line 531] | CKO_CORE_BASELINE_EXECUTION_REPORT.md [PATH_REFERENCE; HIGH; line 531] | docs/governance/GOV-006_PROJECT_DOSSIER.md [IDENTIFIER_REFERENCE; MEDIUM; line 730] | docs/governance/GOV-006_PROJECT_DOSSIER.md [PATH_REFERENCE; HIGH; line 730] | GOV-005_PROJECT_EFFORT_AUDIT.md [IDENTIFIER_REFERENCE; MEDIUM; line 442] | SPR017_TECHNICAL_SPECIFICATION.md [IDENTIFIER_REFERENCE; MEDIUM; line 62] | SPR017_TECHNICAL_SPECIFICATION.md [PATH_REFERENCE; HIGH; line 62],28,.gitignore [PATH_REFERENCE; HIGH; line 76] | advanced_engine.py [PATH_REFERENCE; HIGH; line 79] | ARCH-001_CKO_CORE_MASTER_ARCHITECTURE_v1.2.md [PATH_REFERENCE; HIGH; line 54] | CKO_CORE_V1_ARCHITECTURE_DECISION.md [PATH_REFERENCE; HIGH; line 55] | CKO_CORE_V1_DEPENDENCY_MATRIX.md [PATH_REFERENCE; HIGH; line 56] | CKO_CORE_V1_EXCEPTION_HIERARCHY.md [PATH_REFERENCE; HIGH; line 57] | CKO_CORE_V1_PUBLIC_API_CATALOG.md [PATH_REFERENCE; HIGH; line 58] | inventory.txt [PATH_REFERENCE; HIGH; line 79] | pyproject.toml [PATH_REFERENCE; HIGH; line 112] | pyproject.toml [PATH_REFERENCE; HIGH; line 60] | pyproject.toml [PATH_REFERENCE; HIGH; line 76] | SPR010_IMPLEMENTATION_REPORT.md [IDENTIFIER_REFERENCE; MEDIUM; line 220] | SPR010_IMPLEMENTATION_REPORT.md [IDENTIFIER_REFERENCE; MEDIUM; line 222] | SPR010_IMPLEMENTATION_REPORT.md [IDENTIFIER_REFERENCE; MEDIUM; line 361] | SPR010_IMPLEMENTATION_REPORT.md [IDENTIFIER_REFERENCE; MEDIUM; line 53] | SPR015_IMPLEMENTATION_REPORT.md [IDENTIFIER_REFERENCE; MEDIUM; line 53] | SPR016_IMPLEMENTATION_REPORT.md [PATH_REFERENCE; HIGH; line 53] | SPR016_PREIMPLEMENTATION_ARCHITECTURE_AUDIT.md [PATH_REFERENCE; HIGH; line 52] | SPR016_PREIMPLEMENTATION_ARCHITECTURE_AUDIT.md [PATH_REFERENCE; HIGH; line 79] | SPR017_PREIMPLEMENTATION_ARCHITECTURE_AUDIT.md [PATH_REFERENCE; HIGH; line 39] | SPR017_PREIMPLEMENTATION_ARCHITECTURE_AUDIT.md [PATH_REFERENCE; HIGH; line 50] | SPR017_PREIMPLEMENTATION_ARCHITECTURE_AUDIT.md [PATH_REFERENCE; HIGH; line 79] | SPR017_TECHNICAL_SPECIFICATION.md [PATH_REFERENCE; HIGH; line 10] | SPR017_TECHNICAL_SPECIFICATION.md [PATH_REFERENCE; HIGH; line 49] | SPR017_TECHNICAL_SPECIFICATION.md [PATH_REFERENCE; HIGH; line 79] | SPR017_TECHNICAL_SPECIFICATION_AUDIT.md [PATH_REFERENCE; HIGH; line 40] | SPR017_TECHNICAL_SPECIFICATION_AUDIT.md [PATH_REFERENCE; HIGH; line 51] | SPR017_TECHNICAL_SPECIFICATION_AUDIT.md [PATH_REFERENCE; HIGH; line 79],27,10,HIGH_REFERENCE_RISK,HIGH,YES,Confirmed HIGH/MEDIUM references recorded in AUD-004 reference matrix.
INV-0168,SPR017G_VERIFICACAO_FINAL.md,MOVE,YES,CKO_CORE_BASELINE_CONSOLIDATION_REPORT.md [IDENTIFIER_REFERENCE; MEDIUM; line 292] | CKO_CORE_BASELINE_CONSOLIDATION_REPORT.md [PATH_REFERENCE; HIGH; line 292] | CKO_CORE_BASELINE_EXECUTION_REPORT.md [IDENTIFIER_REFERENCE; MEDIUM; line 532] | CKO_CORE_BASELINE_EXECUTION_REPORT.md [PATH_REFERENCE; HIGH; line 532] | docs/governance/GOV-006_PROJECT_DOSSIER.md [IDENTIFIER_REFERENCE; MEDIUM; line 731] | docs/governance/GOV-006_PROJECT_DOSSIER.md [PATH_REFERENCE; HIGH; line 731] | SPR017_HOMOLOGATION_REPORT.md [IDENTIFIER_REFERENCE; MEDIUM; line 24] | SPR017_HOMOLOGATION_REPORT.md [PATH_REFERENCE; HIGH; line 24] | SPR017_IMPLEMENTATION_REPORT.md [IDENTIFIER_REFERENCE; MEDIUM; line 48] | SPR017_IMPLEMENTATION_REPORT.md [PATH_REFERENCE; HIGH; line 48],YES,DOCUMENTARY_DEPENDENCY,10,CKO_CORE_BASELINE_CONSOLIDATION_REPORT.md [IDENTIFIER_REFERENCE; MEDIUM; line 292] | CKO_CORE_BASELINE_CONSOLIDATION_REPORT.md [PATH_REFERENCE; HIGH; line 292] | CKO_CORE_BASELINE_EXECUTION_REPORT.md [IDENTIFIER_REFERENCE; MEDIUM; line 532] | CKO_CORE_BASELINE_EXECUTION_REPORT.md [PATH_REFERENCE; HIGH; line 532] | docs/governance/GOV-006_PROJECT_DOSSIER.md [IDENTIFIER_REFERENCE; MEDIUM; line 731] | docs/governance/GOV-006_PROJECT_DOSSIER.md [PATH_REFERENCE; HIGH; line 731] | SPR017_HOMOLOGATION_REPORT.md [IDENTIFIER_REFERENCE; MEDIUM; line 24] | SPR017_HOMOLOGATION_REPORT.md [PATH_REFERENCE; HIGH; line 24] | SPR017_IMPLEMENTATION_REPORT.md [IDENTIFIER_REFERENCE; MEDIUM; line 48] | SPR017_IMPLEMENTATION_REPORT.md [PATH_REFERENCE; HIGH; line 48],3,.gitignore [PATH_REFERENCE; HIGH; line 65] | pyproject.toml [PATH_REFERENCE; HIGH; line 65] | SPR017_TECHNICAL_SPECIFICATION.md [PATH_REFERENCE; HIGH; line 12],8,5,HIGH_REFERENCE_RISK,HIGH,YES,Confirmed HIGH/MEDIUM references recorded in AUD-004 reference matrix.
INV-0169,SPR018_DISCOVERY_AND_SCOPE.md,MOVE,YES,CKO_CORE_BASELINE_CONSOLIDATION_REPORT.md [PATH_REFERENCE; HIGH; line 106] | CKO_CORE_BASELINE_CONSOLIDATION_REPORT.md [PATH_REFERENCE; HIGH; line 113] | CKO_CORE_BASELINE_CONSOLIDATION_REPORT.md [PATH_REFERENCE; HIGH; line 127] | CKO_CORE_BASELINE_CONSOLIDATION_REPORT.md [PATH_REFERENCE; HIGH; line 171] | CKO_CORE_BASELINE_CONSOLIDATION_REPORT.md [PATH_REFERENCE; HIGH; line 23] | CKO_CORE_BASELINE_CONSOLIDATION_REPORT.md [PATH_REFERENCE; HIGH; line 298] | CKO_CORE_BASELINE_CONSOLIDATION_REPORT.md [PATH_REFERENCE; HIGH; line 69] | CKO_CORE_BASELINE_EXECUTION_REPORT.md [PATH_REFERENCE; HIGH; line 581],YES,DOCUMENTARY_DEPENDENCY,8,CKO_CORE_BASELINE_CONSOLIDATION_REPORT.md [PATH_REFERENCE; HIGH; line 106] | CKO_CORE_BASELINE_CONSOLIDATION_REPORT.md [PATH_REFERENCE; HIGH; line 113] | CKO_CORE_BASELINE_CONSOLIDATION_REPORT.md [PATH_REFERENCE; HIGH; line 127] | CKO_CORE_BASELINE_CONSOLIDATION_REPORT.md [PATH_REFERENCE; HIGH; line 171] | CKO_CORE_BASELINE_CONSOLIDATION_REPORT.md [PATH_REFERENCE; HIGH; line 23] | CKO_CORE_BASELINE_CONSOLIDATION_REPORT.md [PATH_REFERENCE; HIGH; line 298] | CKO_CORE_BASELINE_CONSOLIDATION_REPORT.md [PATH_REFERENCE; HIGH; line 69] | CKO_CORE_BASELINE_EXECUTION_REPORT.md [PATH_REFERENCE; HIGH; line 581],23,ARCH-001_CKO_CORE_MASTER_ARCHITECTURE_v1.2.md [PATH_REFERENCE; HIGH; line 23] | CHANGELOG.md [PATH_REFERENCE; HIGH; line 22] | CKO_CORE_V1_ARCHITECTURE_DECISION.md [PATH_REFERENCE; HIGH; line 24] | CKO_CORE_V1_ARCHITECTURE_MAP.md [PATH_REFERENCE; HIGH; line 25] | CKO_CORE_V1_DEPENDENCY_MATRIX.md [PATH_REFERENCE; HIGH; line 26] | CKO_CORE_V1_PUBLIC_API_CATALOG.md [PATH_REFERENCE; HIGH; line 27] | docs/adr/INDEX.md [FILENAME_REFERENCE; MEDIUM; line 33] | docs/governance/BASELINE_PREPARATION_REPORT.md [FILENAME_REFERENCE; MEDIUM; line 127] | README.md [PATH_REFERENCE; HIGH; line 22] | README.md [PATH_REFERENCE; HIGH; line 33] | ROADMAP.md [PATH_REFERENCE; HIGH; line 22] | SPR009A_IMPLEMENTATION_REPORT.md [IDENTIFIER_REFERENCE; MEDIUM; line 42] | SPR009A_IMPLEMENTATION_REPORT.md [IDENTIFIER_REFERENCE; MEDIUM; line 69] | SPR010_IMPLEMENTATION_REPORT.md [IDENTIFIER_REFERENCE; MEDIUM; line 119] | SPR010_IMPLEMENTATION_REPORT.md [IDENTIFIER_REFERENCE; MEDIUM; line 148] | SPR010_IMPLEMENTATION_REPORT.md [IDENTIFIER_REFERENCE; MEDIUM; line 180] | SPR010_IMPLEMENTATION_REPORT.md [IDENTIFIER_REFERENCE; MEDIUM; line 40] | SPR010_IMPLEMENTATION_REPORT.md [IDENTIFIER_REFERENCE; MEDIUM; line 42] | SPR010_IMPLEMENTATION_REPORT.md [IDENTIFIER_REFERENCE; MEDIUM; line 70] | SPR010_IMPLEMENTATION_REPORT.md [IDENTIFIER_REFERENCE; MEDIUM; line 97] | SPR010_IMPLEMENTATION_REPORT.md [IDENTIFIER_REFERENCE; MEDIUM; line 99] | SPR017_HOMOLOGATION_REPORT.md [PATH_REFERENCE; HIGH; line 11],20,11,HIGH_REFERENCE_RISK,HIGH,YES,Confirmed HIGH/MEDIUM references recorded in AUD-004 reference matrix.
INV-0170,src/cko.egg-info/dependency_links.txt,IGNORE_GENERATED,YES,CKO_CORE_BASELINE_CONSOLIDATION_REPORT.md [PATH_REFERENCE; HIGH; line 337] | CKO_CORE_BASELINE_EXECUTION_REPORT.md [PATH_REFERENCE; HIGH; line 640] | docs/audits/documentation/AUD-001_WORKING_TREE_CONSOLIDATION_AUDIT.md [PATH_REFERENCE; HIGH; line 92] | src/cko.egg-info/SOURCES.txt [PATH_REFERENCE; HIGH; line 6],YES,DOCUMENTARY_DEPENDENCY,4,CKO_CORE_BASELINE_CONSOLIDATION_REPORT.md [PATH_REFERENCE; HIGH; line 337] | CKO_CORE_BASELINE_EXECUTION_REPORT.md [PATH_REFERENCE; HIGH; line 640] | docs/audits/documentation/AUD-001_WORKING_TREE_CONSOLIDATION_AUDIT.md [PATH_REFERENCE; HIGH; line 92] | src/cko.egg-info/SOURCES.txt [PATH_REFERENCE; HIGH; line 6],0,NO_VERIFIED_REFERENCE,4,0,MEDIUM_REFERENCE_RISK,HIGH,YES,Confirmed HIGH/MEDIUM references recorded in AUD-004 reference matrix.
INV-0171,src/cko.egg-info/PKG-INFO,IGNORE_GENERATED,YES,ARCH-001_CKO_CORE_MASTER_ARCHITECTURE_v1.2.md [FILENAME_REFERENCE; MEDIUM; line 380] | CKO_CORE_BASELINE_CONSOLIDATION_REPORT.md [PATH_REFERENCE; HIGH; line 335] | CKO_CORE_BASELINE_EXECUTION_REPORT.md [PATH_REFERENCE; HIGH; line 638] | docs/audits/documentation/AUD-001_WORKING_TREE_CONSOLIDATION_AUDIT.md [PATH_REFERENCE; HIGH; line 90] | SPR009A_IMPLEMENTATION_REPORT.md [PATH_REFERENCE; HIGH; line 28] | SPR009A_IMPLEMENTATION_REPORT.md [PATH_REFERENCE; HIGH; line 88] | SPR017_TECHNICAL_SPECIFICATION_AUDIT.md [FILENAME_REFERENCE; MEDIUM; line 25] | src/cko.egg-info/SOURCES.txt [PATH_REFERENCE; HIGH; line 4] | tests/test_core_consolidation_spr009a.py [FILENAME_REFERENCE; MEDIUM; line 65],YES,DOCUMENTARY_DEPENDENCY | OPERATIONAL_DEPENDENCY,9,ARCH-001_CKO_CORE_MASTER_ARCHITECTURE_v1.2.md [FILENAME_REFERENCE; MEDIUM; line 380] | CKO_CORE_BASELINE_CONSOLIDATION_REPORT.md [PATH_REFERENCE; HIGH; line 335] | CKO_CORE_BASELINE_EXECUTION_REPORT.md [PATH_REFERENCE; HIGH; line 638] | docs/audits/documentation/AUD-001_WORKING_TREE_CONSOLIDATION_AUDIT.md [PATH_REFERENCE; HIGH; line 90] | SPR009A_IMPLEMENTATION_REPORT.md [PATH_REFERENCE; HIGH; line 28] | SPR009A_IMPLEMENTATION_REPORT.md [PATH_REFERENCE; HIGH; line 88] | SPR017_TECHNICAL_SPECIFICATION_AUDIT.md [FILENAME_REFERENCE; MEDIUM; line 25] | src/cko.egg-info/SOURCES.txt [PATH_REFERENCE; HIGH; line 4] | tests/test_core_consolidation_spr009a.py [FILENAME_REFERENCE; MEDIUM; line 65],0,NO_VERIFIED_REFERENCE,9,0,MEDIUM_REFERENCE_RISK,HIGH,YES,Confirmed HIGH/MEDIUM references recorded in AUD-004 reference matrix.
INV-0172,src/cko.egg-info/SOURCES.txt,IGNORE_GENERATED,YES,CKO_CORE_BASELINE_CONSOLIDATION_REPORT.md [PATH_REFERENCE; HIGH; line 336] | CKO_CORE_BASELINE_EXECUTION_REPORT.md [PATH_REFERENCE; HIGH; line 639] | docs/audits/documentation/AUD-001_WORKING_TREE_CONSOLIDATION_AUDIT.md [PATH_REFERENCE; HIGH; line 91],YES,DOCUMENTARY_DEPENDENCY,3,CKO_CORE_BASELINE_CONSOLIDATION_REPORT.md [PATH_REFERENCE; HIGH; line 336] | CKO_CORE_BASELINE_EXECUTION_REPORT.md [PATH_REFERENCE; HIGH; line 639] | docs/audits/documentation/AUD-001_WORKING_TREE_CONSOLIDATION_AUDIT.md [PATH_REFERENCE; HIGH; line 91],5,pyproject.toml [PATH_REFERENCE; HIGH; line 2] | README.md [PATH_REFERENCE; HIGH; line 1] | src/cko.egg-info/dependency_links.txt [PATH_REFERENCE; HIGH; line 6] | src/cko.egg-info/PKG-INFO [PATH_REFERENCE; HIGH; line 4] | src/cko.egg-info/top_level.txt [PATH_REFERENCE; HIGH; line 7],8,0,MEDIUM_REFERENCE_RISK,HIGH,YES,Confirmed HIGH/MEDIUM references recorded in AUD-004 reference matrix.
INV-0173,src/cko.egg-info/top_level.txt,IGNORE_GENERATED,YES,CKO_CORE_BASELINE_CONSOLIDATION_REPORT.md [PATH_REFERENCE; HIGH; line 338] | CKO_CORE_BASELINE_EXECUTION_REPORT.md [PATH_REFERENCE; HIGH; line 641] | docs/audits/documentation/AUD-001_WORKING_TREE_CONSOLIDATION_AUDIT.md [PATH_REFERENCE; HIGH; line 93] | src/cko.egg-info/SOURCES.txt [PATH_REFERENCE; HIGH; line 7],YES,DOCUMENTARY_DEPENDENCY,4,CKO_CORE_BASELINE_CONSOLIDATION_REPORT.md [PATH_REFERENCE; HIGH; line 338] | CKO_CORE_BASELINE_EXECUTION_REPORT.md [PATH_REFERENCE; HIGH; line 641] | docs/audits/documentation/AUD-001_WORKING_TREE_CONSOLIDATION_AUDIT.md [PATH_REFERENCE; HIGH; line 93] | src/cko.egg-info/SOURCES.txt [PATH_REFERENCE; HIGH; line 7],0,NO_VERIFIED_REFERENCE,4,0,MEDIUM_REFERENCE_RISK,HIGH,YES,Confirmed HIGH/MEDIUM references recorded in AUD-004 reference matrix.
INV-0174,src/main.py.txt,HOLD,YES,CKO_CORE_BASELINE_CONSOLIDATION_REPORT.md [PATH_REFERENCE; HIGH; line 106] | CKO_CORE_BASELINE_CONSOLIDATION_REPORT.md [PATH_REFERENCE; HIGH; line 111] | CKO_CORE_BASELINE_CONSOLIDATION_REPORT.md [PATH_REFERENCE; HIGH; line 170] | CKO_CORE_BASELINE_CONSOLIDATION_REPORT.md [PATH_REFERENCE; HIGH; line 609] | CKO_CORE_BASELINE_EXECUTION_REPORT.md [PATH_REFERENCE; HIGH; line 21] | CKO_CORE_BASELINE_EXECUTION_REPORT.md [PATH_REFERENCE; HIGH; line 642] | CKO_CORE_BASELINE_EXECUTION_REPORT.md [PATH_REFERENCE; HIGH; line 666] | docs/audits/documentation/AUD-001_WORKING_TREE_CONSOLIDATION_AUDIT.md [PATH_REFERENCE; HIGH; line 158] | docs/audits/documentation/AUD-001_WORKING_TREE_CONSOLIDATION_AUDIT.md [PATH_REFERENCE; HIGH; line 94] | docs/governance/GOV-008_CYCLE_II_INSTITUTIONAL_RECONCILIATION.md [PATH_REFERENCE; HIGH; line 252],YES,DOCUMENTARY_DEPENDENCY,10,CKO_CORE_BASELINE_CONSOLIDATION_REPORT.md [PATH_REFERENCE; HIGH; line 106] | CKO_CORE_BASELINE_CONSOLIDATION_REPORT.md [PATH_REFERENCE; HIGH; line 111] | CKO_CORE_BASELINE_CONSOLIDATION_REPORT.md [PATH_REFERENCE; HIGH; line 170] | CKO_CORE_BASELINE_CONSOLIDATION_REPORT.md [PATH_REFERENCE; HIGH; line 609] | CKO_CORE_BASELINE_EXECUTION_REPORT.md [PATH_REFERENCE; HIGH; line 21] | CKO_CORE_BASELINE_EXECUTION_REPORT.md [PATH_REFERENCE; HIGH; line 642] | CKO_CORE_BASELINE_EXECUTION_REPORT.md [PATH_REFERENCE; HIGH; line 666] | docs/audits/documentation/AUD-001_WORKING_TREE_CONSOLIDATION_AUDIT.md [PATH_REFERENCE; HIGH; line 158] | docs/audits/documentation/AUD-001_WORKING_TREE_CONSOLIDATION_AUDIT.md [PATH_REFERENCE; HIGH; line 94] | docs/governance/GOV-008_CYCLE_II_INSTITUTIONAL_RECONCILIATION.md [PATH_REFERENCE; HIGH; line 252],0,NO_VERIFIED_REFERENCE,10,0,MEDIUM_REFERENCE_RISK,HIGH,YES,"Confirmed HIGH/MEDIUM references recorded in AUD-004 reference matrix. HOLD preserved; retention, authority, and disposition remain for human review."
